1 1 4 974 521 974 974 974 0
2 1 7 974 523 974 974 974 0
3 1 9 974 526 974 974 974 0
4 1 11 974 527 974 974 974 0
5 1 14 974 528 974 974 974 0
6 1 16 974 529 974 974 974 0
7 1 17 974 530 974 974 974 0
8 1 20 974 532 974 974 974 0
9 1 23 974 537 974 974 974 0
10 1 26 974 824 974 974 974 0
11 1 28 974 832 974 974 974 0
12 1 31 974 544 974 974 974 0
13 1 34 974 545 974 974 974 0
14 1 37 974 546 974 974 974 0
15 1 39 974 584 974 974 974 0
16 1 41 974 542 974 974 974 0
17 1 43 974 760 974 974 974 0
18 1 46 974 547 974 974 974 0
19 1 48 974 549 974 974 974 0
20 1 49 974 552 974 974 974 0
21 1 50 974 558 974 974 974 0
22 1 51 974 562 974 974 974 0
23 1 52 974 570 974 974 974 0
24 1 53 974 572 974 974 974 0
25 1 54 974 575 974 974 974 0
26 1 55 974 579 974 974 974 0
27 1 61 974 585 974 974 974 0
28 1 62 974 589 974 974 974 0
29 1 63 974 591 974 974 974 0
30 1 65 974 593 974 974 974 0
31 1 67 974 596 974 974 974 0
32 1 70 974 540 974 974 974 0
33 1 72 974 543 974 974 974 0
34 1 75 974 600 974 974 974 0
35 1 78 974 601 974 974 974 0
36 1 81 974 602 974 974 974 0
37 1 84 974 603 974 974 974 0
38 1 86 974 604 974 974 974 0
39 1 89 974 605 974 974 974 0
40 1 91 974 608 974 974 974 0
41 1 93 974 612 974 974 974 0
42 1 96 974 617 974 974 974 0
43 1 100 974 618 974 974 974 0
44 1 108 974 619 974 974 974 0
45 1 114 974 844 974 974 974 0
46 1 118 974 620 974 974 974 0
47 1 121 974 621 974 974 974 0
48 1 123 974 622 974 974 974 0
49 1 125 974 623 974 974 974 0
50 1 128 974 624 974 974 974 0
51 1 131 974 626 974 974 974 0
52 1 133 974 629 974 974 974 0
53 1 138 974 630 974 974 974 0
54 1 140 974 631 974 974 974 0
55 1 142 974 632 974 974 974 0
56 1 145 974 633 974 974 974 0
57 1 148 974 635 974 974 974 0
58 1 150 974 636 974 974 974 0
59 1 153 974 637 974 974 974 0
60 1 157 974 638 974 974 974 0
61 1 159 974 639 974 974 974 0
62 1 160 974 640 974 974 974 0
63 1 163 974 641 974 974 974 0
64 1 166 974 642 974 974 974 0
65 1 168 974 643 974 974 974 0
66 1 170 974 644 974 974 974 0
67 1 173 974 645 974 974 974 0
68 1 175 974 646 974 974 974 0
69 1 177 974 647 974 974 974 0
70 1 180 974 648 974 974 974 0
71 1 183 974 649 974 974 974 0
72 1 186 974 650 974 974 974 0
73 1 188 974 651 974 974 974 0
74 1 191 974 652 974 974 974 0
75 1 193 974 653 974 974 974 0
76 1 194 974 654 974 974 974 0
77 1 197 974 655 974 974 974 0
78 1 200 974 656 974 974 974 0
79 1 202 974 657 974 974 974 0
80 1 204 974 658 974 974 974 0
81 1 208 974 659 974 974 974 0
82 1 210 974 660 974 974 974 0
83 1 213 974 661 974 974 974 0
84 1 216 974 662 974 974 974 0
85 1 219 974 663 974 974 974 0
86 1 222 974 664 974 974 974 0
87 1 226 974 665 974 974 974 0
88 1 228 974 666 974 974 974 0
89 1 229 974 667 974 974 974 0
90 1 230 974 669 974 974 974 0
91 1 231 974 670 974 974 974 0
92 1 232 974 958 974 974 974 0
93 1 234 974 671 974 974 974 0
94 1 235 974 673 974 974 974 0
95 1 236 974 679 974 974 974 0
96 1 237 974 680 974 974 974 0
97 1 238 974 681 974 974 974 0
98 1 240 974 682 974 974 974 0
99 1 241 974 688 974 974 974 0
100 1 243 974 697 974 974 974 0
101 1 244 974 698 974 974 974 0
102 1 245 974 699 974 974 974 0
103 1 246 974 700 974 974 974 0
104 1 247 974 701 974 974 974 0
105 1 248 974 702 974 974 974 0
106 1 249 974 703 974 974 974 0
107 1 250 974 704 974 974 974 0
108 1 251 974 705 974 974 974 0
109 1 253 974 706 974 974 974 0
110 1 257 974 709 974 974 974 0
111 1 258 974 710 974 974 974 0
112 1 262 974 711 974 974 974 0
113 1 263 974 712 974 974 974 0
114 1 268 974 713 974 974 974 0
115 1 273 974 714 974 974 974 0
116 1 275 974 758 974 974 974 0
117 1 277 974 541 974 974 974 0
118 1 284 974 715 974 974 974 0
119 1 285 974 718 974 974 974 0
120 1 287 974 721 974 974 974 0
121 1 291 974 724 974 974 974 0
122 1 295 974 727 974 974 974 0
123 1 297 974 728 974 974 974 0
124 1 315 974 730 974 974 974 0
125 1 317 974 732 974 974 974 0
126 1 323 974 734 974 974 974 0
127 1 327 974 736 974 974 974 0
128 1 330 974 737 974 974 974 0
129 1 332 974 738 974 974 974 0
130 1 335 974 739 974 974 974 0
131 1 337 974 740 974 974 974 0
132 1 339 974 741 974 974 974 0
133 1 340 974 743 974 974 974 0
134 1 342 974 745 974 974 974 0
135 1 344 974 747 974 974 974 0
136 1 346 974 748 974 974 974 0
137 1 349 974 750 974 974 974 0
138 1 351 974 752 974 974 974 0
139 1 352 974 754 974 974 974 0
140 1 354 974 756 974 974 974 0
141 1 363 974 776 974 974 974 0
142 1 364 974 778 974 974 974 0
143 1 365 974 761 974 974 974 0
144 1 366 974 762 974 974 974 0
145 1 367 974 763 974 974 974 0
146 1 368 974 764 974 974 974 0
147 1 371 974 765 974 974 974 0
148 1 372 974 771 974 974 974 0
149 1 375 974 782 974 974 974 0
150 1 377 974 783 974 974 974 0
151 1 379 974 784 974 974 974 0
152 1 381 974 785 974 974 974 0
153 1 382 974 786 974 974 974 0
154 1 384 974 787 974 974 974 0
155 1 386 974 788 974 974 974 0
156 1 388 974 789 974 974 974 0
157 1 390 974 790 974 974 974 0
158 1 391 974 791 974 974 974 0
159 1 396 974 792 974 974 974 0
160 1 398 974 793 974 974 974 0
161 1 400 974 794 974 974 974 0
162 1 404 974 795 974 974 974 0
163 1 405 974 796 974 974 974 0
164 1 407 974 797 974 974 974 0
165 1 408 974 798 974 974 974 0
166 1 409 974 949 974 974 974 0
167 1 411 974 951 974 974 974 0
168 1 413 974 950 974 974 974 0
169 1 415 974 953 974 974 974 0
170 1 417 974 959 974 974 974 0
171 1 418 974 960 974 974 974 0
172 1 420 974 961 974 974 974 0
173 1 423 974 957 974 974 974 0
174 1 431 974 968 974 974 974 0
175 1 433 974 966 974 974 974 0
176 1 436 974 825 974 974 974 0
177 1 441 974 970 974 974 974 0
178 1 459 974 956 974 974 974 0
179 1 463 974 799 974 974 974 0
180 1 468 974 800 974 974 974 0
181 1 471 974 801 974 974 974 0
182 1 472 974 802 974 974 974 0
183 1 474 974 803 974 974 974 0
184 1 476 974 804 974 974 974 0
185 1 477 974 805 974 974 974 0
186 1 490 974 806 974 974 974 0
187 1 491 974 807 974 974 974 0
188 1 492 974 812 974 974 974 0
189 1 494 974 808 974 974 974 0
190 1 495 974 810 974 974 974 0
191 1 496 974 813 974 974 974 0
192 1 497 974 816 974 974 974 0
193 1 502 974 819 974 974 974 0
194 1 504 974 820 974 974 974 0
195 1 505 974 821 974 974 974 0
196 1 506 974 833 974 974 974 0
197 1 508 974 835 974 974 974 0
198 1 510 974 838 974 974 974 0
199 1 512 974 839 974 974 974 0
200 1 515 974 822 974 974 974 0
201 1 517 974 823 974 974 974 0
202 1 521 974 4 974 974 974 1
203 1 523 974 7 974 974 974 1
204 1 526 974 9 974 974 974 1
205 1 527 974 11 974 974 974 1
206 1 528 974 14 974 974 974 1
207 1 529 974 16 974 974 974 1
208 1 530 974 17 974 974 974 1
209 1 532 974 20 974 974 974 1
210 1 537 974 23 974 974 974 1
211 1 540 974 70 974 974 974 1
212 1 541 974 277 974 974 974 1
213 1 542 974 41 974 974 974 1
214 1 543 974 72 974 974 974 1
215 1 544 974 31 974 974 974 1
216 1 545 974 34 974 974 974 1
217 1 546 974 37 974 974 974 1
218 1 547 974 46 974 974 974 1
219 1 549 974 48 974 974 974 1
220 1 552 974 49 974 974 974 1
221 1 558 974 50 974 974 974 1
222 1 562 974 51 974 974 974 1
223 1 570 974 52 974 974 974 1
224 1 572 974 53 974 974 974 1
225 1 575 974 54 974 974 974 1
226 1 579 974 55 974 974 974 1
227 1 584 974 39 974 974 974 1
228 1 585 974 61 974 974 974 1
229 1 589 974 62 974 974 974 1
230 1 591 974 63 974 974 974 1
231 1 593 974 65 974 974 974 1
232 1 596 974 67 974 974 974 1
233 1 600 974 75 974 974 974 1
234 1 601 974 78 974 974 974 1
235 1 602 974 81 974 974 974 1
236 1 603 974 84 974 974 974 1
237 1 604 974 86 974 974 974 1
238 1 605 974 89 974 974 974 1
239 1 608 974 91 974 974 974 1
240 1 612 974 93 974 974 974 1
241 1 617 974 96 974 974 974 1
242 1 618 974 100 974 974 974 1
243 1 619 974 108 974 974 974 1
244 1 620 974 118 974 974 974 1
245 1 621 974 121 974 974 974 1
246 1 622 974 123 974 974 974 1
247 1 623 974 125 974 974 974 1
248 1 624 974 128 974 974 974 1
249 1 626 974 131 974 974 974 1
250 1 629 974 133 974 974 974 1
251 1 630 974 138 974 974 974 1
252 1 631 974 140 974 974 974 1
253 1 632 974 142 974 974 974 1
254 1 633 974 145 974 974 974 1
255 1 635 974 148 974 974 974 1
256 1 636 974 150 974 974 974 1
257 1 637 974 153 974 974 974 1
258 1 638 974 157 974 974 974 1
259 1 639 974 159 974 974 974 1
260 1 640 974 160 974 974 974 1
261 1 641 974 163 974 974 974 1
262 1 642 974 166 974 974 974 1
263 1 643 974 168 974 974 974 1
264 1 644 974 170 974 974 974 1
265 1 645 974 173 974 974 974 1
266 1 646 974 175 974 974 974 1
267 1 647 974 177 974 974 974 1
268 1 648 974 180 974 974 974 1
269 1 649 974 183 974 974 974 1
270 1 650 974 186 974 974 974 1
271 1 651 974 188 974 974 974 1
272 1 652 974 191 974 974 974 1
273 1 653 974 193 974 974 974 1
274 1 654 974 194 974 974 974 1
275 1 655 974 197 974 974 974 1
276 1 656 974 200 974 974 974 1
277 1 657 974 202 974 974 974 1
278 1 658 974 204 974 974 974 1
279 1 659 974 208 974 974 974 1
280 1 660 974 210 974 974 974 1
281 1 661 974 213 974 974 974 1
282 1 662 974 216 974 974 974 1
283 1 663 974 219 974 974 974 1
284 1 664 974 222 974 974 974 1
285 1 665 974 226 974 974 974 1
286 1 666 974 228 974 974 974 1
287 1 667 974 229 974 974 974 1
288 1 669 974 230 974 974 974 1
289 1 670 974 231 974 974 974 1
290 1 671 974 234 974 974 974 1
291 1 673 974 235 974 974 974 1
292 1 679 974 236 974 974 974 1
293 1 680 974 237 974 974 974 1
294 1 681 974 238 974 974 974 1
295 1 682 974 240 974 974 974 1
296 1 688 974 241 974 974 974 1
297 1 697 974 243 974 974 974 1
298 1 698 974 244 974 974 974 1
299 1 699 974 245 974 974 974 1
300 1 700 974 246 974 974 974 1
301 1 701 974 247 974 974 974 1
302 1 702 974 248 974 974 974 1
303 1 703 974 249 974 974 974 1
304 1 704 974 250 974 974 974 1
305 1 705 974 251 974 974 974 1
306 1 706 974 253 974 974 974 1
307 1 709 974 257 974 974 974 1
308 1 710 974 258 974 974 974 1
309 1 711 974 262 974 974 974 1
310 1 712 974 263 974 974 974 1
311 1 713 974 268 974 974 974 1
312 1 714 974 273 974 974 974 1
313 1 715 974 284 974 974 974 1
314 1 718 974 285 974 974 974 1
315 1 721 974 287 974 974 974 1
316 1 724 974 291 974 974 974 1
317 1 727 974 295 974 974 974 1
318 1 728 974 297 974 974 974 1
319 1 730 974 315 974 974 974 1
320 1 732 974 317 974 974 974 1
321 1 734 974 323 974 974 974 1
322 1 736 974 327 974 974 974 1
323 1 737 974 330 974 974 974 1
324 1 738 974 332 974 974 974 1
325 1 739 974 335 974 974 974 1
326 1 740 974 337 974 974 974 1
327 1 741 974 339 974 974 974 1
328 1 743 974 340 974 974 974 1
329 1 745 974 342 974 974 974 1
330 1 747 974 344 974 974 974 1
331 1 748 974 346 974 974 974 1
332 1 750 974 349 974 974 974 1
333 1 752 974 351 974 974 974 1
334 1 754 974 352 974 974 974 1
335 1 756 974 354 974 974 974 1
336 1 758 974 275 974 974 974 1
337 1 760 974 43 974 974 974 1
338 1 761 974 365 974 974 974 1
339 1 762 974 366 974 974 974 1
340 1 763 974 367 974 974 974 1
341 1 764 974 368 974 974 974 1
342 1 765 974 371 974 974 974 1
343 1 771 974 372 974 974 974 1
344 1 776 974 363 974 974 974 1
345 1 778 974 364 974 974 974 1
346 1 782 974 375 974 974 974 1
347 1 783 974 377 974 974 974 1
348 1 784 974 379 974 974 974 1
349 1 785 974 381 974 974 974 1
350 1 786 974 382 974 974 974 1
351 1 787 974 384 974 974 974 1
352 1 788 974 386 974 974 974 1
353 1 789 974 388 974 974 974 1
354 1 790 974 390 974 974 974 1
355 1 791 974 391 974 974 974 1
356 1 792 974 396 974 974 974 1
357 1 793 974 398 974 974 974 1
358 1 794 974 400 974 974 974 1
359 1 795 974 404 974 974 974 1
360 1 796 974 405 974 974 974 1
361 1 797 974 407 974 974 974 1
362 1 798 974 408 974 974 974 1
363 1 799 974 463 974 974 974 1
364 1 800 974 468 974 974 974 1
365 1 801 974 471 974 974 974 1
366 1 802 974 472 974 974 974 1
367 1 803 974 474 974 974 974 1
368 1 804 974 476 974 974 974 1
369 1 805 974 477 974 974 974 1
370 1 806 974 490 974 974 974 1
371 1 807 974 491 974 974 974 1
372 1 808 974 494 974 974 974 1
373 1 810 974 495 974 974 974 1
374 1 812 974 492 974 974 974 1
375 1 813 974 496 974 974 974 1
376 1 816 974 497 974 974 974 1
377 1 819 974 502 974 974 974 1
378 1 820 974 504 974 974 974 1
379 1 821 974 505 974 974 974 1
380 1 822 974 515 974 974 974 1
381 1 823 974 517 974 974 974 1
382 1 824 974 26 974 974 974 1
383 1 825 974 436 974 974 974 1
384 1 832 974 28 974 974 974 1
385 1 833 974 506 974 974 974 1
386 1 835 974 508 974 974 974 1
387 1 838 974 510 974 974 974 1
388 1 839 974 512 974 974 974 1
389 1 844 974 114 974 974 974 1
390 1 949 974 409 974 974 974 1
391 1 950 974 413 974 974 974 1
392 1 951 974 411 974 974 974 1
393 1 953 974 415 974 974 974 1
394 1 956 974 459 974 974 974 1
395 1 957 974 423 974 974 974 1
396 1 958 974 232 974 974 974 1
397 1 959 974 417 974 974 974 1
398 1 960 974 418 974 974 974 1
399 1 961 974 420 974 974 974 1
400 1 966 974 433 974 974 974 1
401 1 968 974 431 974 974 974 1
402 1 970 974 441 974 974 974 1
403 1 572 542 521 743 974 974 5
404 1 542 573 522 743 974 974 5
405 1 542 573 521 744 974 974 5
406 1 542 574 522 744 974 974 5
407 1 530 682 532 721 974 974 5
408 1 531 682 533 721 974 974 5
409 1 530 683 533 721 974 974 5
410 1 530 683 532 722 974 974 5
411 1 531 683 532 723 974 974 5
412 1 531 683 533 722 974 974 5
413 1 531 683 534 721 974 974 5
414 1 530 685 533 721 974 974 5
415 1 530 685 532 722 974 974 5
416 1 531 685 534 721 974 974 5
417 1 531 685 533 722 974 974 5
418 1 531 685 532 723 974 974 5
419 1 530 686 532 723 974 974 5
420 1 530 686 533 722 974 974 5
421 1 530 686 534 721 974 974 5
422 1 531 686 533 723 974 974 5
423 1 531 686 534 722 974 974 5
424 1 530 684 532 723 974 974 5
425 1 530 684 533 722 974 974 5
426 1 530 684 534 721 974 974 5
427 1 531 684 533 723 974 974 5
428 1 531 684 534 722 974 974 5
429 1 530 687 532 723 974 974 5
430 1 530 687 533 722 974 974 5
431 1 530 687 534 721 974 974 5
432 1 531 687 534 723 974 974 5
433 1 530 562 532 552 974 974 5
434 1 531 562 533 552 974 974 5
435 1 530 566 533 552 974 974 5
436 1 530 566 532 555 974 974 5
437 1 531 566 534 552 974 974 5
438 1 531 566 533 555 974 974 5
439 1 530 563 532 554 974 974 5
440 1 531 563 533 554 974 974 5
441 1 530 564 533 555 974 974 5
442 1 530 564 534 557 974 974 5
443 1 531 564 534 555 974 974 5
444 1 531 564 533 557 974 974 5
445 1 530 567 533 554 974 974 5
446 1 530 567 532 556 974 974 5
447 1 531 567 533 556 974 974 5
448 1 531 567 534 554 974 974 5
449 1 530 565 533 556 974 974 5
450 1 531 565 534 556 974 974 5
451 1 530 565 532 553 974 974 5
452 1 531 565 533 553 974 974 5
453 1 530 569 533 557 974 974 5
454 1 531 569 534 557 974 974 5
455 1 530 568 533 553 974 974 5
456 1 531 568 534 553 974 974 5
457 1 530 562 532 558 974 974 5
458 1 531 562 533 558 974 974 5
459 1 530 563 533 558 974 974 5
460 1 531 563 534 558 974 974 5
461 1 530 566 532 560 974 974 5
462 1 531 566 533 560 974 974 5
463 1 531 565 533 559 974 974 5
464 1 531 564 533 559 974 974 5
465 1 530 564 532 559 974 974 5
466 1 530 569 532 561 974 974 5
467 1 531 569 533 561 974 974 5
468 1 530 568 533 561 974 974 5
469 1 531 568 534 561 974 974 5
470 1 530 705 532 914 974 974 5
471 1 531 705 533 914 974 974 5
472 1 530 857 533 914 974 974 5
473 1 530 857 532 946 974 974 5
474 1 531 857 533 946 974 974 5
475 1 531 857 534 914 974 974 5
476 1 530 856 533 914 974 974 5
477 1 530 856 532 946 974 974 5
478 1 531 856 533 946 974 974 5
479 1 531 856 534 914 974 974 5
480 1 530 861 533 946 974 974 5
481 1 530 861 534 914 974 974 5
482 1 531 861 534 946 974 974 5
483 1 530 860 533 946 974 974 5
484 1 530 860 534 914 974 974 5
485 1 531 860 534 946 974 974 5
486 1 521 774 530 758 974 974 5
487 1 522 774 531 758 974 974 5
488 1 522 774 530 759 974 974 5
489 1 521 775 531 758 974 974 5
490 1 521 775 530 759 974 974 5
491 1 522 775 531 759 974 974 5
492 1 521 547 523 546 974 974 5
493 1 521 548 525 546 974 974 5
494 1 522 547 525 546 974 974 5
495 1 522 548 524 546 974 974 5
496 1 522 530 521 531 974 974 5
497 1 530 546 589 974 974 974 5
498 1 530 546 62 974 974 974 5
499 1 531 546 590 974 974 974 5
500 1 521 589 532 546 974 974 5
501 1 522 589 533 546 974 974 5
502 1 521 590 533 546 974 974 5
503 1 522 590 534 546 974 974 5
504 1 521 589 585 974 974 974 5
505 1 521 589 61 974 974 974 5
506 1 522 589 586 974 974 974 5
507 1 522 589 587 974 974 974 5
508 1 521 590 586 974 974 974 5
509 1 521 590 587 974 974 974 5
510 1 522 590 588 974 974 974 5
511 1 521 589 523 584 974 974 5
512 1 522 589 525 584 974 974 5
513 1 521 590 525 584 974 974 5
514 1 522 590 524 584 974 974 5
515 1 542 589 530 785 974 974 5
516 1 542 590 531 785 974 974 5
517 1 542 589 591 584 974 974 5
518 1 542 590 592 584 974 974 5
519 1 527 589 530 584 974 974 5
520 1 527 590 531 584 974 974 5
521 1 521 585 523 589 974 974 5
522 1 522 585 525 589 974 974 5
523 1 522 585 523 590 974 974 5
524 1 521 586 525 589 974 974 5
525 1 521 586 523 590 974 974 5
526 1 521 587 523 590 974 974 5
527 1 521 587 525 589 974 974 5
528 1 522 587 525 590 974 974 5
529 1 522 587 524 589 974 974 5
530 1 522 586 525 590 974 974 5
531 1 522 586 524 589 974 974 5
532 1 521 588 525 590 974 974 5
533 1 521 588 524 589 974 974 5
534 1 522 588 524 590 974 974 5
535 1 544 544 545 974 974 974 5
536 1 544 544 34 974 974 974 5
537 1 544 545 619 974 974 974 5
538 1 544 545 108 974 974 974 5
539 1 544 667 808 974 974 974 5
540 1 544 667 494 974 974 974 5
541 1 544 667 810 974 974 974 5
542 1 544 667 495 974 974 974 5
543 1 544 668 809 974 974 974 5
544 1 544 668 811 974 974 974 5
545 1 544 608 840 974 974 974 5
546 1 544 611 843 974 974 974 5
547 1 544 609 841 974 974 974 5
548 1 544 610 842 974 974 974 5
549 1 544 669 620 974 974 974 5
550 1 544 669 118 974 974 974 5
551 1 544 670 621 974 974 974 5
552 1 544 670 121 974 974 974 5
553 1 544 671 622 974 974 974 5
554 1 544 671 123 974 974 974 5
555 1 544 570 667 974 974 974 5
556 1 544 570 229 974 974 974 5
557 1 544 571 668 974 974 974 5
558 1 544 572 605 974 974 974 5
559 1 544 572 89 974 974 974 5
560 1 544 573 606 974 974 974 5
561 1 544 574 607 974 974 974 5
562 1 544 575 608 974 974 974 5
563 1 544 575 91 974 974 974 5
564 1 544 578 611 974 974 974 5
565 1 544 576 609 974 974 974 5
566 1 544 577 610 974 974 974 5
567 1 544 713 669 974 974 974 5
568 1 544 713 230 974 974 974 5
569 1 544 758 521 714 974 974 5
570 1 544 759 522 714 974 974 5
571 1 544 542 713 974 974 974 5
572 1 544 542 268 974 974 974 5
573 1 544 591 750 974 974 974 5
574 1 544 591 349 974 974 974 5
575 1 544 592 751 974 974 974 5
576 1 544 593 521 750 974 974 5
577 1 544 594 522 750 974 974 5
578 1 544 594 521 751 974 974 5
579 1 544 595 522 751 974 974 5
580 1 544 782 527 713 974 974 5
581 1 544 782 785 974 974 974 5
582 1 544 782 381 974 974 974 5
583 1 544 784 713 543 974 974 5
584 1 544 527 546 974 974 974 5
585 1 544 527 37 974 974 974 5
586 1 544 528 527 546 974 974 5
587 1 544 785 713 546 974 974 5
588 1 544 530 521 546 974 974 5
589 1 544 531 522 546 974 974 5
590 1 544 543 714 974 974 974 5
591 1 544 543 273 974 974 974 5
592 1 544 788 546 543 974 974 5
593 1 570 545 808 974 974 974 5
594 1 570 545 494 974 974 974 5
595 1 570 545 810 974 974 974 5
596 1 570 545 495 974 974 974 5
597 1 571 545 809 974 974 974 5
598 1 571 545 811 974 974 974 5
599 1 570 667 813 974 974 974 5
600 1 570 667 496 974 974 974 5
601 1 570 667 816 974 974 974 5
602 1 570 667 497 974 974 974 5
603 1 570 668 814 974 974 974 5
604 1 570 668 817 974 974 974 5
605 1 571 667 814 974 974 974 5
606 1 571 667 817 974 974 974 5
607 1 571 668 815 974 974 974 5
608 1 571 668 818 974 974 974 5
609 1 570 608 844 974 974 974 5
610 1 570 608 114 974 974 974 5
611 1 570 609 845 974 974 974 5
612 1 570 610 846 974 974 974 5
613 1 571 608 845 974 974 974 5
614 1 571 609 846 974 974 974 5
615 1 570 570 605 974 974 974 5
616 1 570 570 89 974 974 974 5
617 1 570 571 606 974 974 974 5
618 1 571 571 607 974 974 974 5
619 1 570 572 608 974 974 974 5
620 1 570 572 91 974 974 974 5
621 1 570 573 609 974 974 974 5
622 1 570 574 610 974 974 974 5
623 1 571 572 609 974 974 974 5
624 1 571 573 610 974 974 974 5
625 1 571 574 611 974 974 974 5
626 1 570 575 612 974 974 974 5
627 1 570 575 93 974 974 974 5
628 1 570 578 615 974 974 974 5
629 1 570 576 613 974 974 974 5
630 1 570 577 614 974 974 974 5
631 1 571 575 613 974 974 974 5
632 1 571 576 614 974 974 974 5
633 1 571 577 615 974 974 974 5
634 1 570 713 847 974 974 974 5
635 1 571 713 848 974 974 974 5
636 1 570 756 572 782 974 974 5
637 1 570 757 573 782 974 974 5
638 1 571 756 573 782 974 974 5
639 1 571 757 574 782 974 974 5
640 1 570 591 521 743 974 974 5
641 1 570 592 522 743 974 974 5
642 1 570 592 521 744 974 974 5
643 1 571 591 522 743 974 974 5
644 1 571 591 521 744 974 974 5
645 1 571 592 522 744 974 974 5
646 1 570 591 521 750 974 974 5
647 1 570 592 522 750 974 974 5
648 1 570 592 521 751 974 974 5
649 1 571 591 522 750 974 974 5
650 1 571 591 521 751 974 974 5
651 1 571 592 522 751 974 974 5
652 1 570 593 682 974 974 974 5
653 1 570 593 240 974 974 974 5
654 1 570 594 683 974 974 974 5
655 1 570 594 685 974 974 974 5
656 1 570 595 686 974 974 974 5
657 1 570 595 684 974 974 974 5
658 1 571 593 683 974 974 974 5
659 1 571 593 685 974 974 974 5
660 1 571 594 686 974 974 974 5
661 1 571 594 684 974 974 974 5
662 1 571 595 687 974 974 974 5
663 1 570 782 527 743 974 974 5
664 1 571 782 527 744 974 974 5
665 1 570 528 527 547 974 974 5
666 1 571 528 527 548 974 974 5
667 1 572 572 612 974 974 974 5
668 1 572 572 93 974 974 974 5
669 1 572 573 613 974 974 974 5
670 1 572 574 614 974 974 974 5
671 1 573 573 614 974 974 974 5
672 1 573 574 615 974 974 974 5
673 1 572 575 617 974 974 974 5
674 1 572 575 96 974 974 974 5
675 1 572 578 863 974 974 974 5
676 1 572 576 862 974 974 974 5
677 1 572 577 864 974 974 974 5
678 1 573 575 862 974 974 974 5
679 1 573 576 864 974 974 974 5
680 1 573 577 863 974 974 974 5
681 1 575 574 864 974 974 974 5
682 1 574 576 863 974 974 974 5
683 1 572 756 575 782 974 974 5
684 1 572 757 576 782 974 974 5
685 1 573 756 576 782 974 974 5
686 1 573 757 577 782 974 974 5
687 1 574 756 577 782 974 974 5
688 1 574 757 578 782 974 974 5
689 1 572 593 688 974 974 974 5
690 1 572 593 241 974 974 974 5
691 1 572 594 690 974 974 974 5
692 1 572 594 689 974 974 974 5
693 1 572 595 694 974 974 974 5
694 1 572 595 693 974 974 974 5
695 1 572 595 691 974 974 974 5
696 1 573 593 690 974 974 974 5
697 1 573 593 689 974 974 974 5
698 1 573 594 694 974 974 974 5
699 1 573 594 693 974 974 974 5
700 1 573 594 691 974 974 974 5
701 1 573 595 695 974 974 974 5
702 1 573 595 692 974 974 974 5
703 1 574 593 694 974 974 974 5
704 1 574 593 693 974 974 974 5
705 1 574 593 691 974 974 974 5
706 1 574 594 695 974 974 974 5
707 1 574 594 692 974 974 974 5
708 1 572 528 527 549 974 974 5
709 1 573 528 527 550 974 974 5
710 1 574 528 527 551 974 974 5
711 1 575 552 850 974 974 974 5
712 1 575 558 712 974 974 974 5
713 1 575 558 263 974 974 974 5
714 1 575 560 915 974 974 974 5
715 1 575 559 916 974 974 974 5
716 1 575 559 917 974 974 974 5
717 1 575 561 918 974 974 974 5
718 1 575 561 919 974 974 974 5
719 1 578 558 918 974 974 974 5
720 1 578 558 919 974 974 974 5
721 1 576 558 915 974 974 974 5
722 1 576 560 916 974 974 974 5
723 1 576 560 917 974 974 974 5
724 1 576 559 918 974 974 974 5
725 1 576 559 919 974 974 974 5
726 1 577 558 916 974 974 974 5
727 1 577 558 917 974 974 974 5
728 1 577 560 918 974 974 974 5
729 1 577 560 919 974 974 974 5
730 1 575 575 618 974 974 974 5
731 1 575 575 100 974 974 974 5
732 1 575 578 851 974 974 974 5
733 1 575 576 852 974 974 974 5
734 1 575 577 853 974 974 974 5
735 1 576 576 853 974 974 974 5
736 1 576 577 851 974 974 974 5
737 1 575 713 706 974 974 974 5
738 1 575 713 253 974 974 974 5
739 1 578 713 672 974 974 974 5
740 1 576 713 707 974 974 974 5
741 1 577 713 708 974 974 974 5
742 1 575 547 705 974 974 974 5
743 1 575 547 251 974 974 974 5
744 1 575 548 856 974 974 974 5
745 1 575 548 857 974 974 974 5
746 1 578 547 858 974 974 974 5
747 1 578 547 859 974 974 974 5
748 1 576 547 856 974 974 974 5
749 1 576 547 857 974 974 974 5
750 1 576 548 860 974 974 974 5
751 1 576 548 861 974 974 974 5
752 1 577 547 860 974 974 974 5
753 1 577 547 861 974 974 974 5
754 1 577 548 858 974 974 974 5
755 1 577 548 859 974 974 974 5
756 1 575 756 579 782 974 974 5
757 1 575 757 580 782 974 974 5
758 1 578 756 582 782 974 974 5
759 1 576 756 580 782 974 974 5
760 1 576 757 581 782 974 974 5
761 1 577 756 581 782 974 974 5
762 1 577 757 582 782 974 974 5
763 1 579 667 575 605 974 974 5
764 1 579 668 576 605 974 974 5
765 1 579 668 575 606 974 974 5
766 1 580 667 576 605 974 974 5
767 1 580 667 575 606 974 974 5
768 1 580 668 577 605 974 974 5
769 1 580 668 576 606 974 974 5
770 1 580 668 575 607 974 974 5
771 1 582 667 578 605 974 974 5
772 1 582 667 577 606 974 974 5
773 1 582 667 576 607 974 974 5
774 1 582 668 578 606 974 974 5
775 1 582 668 577 607 974 974 5
776 1 581 667 577 605 974 974 5
777 1 581 667 576 606 974 974 5
778 1 581 667 575 607 974 974 5
779 1 581 668 578 605 974 974 5
780 1 581 668 577 606 974 974 5
781 1 581 668 576 607 974 974 5
782 1 521 544 570 974 974 974 5
783 1 521 544 52 974 974 974 5
784 1 522 544 571 974 974 974 5
785 1 521 545 667 974 974 974 5
786 1 521 545 229 974 974 974 5
787 1 522 545 668 974 974 974 5
788 1 521 667 605 974 974 974 5
789 1 521 667 89 974 974 974 5
790 1 521 668 606 974 974 974 5
791 1 522 667 606 974 974 974 5
792 1 522 668 607 974 974 974 5
793 1 521 605 608 974 974 974 5
794 1 521 605 91 974 974 974 5
795 1 521 606 609 974 974 974 5
796 1 521 607 610 974 974 974 5
797 1 522 605 609 974 974 974 5
798 1 522 606 610 974 974 974 5
799 1 522 607 611 974 974 974 5
800 1 521 608 612 974 974 974 5
801 1 521 608 93 974 974 974 5
802 1 521 611 615 974 974 974 5
803 1 521 609 613 974 974 974 5
804 1 521 610 614 974 974 974 5
805 1 522 608 613 974 974 974 5
806 1 522 609 614 974 974 974 5
807 1 522 610 615 974 974 974 5
808 1 521 612 617 974 974 974 5
809 1 521 612 96 974 974 974 5
810 1 521 613 862 974 974 974 5
811 1 521 615 863 974 974 974 5
812 1 521 614 864 974 974 974 5
813 1 522 612 862 974 974 974 5
814 1 522 613 864 974 974 974 5
815 1 522 614 863 974 974 974 5
816 1 521 617 618 974 974 974 5
817 1 521 617 100 974 974 974 5
818 1 521 862 852 974 974 974 5
819 1 521 864 853 974 974 974 5
820 1 521 863 851 974 974 974 5
821 1 522 617 852 974 974 974 5
822 1 522 862 853 974 974 974 5
823 1 522 864 851 974 974 974 5
824 1 521 852 525 617 974 974 5
825 1 521 853 525 862 974 974 5
826 1 521 851 525 864 974 974 5
827 1 522 618 525 617 974 974 5
828 1 522 852 525 862 974 974 5
829 1 522 853 525 864 974 974 5
830 1 522 851 525 863 974 974 5
831 1 521 669 847 974 974 974 5
832 1 522 669 848 974 974 974 5
833 1 521 670 730 974 974 974 5
834 1 521 670 315 974 974 974 5
835 1 522 670 731 974 974 974 5
836 1 521 619 808 974 974 974 5
837 1 521 619 494 974 974 974 5
838 1 521 619 810 974 974 974 5
839 1 521 619 495 974 974 974 5
840 1 522 619 809 974 974 974 5
841 1 522 619 811 974 974 974 5
842 1 521 808 813 974 974 974 5
843 1 521 808 496 974 974 974 5
844 1 521 810 816 974 974 974 5
845 1 521 810 497 974 974 974 5
846 1 521 809 814 974 974 974 5
847 1 521 811 817 974 974 974 5
848 1 522 808 814 974 974 974 5
849 1 522 810 817 974 974 974 5
850 1 522 809 815 974 974 974 5
851 1 522 811 818 974 974 974 5
852 1 521 813 840 974 974 974 5
853 1 521 816 840 974 974 974 5
854 1 521 814 841 974 974 974 5
855 1 521 817 841 974 974 974 5
856 1 521 815 842 974 974 974 5
857 1 521 818 842 974 974 974 5
858 1 522 813 841 974 974 974 5
859 1 522 816 841 974 974 974 5
860 1 522 814 842 974 974 974 5
861 1 522 817 842 974 974 974 5
862 1 522 815 843 974 974 974 5
863 1 522 818 843 974 974 974 5
864 1 521 840 844 974 974 974 5
865 1 521 840 114 974 974 974 5
866 1 521 841 845 974 974 974 5
867 1 521 842 846 974 974 974 5
868 1 522 840 845 974 974 974 5
869 1 522 841 846 974 974 974 5
870 1 521 865 866 974 974 974 5
871 1 521 867 868 974 974 974 5
872 1 521 869 870 974 974 974 5
873 1 521 871 872 974 974 974 5
874 1 522 865 870 974 974 974 5
875 1 522 869 872 974 974 974 5
876 1 522 871 868 974 974 974 5
877 1 521 620 732 974 974 974 5
878 1 521 620 317 974 974 974 5
879 1 522 620 733 974 974 974 5
880 1 521 621 873 974 974 974 5
881 1 522 621 874 974 974 974 5
882 1 521 570 572 974 974 974 5
883 1 521 570 53 974 974 974 5
884 1 521 571 573 974 974 974 5
885 1 522 570 573 974 974 974 5
886 1 522 571 574 974 974 974 5
887 1 521 572 575 974 974 974 5
888 1 521 572 54 974 974 974 5
889 1 521 573 576 974 974 974 5
890 1 521 574 577 974 974 974 5
891 1 522 572 576 974 974 974 5
892 1 522 573 577 974 974 974 5
893 1 522 574 578 974 974 974 5
894 1 521 682 688 974 974 974 5
895 1 521 682 241 974 974 974 5
896 1 521 683 690 974 974 974 5
897 1 521 683 689 974 974 974 5
898 1 521 685 690 974 974 974 5
899 1 521 685 689 974 974 974 5
900 1 521 686 694 974 974 974 5
901 1 521 686 693 974 974 974 5
902 1 521 686 691 974 974 974 5
903 1 521 684 694 974 974 974 5
904 1 521 684 693 974 974 974 5
905 1 521 684 691 974 974 974 5
906 1 521 687 695 974 974 974 5
907 1 521 687 692 974 974 974 5
908 1 522 682 690 974 974 974 5
909 1 522 682 689 974 974 974 5
910 1 522 683 694 974 974 974 5
911 1 522 683 693 974 974 974 5
912 1 522 683 691 974 974 974 5
913 1 522 685 694 974 974 974 5
914 1 522 685 693 974 974 974 5
915 1 522 685 691 974 974 974 5
916 1 522 686 695 974 974 974 5
917 1 522 686 692 974 974 974 5
918 1 522 684 695 974 974 974 5
919 1 522 684 692 974 974 974 5
920 1 521 682 877 974 974 974 5
921 1 521 688 876 974 974 974 5
922 1 521 575 579 974 974 974 5
923 1 521 575 55 974 974 974 5
924 1 521 578 582 974 974 974 5
925 1 521 576 580 974 974 974 5
926 1 521 577 581 974 974 974 5
927 1 522 575 580 974 974 974 5
928 1 522 576 581 974 974 974 5
929 1 522 577 582 974 974 974 5
930 1 521 877 876 974 974 974 5
931 1 521 580 525 575 974 974 5
932 1 521 582 525 577 974 974 5
933 1 521 581 525 576 974 974 5
934 1 522 579 525 575 974 974 5
935 1 522 580 525 576 974 974 5
936 1 522 582 525 578 974 974 5
937 1 522 581 525 577 974 974 5
938 1 521 713 743 974 974 974 5
939 1 521 713 340 974 974 974 5
940 1 522 713 744 974 974 974 5
941 1 521 714 748 974 974 974 5
942 1 521 714 346 974 974 974 5
943 1 522 714 749 974 974 974 5
944 1 521 540 541 974 974 974 5
945 1 521 540 277 974 974 974 5
946 1 521 522 525 974 974 974 5
947 1 521 879 865 974 974 974 5
948 1 521 890 869 974 974 974 5
949 1 521 891 871 974 974 974 5
950 1 522 879 869 974 974 974 5
951 1 522 890 871 974 974 974 5
952 1 522 891 867 974 974 974 5
953 1 521 721 682 974 974 974 5
954 1 521 721 240 974 974 974 5
955 1 521 722 683 974 974 974 5
956 1 521 722 685 974 974 974 5
957 1 521 723 686 974 974 974 5
958 1 521 723 684 974 974 974 5
959 1 522 721 683 974 974 974 5
960 1 522 721 685 974 974 974 5
961 1 522 722 686 974 974 974 5
962 1 522 722 684 974 974 974 5
963 1 522 723 687 974 974 974 5
964 1 521 552 562 974 974 974 5
965 1 521 552 51 974 974 974 5
966 1 521 555 566 974 974 974 5
967 1 521 554 563 974 974 974 5
968 1 521 557 564 974 974 974 5
969 1 521 556 567 974 974 974 5
970 1 521 553 565 974 974 974 5
971 1 522 552 566 974 974 974 5
972 1 522 555 564 974 974 974 5
973 1 522 554 567 974 974 974 5
974 1 522 557 569 974 974 974 5
975 1 522 556 565 974 974 974 5
976 1 521 558 562 974 974 974 5
977 1 521 558 51 974 974 974 5
978 1 521 560 566 974 974 974 5
979 1 521 559 564 974 974 974 5
980 1 521 561 569 974 974 974 5
981 1 522 558 563 974 974 974 5
982 1 522 560 567 974 974 974 5
983 1 522 559 565 974 974 974 5
984 1 522 553 568 974 974 974 5
985 1 522 561 568 974 974 974 5
986 1 521 537 530 532 974 974 5
987 1 521 538 532 531 974 974 5
988 1 521 538 530 533 974 974 5
989 1 521 539 531 533 974 974 5
990 1 521 539 530 534 974 974 5
991 1 522 537 532 531 974 974 5
992 1 522 537 530 533 974 974 5
993 1 522 538 531 533 974 974 5
994 1 522 538 530 534 974 974 5
995 1 522 539 531 534 974 974 5
996 1 521 538 525 535 974 974 5
997 1 521 539 525 536 974 974 5
998 1 522 537 525 535 974 974 5
999 1 522 538 525 536 974 974 5
1000 1 521 728 525 758 974 974 5
1001 1 521 729 525 759 974 974 5
1002 1 522 727 525 758 974 974 5
1003 1 522 728 525 759 974 974 5
1004 1 521 866 886 974 974 974 5
1005 1 521 732 879 974 974 974 5
1006 1 521 733 890 974 974 974 5
1007 1 522 732 890 974 974 974 5
1008 1 522 733 891 974 974 974 5
1009 1 521 873 892 974 974 974 5
1010 1 521 874 893 974 974 974 5
1011 1 522 873 893 974 974 974 5
1012 1 522 874 894 974 974 974 5
1013 1 521 547 549 974 974 974 5
1014 1 521 547 48 974 974 974 5
1015 1 521 548 550 974 974 974 5
1016 1 522 547 550 974 974 974 5
1017 1 522 548 551 974 974 974 5
1018 1 521 748 724 974 974 974 5
1019 1 521 748 291 974 974 974 5
1020 1 521 749 725 974 974 974 5
1021 1 522 748 725 974 974 974 5
1022 1 522 749 726 974 974 974 5
1023 1 521 758 727 974 974 974 5
1024 1 521 758 295 974 974 974 5
1025 1 521 759 728 974 974 974 5
1026 1 521 759 297 974 974 974 5
1027 1 522 758 728 974 974 974 5
1028 1 522 758 297 974 974 974 5
1029 1 522 759 729 974 974 974 5
1030 1 521 819 820 974 974 974 5
1031 1 521 819 504 974 974 974 5
1032 1 521 820 821 974 974 974 5
1033 1 521 820 505 974 974 974 5
1034 1 521 542 591 974 974 974 5
1035 1 521 542 63 974 974 974 5
1036 1 522 542 592 974 974 974 5
1037 1 521 822 823 974 974 974 5
1038 1 521 822 517 974 974 974 5
1039 1 521 591 593 974 974 974 5
1040 1 521 591 65 974 974 974 5
1041 1 521 592 594 974 974 974 5
1042 1 522 591 594 974 974 974 5
1043 1 522 592 595 974 974 974 5
1044 1 521 593 596 974 974 974 5
1045 1 521 593 67 974 974 974 5
1046 1 521 594 597 974 974 974 5
1047 1 521 595 598 974 974 974 5
1048 1 522 593 597 974 974 974 5
1049 1 522 594 598 974 974 974 5
1050 1 522 595 599 974 974 974 5
1051 1 521 782 756 974 974 974 5
1052 1 521 782 354 974 974 974 5
1053 1 522 782 757 974 974 974 5
1054 1 521 527 530 974 974 974 5
1055 1 521 527 17 974 974 974 5
1056 1 522 527 531 974 974 974 5
1057 1 521 528 535 974 974 974 5
1058 1 522 528 536 974 974 974 5
1059 1 521 535 537 974 974 974 5
1060 1 521 535 23 974 974 974 5
1061 1 521 536 538 974 974 974 5
1062 1 522 535 538 974 974 974 5
1063 1 522 536 539 974 974 974 5
1064 1 521 529 530 528 974 974 5
1065 1 522 529 531 528 974 974 5
1066 1 521 754 593 546 974 974 5
1067 1 522 754 594 546 974 974 5
1068 1 521 755 594 546 974 974 5
1069 1 522 755 595 546 974 974 5
1070 1 521 754 927 974 974 974 5
1071 1 522 754 928 974 974 974 5
1072 1 521 755 928 974 974 974 5
1073 1 522 755 929 974 974 974 5
1074 1 530 754 532 785 974 974 5
1075 1 531 754 533 785 974 974 5
1076 1 530 755 533 785 974 974 5
1077 1 531 755 534 785 974 974 5
1078 1 521 785 754 974 974 974 5
1079 1 521 785 352 974 974 974 5
1080 1 522 785 755 974 974 974 5
1081 1 591 546 754 974 974 974 5
1082 1 591 546 352 974 974 974 5
1083 1 592 546 755 974 974 974 5
1084 1 521 786 546 758 974 974 5
1085 1 522 786 546 759 974 974 5
1086 1 521 530 532 974 974 974 5
1087 1 521 530 20 974 974 974 5
1088 1 521 531 533 974 974 974 5
1089 1 522 530 533 974 974 974 5
1090 1 522 531 534 974 974 974 5
1091 1 521 543 758 974 974 974 5
1092 1 521 543 275 974 974 974 5
1093 1 522 543 759 974 974 974 5
1094 1 521 795 796 974 974 974 5
1095 1 521 795 405 974 974 974 5
1096 1 521 796 797 974 974 974 5
1097 1 521 796 407 974 974 974 5
1098 1 521 797 798 974 974 974 5
1099 1 521 797 408 974 974 974 5
1100 1 521 789 528 758 974 974 5
1101 1 522 789 528 759 974 974 5
1102 1 525 544 573 974 974 974 5
1103 1 525 545 522 667 974 974 5
1104 1 525 545 521 668 974 974 5
1105 1 525 619 522 808 974 974 5
1106 1 525 619 522 810 974 974 5
1107 1 525 619 521 809 974 974 5
1108 1 525 619 521 811 974 974 5
1109 1 525 572 522 575 974 974 5
1110 1 525 572 521 576 974 974 5
1111 1 525 573 522 576 974 974 5
1112 1 525 573 521 577 974 974 5
1113 1 525 574 521 578 974 974 5
1114 1 525 574 522 577 974 974 5
1115 1 525 575 522 579 974 974 5
1116 1 525 575 521 580 974 974 5
1117 1 525 578 522 582 974 974 5
1118 1 525 576 522 580 974 974 5
1119 1 525 576 521 581 974 974 5
1120 1 525 577 521 582 974 974 5
1121 1 525 577 522 581 974 974 5
1122 1 525 713 522 743 974 974 5
1123 1 525 713 521 744 974 974 5
1124 1 525 593 522 596 974 974 5
1125 1 525 593 521 597 974 974 5
1126 1 525 594 522 597 974 974 5
1127 1 525 594 521 598 974 974 5
1128 1 525 595 521 599 974 974 5
1129 1 525 595 522 598 974 974 5
1130 1 525 530 522 532 974 974 5
1131 1 525 530 521 533 974 974 5
1132 1 525 531 522 533 974 974 5
1133 1 525 531 521 534 974 974 5
1134 1 547 552 747 974 974 974 5
1135 1 547 552 344 974 974 974 5
1136 1 547 555 920 974 974 974 5
1137 1 547 555 921 974 974 974 5
1138 1 547 554 920 974 974 974 5
1139 1 547 554 921 974 974 974 5
1140 1 547 557 923 974 974 974 5
1141 1 547 557 922 974 974 974 5
1142 1 547 556 923 974 974 974 5
1143 1 547 556 922 974 974 974 5
1144 1 547 553 925 974 974 974 5
1145 1 547 553 924 974 974 974 5
1146 1 548 552 920 974 974 974 5
1147 1 548 552 921 974 974 974 5
1148 1 548 555 923 974 974 974 5
1149 1 548 555 922 974 974 974 5
1150 1 548 554 923 974 974 974 5
1151 1 548 554 922 974 974 974 5
1152 1 548 557 925 974 974 974 5
1153 1 548 557 924 974 974 974 5
1154 1 548 556 925 974 974 974 5
1155 1 548 556 924 974 974 974 5
1156 1 547 558 747 974 974 974 5
1157 1 547 558 344 974 974 974 5
1158 1 547 560 920 974 974 974 5
1159 1 547 560 921 974 974 974 5
1160 1 547 559 923 974 974 974 5
1161 1 547 559 922 974 974 974 5
1162 1 547 561 925 974 974 974 5
1163 1 547 561 924 974 974 974 5
1164 1 548 558 920 974 974 974 5
1165 1 548 558 921 974 974 974 5
1166 1 548 560 923 974 974 974 5
1167 1 548 560 922 974 974 974 5
1168 1 548 559 925 974 974 974 5
1169 1 548 559 924 974 974 974 5
1170 1 542 545 669 974 974 974 5
1171 1 542 545 230 974 974 974 5
1172 1 542 619 620 974 974 974 5
1173 1 542 619 118 974 974 974 5
1174 1 542 808 732 974 974 974 5
1175 1 542 808 317 974 974 974 5
1176 1 542 810 732 974 974 974 5
1177 1 542 810 317 974 974 974 5
1178 1 542 809 733 974 974 974 5
1179 1 542 811 733 974 974 974 5
1180 1 570 542 743 974 974 974 5
1181 1 570 542 340 974 974 974 5
1182 1 542 571 744 974 974 974 5
1183 1 542 572 721 974 974 974 5
1184 1 542 572 287 974 974 974 5
1185 1 542 573 722 974 974 974 5
1186 1 542 574 723 974 974 974 5
1187 1 542 575 682 974 974 974 5
1188 1 542 575 240 974 974 974 5
1189 1 542 578 687 974 974 974 5
1190 1 542 576 683 974 974 974 5
1191 1 542 576 685 974 974 974 5
1192 1 542 577 686 974 974 974 5
1193 1 542 577 684 974 974 974 5
1194 1 542 758 521 784 974 974 5
1195 1 542 759 522 784 974 974 5
1196 1 542 542 760 974 974 974 5
1197 1 542 542 43 974 974 974 5
1198 1 542 591 521 760 974 974 5
1199 1 542 592 522 760 974 974 5
1200 1 542 593 898 974 974 974 5
1201 1 542 594 899 974 974 974 5
1202 1 542 595 900 974 974 974 5
1203 1 542 782 527 760 974 974 5
1204 1 542 784 760 543 974 974 5
1205 1 542 527 782 974 974 974 5
1206 1 542 527 375 974 974 974 5
1207 1 542 535 591 528 974 974 5
1208 1 542 536 592 528 974 974 5
1209 1 542 543 784 974 974 974 5
1210 1 542 543 379 974 974 974 5
1211 1 572 591 682 974 974 974 5
1212 1 572 591 240 974 974 974 5
1213 1 591 573 683 974 974 974 5
1214 1 591 573 685 974 974 974 5
1215 1 591 574 686 974 974 974 5
1216 1 591 574 684 974 974 974 5
1217 1 572 592 683 974 974 974 5
1218 1 572 592 685 974 974 974 5
1219 1 573 592 686 974 974 974 5
1220 1 573 592 684 974 974 974 5
1221 1 592 574 687 974 974 974 5
1222 1 591 575 877 974 974 974 5
1223 1 591 591 898 974 974 974 5
1224 1 591 592 899 974 974 974 5
1225 1 592 592 900 974 974 974 5
1226 1 591 592 525 760 974 974 5
1227 1 591 782 521 527 760 974 5
1228 1 592 782 522 527 760 974 5
1229 1 575 593 876 974 974 974 5
1230 1 593 547 765 974 974 974 5
1231 1 593 547 371 974 974 974 5
1232 1 593 548 767 974 974 974 5
1233 1 593 548 766 974 974 974 5
1234 1 594 547 767 974 974 974 5
1235 1 594 547 766 974 974 974 5
1236 1 594 548 769 974 974 974 5
1237 1 594 548 768 974 974 974 5
1238 1 595 547 769 974 974 974 5
1239 1 595 547 768 974 974 974 5
1240 1 595 548 770 974 974 974 5
1241 1 593 782 532 760 974 974 5
1242 1 594 782 533 760 974 974 5
1243 1 595 782 534 760 974 974 5
1244 1 527 545 670 974 974 974 5
1245 1 527 545 231 974 974 974 5
1246 1 527 619 621 974 974 974 5
1247 1 527 619 121 974 974 974 5
1248 1 570 527 547 974 974 974 5
1249 1 570 527 46 974 974 974 5
1250 1 571 527 548 974 974 974 5
1251 1 572 527 549 974 974 974 5
1252 1 572 527 48 974 974 974 5
1253 1 573 527 550 974 974 974 5
1254 1 527 574 551 974 974 974 5
1255 1 575 527 558 974 974 974 5
1256 1 575 527 50 974 974 974 5
1257 1 527 578 561 974 974 974 5
1258 1 527 576 560 974 974 974 5
1259 1 527 577 559 974 974 974 5
1260 1 527 713 785 974 974 974 5
1261 1 527 713 381 974 974 974 5
1262 1 527 546 584 974 974 974 5
1263 1 527 546 39 974 974 974 5
1264 1 527 714 786 974 974 974 5
1265 1 527 714 382 974 974 974 5
1266 1 527 547 521 584 974 974 5
1267 1 527 548 522 584 974 974 5
1268 1 527 547 530 546 974 974 5
1269 1 527 548 531 546 974 974 5
1270 1 527 756 530 782 974 974 5
1271 1 527 757 531 782 974 974 5
1272 1 527 758 521 788 974 974 5
1273 1 527 759 522 788 974 974 5
1274 1 591 527 756 974 974 974 5
1275 1 591 527 354 974 974 974 5
1276 1 527 592 757 974 974 974 5
1277 1 527 593 521 756 974 974 5
1278 1 527 594 522 756 974 974 5
1279 1 527 594 521 757 974 974 5
1280 1 527 595 522 757 974 974 5
1281 1 527 782 783 974 974 974 5
1282 1 527 782 377 974 974 974 5
1283 1 527 784 782 543 974 974 5
1284 1 527 527 528 974 974 974 5
1285 1 527 527 14 974 974 974 5
1286 1 527 528 529 974 974 974 5
1287 1 527 528 16 974 974 974 5
1288 1 527 535 530 528 974 974 5
1289 1 527 536 531 528 974 974 5
1290 1 527 530 535 974 974 974 5
1291 1 527 531 536 974 974 974 5
1292 1 527 543 788 974 974 974 5
1293 1 527 543 386 974 974 974 5
1294 1 527 788 789 974 974 974 5
1295 1 527 788 388 974 974 974 5
1296 1 572 530 552 974 974 974 5
1297 1 572 530 49 974 974 974 5
1298 1 573 530 555 974 974 974 5
1299 1 573 530 554 974 974 974 5
1300 1 574 530 557 974 974 974 5
1301 1 574 530 556 974 974 974 5
1302 1 572 531 555 974 974 974 5
1303 1 572 531 554 974 974 974 5
1304 1 573 531 557 974 974 974 5
1305 1 573 531 556 974 974 974 5
1306 1 574 531 553 974 974 974 5
1307 1 575 530 562 974 974 974 5
1308 1 575 530 51 974 974 974 5
1309 1 530 578 569 974 974 974 5
1310 1 530 578 565 974 974 974 5
1311 1 576 530 566 974 974 974 5
1312 1 576 530 563 974 974 974 5
1313 1 530 577 564 974 974 974 5
1314 1 530 577 567 974 974 974 5
1315 1 575 531 566 974 974 974 5
1316 1 575 531 563 974 974 974 5
1317 1 576 531 564 974 974 974 5
1318 1 576 531 567 974 974 974 5
1319 1 577 531 569 974 974 974 5
1320 1 577 531 565 974 974 974 5
1321 1 530 546 521 584 974 974 5
1322 1 531 546 522 584 974 974 5
1323 1 530 549 532 547 974 974 5
1324 1 530 550 533 547 974 974 5
1325 1 530 550 532 548 974 974 5
1326 1 530 551 534 547 974 974 5
1327 1 530 551 533 548 974 974 5
1328 1 531 549 533 547 974 974 5
1329 1 531 549 532 548 974 974 5
1330 1 531 550 534 547 974 974 5
1331 1 531 550 533 548 974 974 5
1332 1 531 551 534 548 974 974 5
1333 1 530 547 585 974 974 974 5
1334 1 530 547 61 974 974 974 5
1335 1 530 548 587 974 974 974 5
1336 1 530 548 586 974 974 974 5
1337 1 531 547 587 974 974 974 5
1338 1 531 547 586 974 974 974 5
1339 1 531 548 588 974 974 974 5
1340 1 593 530 901 974 974 974 5
1341 1 530 594 902 974 974 974 5
1342 1 593 531 902 974 974 974 5
1343 1 530 530 537 974 974 974 5
1344 1 530 530 23 974 974 974 5
1345 1 530 531 538 974 974 974 5
1346 1 531 531 539 974 974 974 5
1347 1 570 543 748 974 974 974 5
1348 1 570 543 346 974 974 974 5
1349 1 571 543 749 974 974 974 5
1350 1 575 543 521 724 974 974 5
1351 1 578 543 522 726 974 974 5
1352 1 576 543 522 724 974 974 5
1353 1 576 543 521 725 974 974 5
1354 1 577 543 522 725 974 974 5
1355 1 577 543 521 726 974 974 5
1356 1 546 543 786 974 974 974 5
1357 1 546 543 382 974 974 974 5
1358 1 591 543 521 784 974 974 5
1359 1 592 543 522 784 974 974 5
1360 1 521 618 523 617 974 974 5
1361 1 521 852 523 862 974 974 5
1362 1 521 853 524 617 974 974 5
1363 1 521 853 523 864 974 974 5
1364 1 521 851 524 862 974 974 5
1365 1 521 851 523 863 974 974 5
1366 1 522 618 523 862 974 974 5
1367 1 522 852 524 617 974 974 5
1368 1 522 852 523 864 974 974 5
1369 1 522 853 524 862 974 974 5
1370 1 522 853 523 863 974 974 5
1371 1 522 851 524 864 974 974 5
1372 1 521 579 523 575 974 974 5
1373 1 521 580 523 576 974 974 5
1374 1 521 582 523 578 974 974 5
1375 1 521 582 524 576 974 974 5
1376 1 521 581 524 575 974 974 5
1377 1 521 581 523 577 974 974 5
1378 1 522 579 523 576 974 974 5
1379 1 522 580 524 575 974 974 5
1380 1 522 580 523 577 974 974 5
1381 1 522 582 524 577 974 974 5
1382 1 522 581 523 578 974 974 5
1383 1 522 581 524 576 974 974 5
1384 1 521 521 523 974 974 974 5
1385 1 521 521 7 974 974 974 5
1386 1 522 522 524 974 974 974 5
1387 1 521 537 523 535 974 974 5
1388 1 521 538 523 536 974 974 5
1389 1 521 539 524 535 974 974 5
1390 1 522 537 523 536 974 974 5
1391 1 522 538 524 535 974 974 5
1392 1 522 539 524 536 974 974 5
1393 1 521 727 523 758 974 974 5
1394 1 521 728 523 759 974 974 5
1395 1 521 729 524 758 974 974 5
1396 1 522 727 523 759 974 974 5
1397 1 522 728 524 758 974 974 5
1398 1 522 729 524 759 974 974 5
1399 1 521 756 523 782 974 974 5
1400 1 522 756 525 782 974 974 5
1401 1 521 757 525 782 974 974 5
1402 1 522 757 524 782 974 974 5
1403 1 521 898 521 523 760 974 5
1404 1 521 899 523 522 760 974 5
1405 1 521 900 521 524 760 974 5
1406 1 522 898 523 522 760 974 5
1407 1 522 899 521 524 760 974 5
1408 1 522 900 522 524 760 974 5
1409 1 521 949 951 974 974 974 5
1410 1 521 949 411 974 974 974 5
1411 1 521 951 953 974 974 974 5
1412 1 521 951 415 974 974 974 5
1413 1 523 544 572 974 974 974 5
1414 1 523 544 53 974 974 974 5
1415 1 524 544 574 974 974 974 5
1416 1 523 545 521 667 974 974 5
1417 1 524 545 522 668 974 974 5
1418 1 523 667 521 605 974 974 5
1419 1 523 668 522 605 974 974 5
1420 1 523 668 521 606 974 974 5
1421 1 524 667 522 606 974 974 5
1422 1 524 667 521 607 974 974 5
1423 1 524 668 522 607 974 974 5
1424 1 523 619 521 808 974 974 5
1425 1 523 619 521 810 974 974 5
1426 1 524 619 522 809 974 974 5
1427 1 524 619 522 811 974 974 5
1428 1 523 808 521 813 974 974 5
1429 1 523 810 521 816 974 974 5
1430 1 523 809 522 813 974 974 5
1431 1 523 811 522 816 974 974 5
1432 1 523 809 521 814 974 974 5
1433 1 523 811 521 817 974 974 5
1434 1 524 808 522 814 974 974 5
1435 1 524 810 522 817 974 974 5
1436 1 524 808 521 815 974 974 5
1437 1 524 810 521 818 974 974 5
1438 1 524 809 522 815 974 974 5
1439 1 524 811 522 818 974 974 5
1440 1 523 572 521 575 974 974 5
1441 1 523 573 522 575 974 974 5
1442 1 523 573 521 576 974 974 5
1443 1 523 574 522 576 974 974 5
1444 1 523 574 521 577 974 974 5
1445 1 524 572 522 576 974 974 5
1446 1 524 572 521 577 974 974 5
1447 1 524 573 521 578 974 974 5
1448 1 524 573 522 577 974 974 5
1449 1 524 574 522 578 974 974 5
1450 1 523 575 521 579 974 974 5
1451 1 523 578 521 582 974 974 5
1452 1 523 578 522 581 974 974 5
1453 1 523 576 522 579 974 974 5
1454 1 523 576 521 580 974 974 5
1455 1 523 577 522 580 974 974 5
1456 1 523 577 521 581 974 974 5
1457 1 524 575 522 580 974 974 5
1458 1 524 575 521 581 974 974 5
1459 1 524 576 521 582 974 974 5
1460 1 524 576 522 581 974 974 5
1461 1 524 577 522 582 974 974 5
1462 1 523 713 521 743 974 974 5
1463 1 524 713 522 744 974 974 5
1464 1 523 593 521 596 974 974 5
1465 1 523 594 521 597 974 974 5
1466 1 523 595 521 598 974 974 5
1467 1 524 593 522 597 974 974 5
1468 1 524 594 522 598 974 974 5
1469 1 524 595 522 599 974 974 5
1470 1 523 530 521 532 974 974 5
1471 1 523 531 521 533 974 974 5
1472 1 524 530 522 533 974 974 5
1473 1 524 531 522 534 974 974 5
1474 1 591 591 523 760 974 974 5
1475 1 592 592 524 760 974 974 5
1476 1 521 546 547 974 974 974 5
1477 1 521 546 46 974 974 974 5
1478 1 522 546 548 974 974 974 5
1479 1 521 549 552 974 974 974 5
1480 1 521 549 49 974 974 974 5
1481 1 521 550 555 974 974 974 5
1482 1 521 551 557 974 974 974 5
1483 1 522 549 554 974 974 974 5
1484 1 522 550 556 974 974 974 5
1485 1 522 551 553 974 974 974 5
1486 1 521 549 558 974 974 974 5
1487 1 521 549 50 974 974 974 5
1488 1 521 550 560 974 974 974 5
1489 1 521 551 559 974 974 974 5
1490 1 522 549 560 974 974 974 5
1491 1 522 550 559 974 974 974 5
1492 1 522 551 561 974 974 974 5
1493 1 521 549 523 547 974 974 5
1494 1 522 549 525 547 974 974 5
1495 1 521 550 525 547 974 974 5
1496 1 522 550 524 547 974 974 5
1497 1 521 550 523 548 974 974 5
1498 1 522 550 525 548 974 974 5
1499 1 521 551 525 548 974 974 5
1500 1 522 551 524 548 974 974 5
1501 1 522 549 521 550 974 974 5
1502 1 522 550 521 551 974 974 5
1503 1 521 562 523 552 974 974 5
1504 1 522 562 525 552 974 974 5
1505 1 522 562 525 558 974 974 5
1506 1 521 562 523 558 974 974 5
1507 1 521 566 523 555 974 974 5
1508 1 522 566 525 555 974 974 5
1509 1 521 564 523 557 974 974 5
1510 1 522 564 525 557 974 974 5
1511 1 521 563 523 554 974 974 5
1512 1 522 563 525 554 974 974 5
1513 1 521 567 523 556 974 974 5
1514 1 522 567 525 556 974 974 5
1515 1 521 565 523 553 974 974 5
1516 1 522 565 525 553 974 974 5
1517 1 521 832 833 974 974 974 5
1518 1 521 832 506 974 974 974 5
1519 1 522 832 834 974 974 974 5
1520 1 575 620 697 974 974 974 5
1521 1 575 620 243 974 974 974 5
1522 1 575 638 699 974 974 974 5
1523 1 575 638 245 974 974 974 5
1524 1 575 652 701 974 974 974 5
1525 1 575 652 247 974 974 974 5
1526 1 525 808 522 813 974 974 5
1527 1 525 810 522 816 974 974 5
1528 1 525 808 521 814 974 974 5
1529 1 525 810 521 817 974 974 5
1530 1 523 809 521 813 974 974 5
1531 1 523 811 521 816 974 974 5
1532 1 525 809 522 814 974 974 5
1533 1 525 811 522 817 974 974 5
1534 1 525 809 521 815 974 974 5
1535 1 525 811 521 818 974 974 5
1536 1 523 808 673 974 974 974 5
1537 1 523 808 235 974 974 974 5
1538 1 523 810 673 974 974 974 5
1539 1 523 810 235 974 974 974 5
1540 1 523 809 674 974 974 974 5
1541 1 523 811 674 974 974 974 5
1542 1 523 809 675 974 974 974 5
1543 1 523 811 675 974 974 974 5
1544 1 525 808 674 974 974 974 5
1545 1 525 810 674 974 974 974 5
1546 1 525 808 675 974 974 974 5
1547 1 525 810 675 974 974 974 5
1548 1 525 809 676 974 974 974 5
1549 1 525 811 676 974 974 974 5
1550 1 525 809 677 974 974 974 5
1551 1 525 811 677 974 974 974 5
1552 1 524 808 676 974 974 974 5
1553 1 524 810 676 974 974 974 5
1554 1 524 808 677 974 974 974 5
1555 1 524 810 677 974 974 974 5
1556 1 524 809 678 974 974 974 5
1557 1 524 811 678 974 974 974 5
1558 1 521 813 673 974 974 974 5
1559 1 521 813 235 974 974 974 5
1560 1 521 816 673 974 974 974 5
1561 1 521 816 235 974 974 974 5
1562 1 522 813 674 974 974 974 5
1563 1 522 816 674 974 974 974 5
1564 1 522 813 675 974 974 974 5
1565 1 522 816 675 974 974 974 5
1566 1 521 814 675 974 974 974 5
1567 1 521 817 675 974 974 974 5
1568 1 521 814 674 974 974 974 5
1569 1 521 817 674 974 974 974 5
1570 1 522 814 676 974 974 974 5
1571 1 522 817 676 974 974 974 5
1572 1 522 814 677 974 974 974 5
1573 1 522 817 677 974 974 974 5
1574 1 522 815 678 974 974 974 5
1575 1 522 818 678 974 974 974 5
1576 1 521 815 677 974 974 974 5
1577 1 521 818 677 974 974 974 5
1578 1 521 815 676 974 974 974 5
1579 1 521 818 676 974 974 974 5
1580 1 591 754 593 785 974 974 5
1581 1 591 755 594 785 974 974 5
1582 1 592 754 594 785 974 974 5
1583 1 592 755 595 785 974 974 5
1584 1 532 974 20 974 974 974 3
1585 1 546 974 37 974 974 974 3
1586 1 584 974 39 974 974 974 3
1587 1 584 974 37 11 974 974 3
1588 1 760 974 43 974 974 974 3
1589 1 562 974 51 974 974 974 3
1590 1 521 974 4 974 974 974 3
1591 1 523 974 7 974 974 974 3
1592 1 526 974 9 974 974 974 3
1593 1 527 974 11 974 974 974 3
1594 1 528 974 14 974 974 974 3
1595 1 529 974 16 974 974 974 3
1596 1 530 974 17 974 974 974 3
1597 1 537 974 23 974 974 974 3
1598 1 540 974 70 974 974 974 3
1599 1 541 974 277 974 974 974 3
1600 1 542 974 41 974 974 974 3
1601 1 543 974 72 974 974 974 3
1602 1 544 974 31 974 974 974 3
1603 1 545 974 34 974 974 974 3
1604 1 547 974 46 974 974 974 3
1605 1 549 974 48 974 974 974 3
1606 1 552 974 49 974 974 974 3
1607 1 558 974 50 974 974 974 3
1608 1 570 974 52 974 974 974 3
1609 1 572 974 53 974 974 974 3
1610 1 575 974 54 974 974 974 3
1611 1 579 974 55 974 974 974 3
1612 1 585 974 61 974 974 974 3
1613 1 589 974 62 974 974 974 3
1614 1 591 974 63 974 974 974 3
1615 1 593 974 65 974 974 974 3
1616 1 596 974 67 974 974 974 3
1617 1 600 974 75 974 974 974 3
1618 1 601 974 78 974 974 974 3
1619 1 602 974 81 974 974 974 3
1620 1 603 974 84 974 974 974 3
1621 1 604 974 86 974 974 974 3
1622 1 605 974 89 974 974 974 3
1623 1 608 974 91 974 974 974 3
1624 1 612 974 93 974 974 974 3
1625 1 617 974 96 974 974 974 3
1626 1 618 974 100 974 974 974 3
1627 1 619 974 108 974 974 974 3
1628 1 620 974 118 974 974 974 3
1629 1 621 974 121 974 974 974 3
1630 1 622 974 123 974 974 974 3
1631 1 623 974 125 974 974 974 3
1632 1 624 974 128 974 974 974 3
1633 1 626 974 131 974 974 974 3
1634 1 629 974 133 974 974 974 3
1635 1 630 974 138 974 974 974 3
1636 1 631 974 140 974 974 974 3
1637 1 632 974 142 974 974 974 3
1638 1 633 974 145 974 974 974 3
1639 1 635 974 148 974 974 974 3
1640 1 636 974 150 974 974 974 3
1641 1 637 974 153 974 974 974 3
1642 1 638 974 157 974 974 974 3
1643 1 639 974 159 974 974 974 3
1644 1 640 974 160 974 974 974 3
1645 1 641 974 163 974 974 974 3
1646 1 642 974 166 974 974 974 3
1647 1 643 974 168 974 974 974 3
1648 1 644 974 170 974 974 974 3
1649 1 645 974 173 974 974 974 3
1650 1 646 974 175 974 974 974 3
1651 1 647 974 177 974 974 974 3
1652 1 648 974 180 974 974 974 3
1653 1 649 974 183 974 974 974 3
1654 1 650 974 186 974 974 974 3
1655 1 651 974 188 974 974 974 3
1656 1 652 974 191 974 974 974 3
1657 1 653 974 193 974 974 974 3
1658 1 654 974 194 974 974 974 3
1659 1 655 974 197 974 974 974 3
1660 1 656 974 200 974 974 974 3
1661 1 657 974 202 974 974 974 3
1662 1 658 974 204 974 974 974 3
1663 1 659 974 208 974 974 974 3
1664 1 660 974 210 974 974 974 3
1665 1 661 974 213 974 974 974 3
1666 1 662 974 216 974 974 974 3
1667 1 663 974 219 974 974 974 3
1668 1 664 974 222 974 974 974 3
1669 1 665 974 226 974 974 974 3
1670 1 666 974 228 974 974 974 3
1671 1 667 974 229 974 974 974 3
1672 1 669 974 230 974 974 974 3
1673 1 670 974 231 974 974 974 3
1674 1 671 974 234 974 974 974 3
1675 1 673 974 235 974 974 974 3
1676 1 679 974 236 974 974 974 3
1677 1 680 974 237 974 974 974 3
1678 1 681 974 238 974 974 974 3
1679 1 682 974 240 974 974 974 3
1680 1 688 974 241 974 974 974 3
1681 1 697 974 243 974 974 974 3
1682 1 698 974 244 974 974 974 3
1683 1 699 974 245 974 974 974 3
1684 1 700 974 246 974 974 974 3
1685 1 701 974 247 974 974 974 3
1686 1 702 974 248 974 974 974 3
1687 1 703 974 249 974 974 974 3
1688 1 704 974 250 974 974 974 3
1689 1 705 974 251 974 974 974 3
1690 1 706 974 253 974 974 974 3
1691 1 709 974 257 974 974 974 3
1692 1 710 974 258 974 974 974 3
1693 1 711 974 262 974 974 974 3
1694 1 712 974 263 974 974 974 3
1695 1 713 974 268 974 974 974 3
1696 1 714 974 273 974 974 974 3
1697 1 715 974 284 974 974 974 3
1698 1 718 974 285 974 974 974 3
1699 1 721 974 287 974 974 974 3
1700 1 724 974 291 974 974 974 3
1701 1 727 974 295 974 974 974 3
1702 1 728 974 297 974 974 974 3
1703 1 730 974 315 974 974 974 3
1704 1 732 974 317 974 974 974 3
1705 1 734 974 323 974 974 974 3
1706 1 736 974 327 974 974 974 3
1707 1 737 974 330 974 974 974 3
1708 1 738 974 332 974 974 974 3
1709 1 739 974 335 974 974 974 3
1710 1 740 974 337 974 974 974 3
1711 1 741 974 339 974 974 974 3
1712 1 743 974 340 974 974 974 3
1713 1 745 974 342 974 974 974 3
1714 1 747 974 344 974 974 974 3
1715 1 748 974 346 974 974 974 3
1716 1 750 974 349 974 974 974 3
1717 1 752 974 351 974 974 974 3
1718 1 754 974 352 974 974 974 3
1719 1 756 974 354 974 974 974 3
1720 1 758 974 275 974 974 974 3
1721 1 761 974 365 974 974 974 3
1722 1 762 974 366 974 974 974 3
1723 1 763 974 367 974 974 974 3
1724 1 764 974 368 974 974 974 3
1725 1 765 974 371 974 974 974 3
1726 1 771 974 372 974 974 974 3
1727 1 776 974 363 974 974 974 3
1728 1 778 974 364 974 974 974 3
1729 1 782 974 375 974 974 974 3
1730 1 783 974 377 974 974 974 3
1731 1 784 974 379 974 974 974 3
1732 1 785 974 381 974 974 974 3
1733 1 786 974 382 974 974 974 3
1734 1 787 974 384 974 974 974 3
1735 1 788 974 386 974 974 974 3
1736 1 789 974 388 974 974 974 3
1737 1 790 974 390 974 974 974 3
1738 1 791 974 391 974 974 974 3
1739 1 792 974 396 974 974 974 3
1740 1 793 974 398 974 974 974 3
1741 1 794 974 400 974 974 974 3
1742 1 795 974 404 974 974 974 3
1743 1 796 974 405 974 974 974 3
1744 1 797 974 407 974 974 974 3
1745 1 798 974 408 974 974 974 3
1746 1 799 974 463 974 974 974 3
1747 1 800 974 468 974 974 974 3
1748 1 801 974 471 974 974 974 3
1749 1 802 974 472 974 974 974 3
1750 1 803 974 474 974 974 974 3
1751 1 804 974 476 974 974 974 3
1752 1 805 974 477 974 974 974 3
1753 1 806 974 490 974 974 974 3
1754 1 807 974 491 974 974 974 3
1755 1 808 974 494 974 974 974 3
1756 1 810 974 495 974 974 974 3
1757 1 812 974 492 974 974 974 3
1758 1 813 974 496 974 974 974 3
1759 1 816 974 497 974 974 974 3
1760 1 819 974 502 974 974 974 3
1761 1 820 974 504 974 974 974 3
1762 1 821 974 505 974 974 974 3
1763 1 822 974 515 974 974 974 3
1764 1 823 974 517 974 974 974 3
1765 1 824 974 26 974 974 974 3
1766 1 825 974 436 974 974 974 3
1767 1 832 974 28 974 974 974 3
1768 1 833 974 506 974 974 974 3
1769 1 835 974 508 974 974 974 3
1770 1 838 974 510 974 974 974 3
1771 1 839 974 512 974 974 974 3
1772 1 844 974 114 974 974 974 3
1773 1 949 974 409 974 974 974 3
1774 1 950 974 413 974 974 974 3
1775 1 951 974 411 974 974 974 3
1776 1 953 974 415 974 974 974 3
1777 1 956 974 459 974 974 974 3
1778 1 957 974 423 974 974 974 3
1779 1 958 974 232 974 974 974 3
1780 1 959 974 417 974 974 974 3
1781 1 960 974 418 974 974 974 3
1782 1 961 974 420 974 974 974 3
1783 1 966 974 433 974 974 974 3
1784 1 968 974 431 974 974 974 3
1785 1 970 974 441 974 974 974 3
1786 1 521 974 4 974 974 974 2
1787 1 523 974 7 974 974 974 2
1788 1 526 974 9 974 974 974 2
1789 1 527 974 11 974 974 974 2
1790 1 528 974 14 974 974 974 2
1791 1 529 974 16 974 974 974 2
1792 1 530 974 17 974 974 974 2
1793 1 532 974 20 974 974 974 2
1794 1 537 974 23 974 974 974 2
1795 1 540 974 70 974 974 974 2
1796 1 541 974 277 974 974 974 2
1797 1 542 974 41 974 974 974 2
1798 1 543 974 72 974 974 974 2
1799 1 544 974 31 974 974 974 2
1800 1 545 974 34 974 974 974 2
1801 1 546 974 37 974 974 974 2
1802 1 547 974 46 974 974 974 2
1803 1 549 974 48 974 974 974 2
1804 1 552 974 49 974 974 974 2
1805 1 558 974 50 974 974 974 2
1806 1 562 974 51 974 974 974 2
1807 1 570 974 52 974 974 974 2
1808 1 572 974 53 974 974 974 2
1809 1 575 974 54 974 974 974 2
1810 1 579 974 55 974 974 974 2
1811 1 584 974 39 974 974 974 2
1812 1 585 974 61 974 974 974 2
1813 1 589 974 62 974 974 974 2
1814 1 591 974 63 974 974 974 2
1815 1 593 974 65 974 974 974 2
1816 1 596 974 67 974 974 974 2
1817 1 600 974 75 974 974 974 2
1818 1 601 974 78 974 974 974 2
1819 1 602 974 81 974 974 974 2
1820 1 603 974 84 974 974 974 2
1821 1 604 974 86 974 974 974 2
1822 1 605 974 89 974 974 974 2
1823 1 608 974 91 974 974 974 2
1824 1 612 974 93 974 974 974 2
1825 1 617 974 96 974 974 974 2
1826 1 618 974 100 974 974 974 2
1827 1 619 974 108 974 974 974 2
1828 1 620 974 118 974 974 974 2
1829 1 621 974 121 974 974 974 2
1830 1 622 974 123 974 974 974 2
1831 1 623 974 125 974 974 974 2
1832 1 624 974 128 974 974 974 2
1833 1 626 974 131 974 974 974 2
1834 1 629 974 133 974 974 974 2
1835 1 630 974 138 974 974 974 2
1836 1 631 974 140 974 974 974 2
1837 1 632 974 142 974 974 974 2
1838 1 633 974 145 974 974 974 2
1839 1 635 974 148 974 974 974 2
1840 1 636 974 150 974 974 974 2
1841 1 637 974 153 974 974 974 2
1842 1 638 974 157 974 974 974 2
1843 1 639 974 159 974 974 974 2
1844 1 640 974 160 974 974 974 2
1845 1 641 974 163 974 974 974 2
1846 1 642 974 166 974 974 974 2
1847 1 643 974 168 974 974 974 2
1848 1 644 974 170 974 974 974 2
1849 1 645 974 173 974 974 974 2
1850 1 646 974 175 974 974 974 2
1851 1 647 974 177 974 974 974 2
1852 1 648 974 180 974 974 974 2
1853 1 649 974 183 974 974 974 2
1854 1 650 974 186 974 974 974 2
1855 1 651 974 188 974 974 974 2
1856 1 652 974 191 974 974 974 2
1857 1 653 974 193 974 974 974 2
1858 1 654 974 194 974 974 974 2
1859 1 655 974 197 974 974 974 2
1860 1 656 974 200 974 974 974 2
1861 1 657 974 202 974 974 974 2
1862 1 658 974 204 974 974 974 2
1863 1 659 974 208 974 974 974 2
1864 1 660 974 210 974 974 974 2
1865 1 661 974 213 974 974 974 2
1866 1 662 974 216 974 974 974 2
1867 1 663 974 219 974 974 974 2
1868 1 664 974 222 974 974 974 2
1869 1 665 974 226 974 974 974 2
1870 1 666 974 228 974 974 974 2
1871 1 667 974 229 974 974 974 2
1872 1 669 974 230 974 974 974 2
1873 1 670 974 231 974 974 974 2
1874 1 671 974 234 974 974 974 2
1875 1 673 974 235 974 974 974 2
1876 1 679 974 236 974 974 974 2
1877 1 680 974 237 974 974 974 2
1878 1 681 974 238 974 974 974 2
1879 1 682 974 240 974 974 974 2
1880 1 688 974 241 974 974 974 2
1881 1 697 974 243 974 974 974 2
1882 1 698 974 244 974 974 974 2
1883 1 699 974 245 974 974 974 2
1884 1 700 974 246 974 974 974 2
1885 1 701 974 247 974 974 974 2
1886 1 702 974 248 974 974 974 2
1887 1 703 974 249 974 974 974 2
1888 1 704 974 250 974 974 974 2
1889 1 705 974 251 974 974 974 2
1890 1 706 974 253 974 974 974 2
1891 1 709 974 257 974 974 974 2
1892 1 710 974 258 974 974 974 2
1893 1 711 974 262 974 974 974 2
1894 1 712 974 263 974 974 974 2
1895 1 713 974 268 974 974 974 2
1896 1 714 974 273 974 974 974 2
1897 1 715 974 284 974 974 974 2
1898 1 718 974 285 974 974 974 2
1899 1 721 974 287 974 974 974 2
1900 1 724 974 291 974 974 974 2
1901 1 727 974 295 974 974 974 2
1902 1 728 974 297 974 974 974 2
1903 1 730 974 315 974 974 974 2
1904 1 732 974 317 974 974 974 2
1905 1 734 974 323 974 974 974 2
1906 1 736 974 327 974 974 974 2
1907 1 737 974 330 974 974 974 2
1908 1 738 974 332 974 974 974 2
1909 1 739 974 335 974 974 974 2
1910 1 740 974 337 974 974 974 2
1911 1 741 974 339 974 974 974 2
1912 1 743 974 340 974 974 974 2
1913 1 745 974 342 974 974 974 2
1914 1 747 974 344 974 974 974 2
1915 1 748 974 346 974 974 974 2
1916 1 750 974 349 974 974 974 2
1917 1 752 974 351 974 974 974 2
1918 1 754 974 352 974 974 974 2
1919 1 756 974 354 974 974 974 2
1920 1 758 974 275 974 974 974 2
1921 1 760 974 43 974 974 974 2
1922 1 761 974 365 974 974 974 2
1923 1 762 974 366 974 974 974 2
1924 1 763 974 367 974 974 974 2
1925 1 764 974 368 974 974 974 2
1926 1 765 974 371 974 974 974 2
1927 1 771 974 372 974 974 974 2
1928 1 776 974 363 974 974 974 2
1929 1 778 974 364 974 974 974 2
1930 1 782 974 375 974 974 974 2
1931 1 783 974 377 974 974 974 2
1932 1 784 974 379 974 974 974 2
1933 1 785 974 381 974 974 974 2
1934 1 786 974 382 974 974 974 2
1935 1 787 974 384 974 974 974 2
1936 1 788 974 386 974 974 974 2
1937 1 789 974 388 974 974 974 2
1938 1 790 974 390 974 974 974 2
1939 1 791 974 391 974 974 974 2
1940 1 792 974 396 974 974 974 2
1941 1 793 974 398 974 974 974 2
1942 1 794 974 400 974 974 974 2
1943 1 795 974 404 974 974 974 2
1944 1 796 974 405 974 974 974 2
1945 1 797 974 407 974 974 974 2
1946 1 798 974 408 974 974 974 2
1947 1 799 974 463 974 974 974 2
1948 1 800 974 468 974 974 974 2
1949 1 801 974 471 974 974 974 2
1950 1 802 974 472 974 974 974 2
1951 1 803 974 474 974 974 974 2
1952 1 804 974 476 974 974 974 2
1953 1 805 974 477 974 974 974 2
1954 1 806 974 490 974 974 974 2
1955 1 807 974 491 974 974 974 2
1956 1 808 974 494 974 974 974 2
1957 1 810 974 495 974 974 974 2
1958 1 812 974 492 974 974 974 2
1959 1 813 974 496 974 974 974 2
1960 1 816 974 497 974 974 974 2
1961 1 819 974 502 974 974 974 2
1962 1 820 974 504 974 974 974 2
1963 1 821 974 505 974 974 974 2
1964 1 822 974 515 974 974 974 2
1965 1 823 974 517 974 974 974 2
1966 1 824 974 26 974 974 974 2
1967 1 825 974 436 974 974 974 2
1968 1 832 974 28 974 974 974 2
1969 1 833 974 506 974 974 974 2
1970 1 835 974 508 974 974 974 2
1971 1 838 974 510 974 974 974 2
1972 1 839 974 512 974 974 974 2
1973 1 844 974 114 974 974 974 2
1974 1 949 974 409 974 974 974 2
1975 1 950 974 413 974 974 974 2
1976 1 951 974 411 974 974 974 2
1977 1 953 974 415 974 974 974 2
1978 1 956 974 459 974 974 974 2
1979 1 957 974 423 974 974 974 2
1980 1 958 974 232 974 974 974 2
1981 1 959 974 417 974 974 974 2
1982 1 960 974 418 974 974 974 2
1983 1 961 974 420 974 974 974 2
1984 1 966 974 433 974 974 974 2
1985 1 968 974 431 974 974 974 2
1986 1 970 974 441 974 974 974 2
1987 1 626 974 521 624 974 974 4
1988 1 626 974 667 667 974 974 4
1989 1 633 974 667 619 974 974 4
1990 1 633 974 545 810 974 974 4
1991 1 633 974 545 808 974 974 4
1992 1 633 974 521 632 974 974 4
1993 1 638 974 713 623 974 974 4
1994 1 705 974 547 575 974 974 4
1995 1 705 974 546 579 974 974 4
1996 1 702 974 523 816 974 974 4
1997 1 702 974 523 813 974 974 4
1998 1 702 974 521 673 974 974 4
1999 1 680 974 544 704 974 974 4
2000 1 635 974 667 810 974 974 4
2001 1 635 974 667 808 974 974 4
2002 1 635 974 521 633 974 974 4
2003 1 641 974 667 623 974 974 4
2004 1 641 974 619 810 974 974 4
2005 1 641 974 619 808 974 974 4
2006 1 710 974 521 713 523 523 4
2007 1 710 974 521 521 523 743 4
2008 1 710 974 593 575 974 974 4
2009 1 710 974 521 521 682 974 4
2010 1 736 974 521 638 974 974 4
2011 1 736 974 713 624 974 974 4
2012 1 697 974 620 575 974 974 4
2013 1 762 974 545 713 713 974 4
2014 1 763 974 713 713 623 974 4
2015 1 764 974 713 713 640 974 4
2016 1 734 974 545 570 713 974 4
2017 1 737 974 570 713 623 974 4
2018 1 739 974 570 713 640 974 4
2019 1 703 974 532 612 974 974 4
2020 1 703 974 530 617 974 974 4
2021 1 698 974 575 624 974 974 4
2022 1 712 974 549 579 974 974 4
2023 1 545 974 544 544 974 974 4
2024 1 838 974 544 832 974 974 4
2025 1 570 974 544 521 974 974 4
2026 1 839 974 832 527 974 974 4
2027 1 713 974 544 542 974 974 4
2028 1 546 974 544 527 974 974 4
2029 1 714 974 544 543 974 974 4
2030 1 523 974 521 521 974 974 4
2031 1 833 974 832 521 974 974 4
2032 1 825 974 521 824 974 974 4
2033 1 758 974 521 543 974 974 4
2034 1 760 974 542 542 974 974 4
2035 1 591 974 521 542 974 974 4
2036 1 782 974 542 527 974 974 4
2037 1 784 974 542 543 974 974 4
2038 1 528 974 527 527 974 974 4
2039 1 530 974 521 527 974 974 4
2040 1 794 974 544 791 974 974 4
2041 1 795 974 521 791 974 974 4
2042 1 792 974 543 791 974 974 4
2043 1 788 974 527 543 974 974 4
2044 1 667 974 521 545 974 974 4
2045 1 669 974 542 545 974 974 4
2046 1 669 974 544 713 974 974 4
2047 1 671 974 543 545 974 974 4
2048 1 619 974 544 545 974 974 4
2049 1 572 974 521 570 974 974 4
2050 1 584 974 527 546 974 974 4
2051 1 532 974 521 530 974 974 4
2052 1 532 974 527 523 974 974 4
2053 1 727 974 521 758 974 974 4
2054 1 743 974 521 713 974 974 4
2055 1 547 974 521 546 974 974 4
2056 1 750 974 521 713 974 974 4
2057 1 756 974 521 782 974 974 4
2058 1 593 974 521 591 974 974 4
2059 1 783 974 527 782 974 974 4
2060 1 785 974 527 713 974 974 4
2061 1 786 974 543 546 974 974 4
2062 1 789 974 527 788 974 974 4
2063 1 605 974 521 667 974 974 4
2064 1 810 974 521 619 974 974 4
2065 1 808 974 521 619 974 974 4
2066 1 620 974 545 713 974 974 4
2067 1 621 974 545 546 974 974 4
2068 1 622 974 545 714 974 974 4
2069 1 623 974 545 545 974 974 4
2070 1 623 974 544 619 974 974 4
2071 1 575 974 570 523 974 974 4
2072 1 575 974 521 572 974 974 4
2073 1 549 974 521 521 546 974 4
2074 1 549 974 546 523 974 974 4
2075 1 724 974 714 523 974 974 4
2076 1 596 974 523 591 974 974 4
2077 1 596 974 521 593 974 974 4
2078 1 718 974 546 572 974 974 4
2079 1 608 974 521 605 974 974 4
2080 1 816 974 523 619 974 974 4
2081 1 816 974 521 810 974 974 4
2082 1 813 974 523 619 974 974 4
2083 1 813 974 521 808 974 974 4
2084 1 624 974 545 667 974 974 4
2085 1 624 974 521 623 974 974 4
2086 1 630 974 713 619 974 974 4
2087 1 631 974 714 619 974 974 4
2088 1 632 974 545 619 974 974 4
2089 1 632 974 544 623 974 974 4
2090 1 585 974 530 547 974 974 4
2091 1 682 974 523 743 974 974 4
2092 1 579 974 521 570 523 974 4
2093 1 579 974 523 572 974 974 4
2094 1 579 974 521 575 974 974 4
2095 1 732 974 713 667 974 974 4
2096 1 706 974 713 575 974 974 4
2097 1 612 974 523 605 974 974 4
2098 1 673 974 523 810 974 974 4
2099 1 673 974 523 808 974 974 4
2100 1 673 974 521 816 974 974 4
2101 1 673 974 521 813 974 974 4
2102 1 640 974 544 632 974 974 4
2103 1 640 974 545 623 974 974 4
2104 1 640 974 619 619 974 974 4
2105 1 647 974 545 632 974 974 4
2106 1 647 974 619 623 974 974 4
2107 1 654 974 544 647 974 974 4
2108 1 654 974 619 632 974 974 4
2109 1 654 974 623 623 974 974 4
2110 1 660 974 545 647 974 974 4
2111 1 660 974 619 640 974 974 4
2112 1 660 974 623 632 974 974 4
2113 1 600 974 619 647 974 974 4
2114 1 600 974 632 632 974 974 4
2115 1 602 974 521 601 974 974 4
2116 1 602 974 521 521 600 974 4
2117 1 602 974 521 619 648 974 4
2118 1 604 974 623 647 974 974 4
2119 1 604 974 545 660 974 974 4
2120 1 604 974 619 654 974 974 4
2121 1 604 974 632 640 974 974 4
2122 1 604 974 619 619 632 974 4
2123 1 601 974 521 600 974 974 4
2124 1 601 974 619 648 974 974 4
2125 1 601 974 632 633 974 974 4
2126 1 601 974 521 619 647 974 4
2127 1 601 974 521 632 632 974 4
2128 1 601 974 544 521 660 974 4
2129 1 601 974 521 545 654 974 4
2130 1 700 974 575 641 974 974 4
2131 1 699 974 575 638 974 974 4
2132 1 701 974 575 652 974 974 4
2133 1 670 974 527 545 974 974 4
2134 1 670 974 544 546 974 974 4
2135 1 537 974 530 530 974 974 4
2136 1 617 974 523 608 974 974 4
2137 1 681 974 713 608 974 974 4
2138 1 709 974 546 575 575 974 4
2139 1 642 974 521 641 974 974 4
2140 1 648 974 521 647 974 974 4
2141 1 649 974 521 648 974 974 4
2142 1 652 974 713 640 974 974 4
2143 1 655 974 521 654 974 974 4
2144 1 656 974 521 655 974 974 4
2145 1 661 974 521 660 974 974 4
2146 1 662 974 521 661 974 974 4
2147 1 665 974 713 654 974 974 4
2148 1 738 974 713 641 974 974 4
2149 1 740 974 713 655 974 974 4
2150 1 957 974 544 949 974 974 4
2151 1 820 974 521 819 974 974 4
2152 1 823 974 521 822 974 974 4
2153 1 951 974 521 949 974 974 4
2154 1 956 974 542 949 974 974 4
2155 1 950 974 527 949 974 974 4
2156 1 787 974 543 543 974 974 4
2157 1 793 974 542 791 974 974 4
2158 1 958 974 949 545 974 974 4
2159 1 958 974 544 957 974 974 4
2160 1 966 974 521 957 974 974 4
2161 1 970 974 521 950 974 974 4
2162 1 776 974 543 758 974 974 4
2163 1 761 974 527 760 974 974 4
2164 1 953 974 521 951 974 974 4
2165 1 807 974 791 545 974 974 4
2166 1 796 974 521 795 974 974 4
2167 1 959 974 545 957 974 974 4
2168 1 778 974 758 758 974 974 4
2169 1 812 974 544 807 974 974 4
2170 1 812 974 545 794 974 974 4
2171 1 797 974 523 795 974 974 4
2172 1 797 974 521 796 974 974 4
2173 1 715 974 713 572 974 974 4
2174 1 704 974 572 612 974 974 4
2175 1 960 974 957 619 974 974 4
2176 1 961 974 951 572 974 974 4
2177 1 745 974 545 743 974 974 4
2178 1 741 974 713 667 974 974 4
2179 1 752 974 521 620 974 974 4
2180 1 800 974 521 812 974 974 4
2181 1 802 974 791 623 974 974 4
2182 1 798 974 521 523 795 974 4
2183 1 798 974 523 796 974 974 4
2184 1 798 974 521 797 974 974 4
2185 1 629 974 523 624 974 974 4
2186 1 629 974 521 626 974 974 4
2187 1 747 974 549 549 974 974 4
2188 1 645 974 702 813 974 974 4
2189 1 645 974 816 702 974 974 4
2190 1 754 974 546 591 974 974 4
2191 1 765 974 546 596 974 974 4
2192 1 529 974 527 528 974 974 4
2193 1 618 974 617 521 974 974 4
2194 1 541 974 540 521 974 974 4
2195 1 821 974 820 521 974 974 4
2196 1 636 974 635 521 974 974 4
2197 1 643 974 642 521 974 974 4
2198 1 650 974 649 521 974 974 4
2199 1 657 974 656 521 974 974 4
2200 1 663 974 662 521 974 974 4
2201 1 637 974 635 523 974 974 4
2202 1 644 974 642 523 974 974 4
2203 1 645 974 644 523 974 974 4
2204 1 651 974 649 523 974 974 4
2205 1 658 974 656 523 974 974 4
2206 1 664 974 662 523 974 974 4
2207 1 730 974 546 570 974 974 4
2208 1 688 974 523 721 974 974 4
2209 1 639 974 546 623 974 974 4
2210 1 646 974 713 632 974 974 4
2211 1 653 974 546 640 974 974 4
2212 1 659 974 713 647 974 974 4
2213 1 666 974 546 654 974 974 4
2214 1 603 974 713 660 974 974 4
2215 1 589 974 530 546 974 974 4
2216 1 541 974 540 521 974 974 4
2217 1 821 974 820 521 974 974 4
2218 1 636 974 635 521 974 974 4
2219 1 643 974 642 521 974 974 4
2220 1 650 974 649 521 974 974 4
2221 1 657 974 656 521 974 974 4
2222 1 663 974 662 521 974 974 4
2223 1 637 974 635 523 974 974 4
2224 1 644 974 642 523 974 974 4
2225 1 651 974 649 523 974 974 4
2226 1 658 974 656 523 974 974 4
2227 1 664 974 662 523 974 974 4
2228 1 562 974 552 521 974 974 4
2229 1 562 974 558 521 974 974 4
2230 1 562 974 575 530 974 974 4
2231 0 43 974 41 41 974 974 -1
2232 0 4 974 5 3 974 974 -1
2233 0 9 974 10 3 974 974 -1
2234 0 41 974 42 3 974 974 -1
2235 0 11 974 12 3 974 974 -1
2236 0 37 974 31 11 974 974 -1
2237 0 37 974 38 3 974 974 -1
2238 0 7 974 4 4 974 974 -1
2239 0 7 974 4 5 3 974 -1
2240 0 7 974 5 6 974 974 -1
2241 0 7 974 8 3 974 974 -1
2242 0 332 974 268 163 974 974 -1
2243 0 257 974 285 55 974 974 -1
2244 0 200 974 4 197 974 974 -1
2245 0 213 974 4 210 974 974 -1
2246 0 226 974 268 194 974 974 -1
2247 0 75 974 108 177 974 974 -1
2248 0 75 974 142 142 974 974 -1
2249 0 78 974 4 75 974 974 -1
2250 0 245 974 54 157 974 974 -1
2251 0 216 974 4 213 974 974 -1
2252 0 246 974 54 163 974 974 -1
2253 0 247 974 54 191 974 974 -1
2254 0 337 974 268 197 974 974 -1
2255 0 330 974 52 268 125 974 -1
2256 0 335 974 52 268 160 974 -1
2257 0 366 974 34 268 268 974 -1
2258 0 367 974 268 268 125 974 -1
2259 0 368 974 268 268 160 974 -1
2260 0 237 974 31 250 974 974 -1
2261 0 56 974 31 5 974 974 -1
2262 0 56 974 4 32 974 974 -1
2263 0 275 974 4 72 974 974 -1
2264 0 275 974 276 3 974 974 -1
2265 0 504 974 4 502 974 974 -1
2266 0 517 974 4 515 974 974 -1
2267 0 63 974 4 41 974 974 -1
2268 0 63 974 64 3 974 974 -1
2269 0 375 974 41 11 974 974 -1
2270 0 375 974 376 3 974 974 -1
2271 0 379 974 41 72 974 974 -1
2272 0 14 974 11 11 974 974 -1
2273 0 14 974 15 3 974 974 -1
2274 0 17 974 4 11 974 974 -1
2275 0 411 974 4 409 974 974 -1
2276 0 459 974 41 409 974 974 -1
2277 0 413 974 11 409 974 974 -1
2278 0 384 974 72 72 974 974 -1
2279 0 384 974 385 3 974 974 -1
2280 0 400 974 31 391 974 974 -1
2281 0 404 974 4 391 974 974 -1
2282 0 398 974 41 391 974 974 -1
2283 0 393 974 11 391 974 974 -1
2284 0 396 974 72 391 974 974 -1
2285 0 386 974 11 72 974 974 -1
2286 0 386 974 387 3 974 974 -1
2287 0 229 974 4 34 974 974 -1
2288 0 230 974 31 268 974 974 -1
2289 0 234 974 31 273 974 974 -1
2290 0 108 974 31 34 974 974 -1
2291 0 108 974 109 3 974 974 -1
2292 0 231 974 11 34 974 974 -1
2293 0 231 974 31 37 974 974 -1
2294 0 232 974 409 34 974 974 -1
2295 0 232 974 31 423 974 974 -1
2296 0 53 974 57 3 974 974 -1
2297 0 53 974 31 7 974 974 -1
2298 0 39 974 11 37 974 974 -1
2299 0 39 974 40 3 974 974 -1
2300 0 20 974 4 17 974 974 -1
2301 0 20 974 11 7 974 974 -1
2302 0 295 974 72 7 974 974 -1
2303 0 295 974 296 3 974 974 -1
2304 0 340 974 4 268 974 974 -1
2305 0 340 974 341 3 974 974 -1
2306 0 46 974 4 37 974 974 -1
2307 0 46 974 47 3 974 974 -1
2308 0 433 974 4 423 974 974 -1
2309 0 346 974 347 3 974 974 -1
2310 0 435 974 391 52 974 974 -1
2311 0 349 974 4 268 974 974 -1
2312 0 354 974 355 3 974 974 -1
2313 0 438 974 4 398 974 974 -1
2314 0 441 974 4 413 974 974 -1
2315 0 363 974 72 275 974 974 -1
2316 0 365 974 41 375 974 974 -1
2317 0 518 974 515 17 974 974 -1
2318 0 65 974 4 63 974 974 -1
2319 0 65 974 66 3 974 974 -1
2320 0 377 974 11 375 974 974 -1
2321 0 377 974 378 3 974 974 -1
2322 0 381 974 11 268 974 974 -1
2323 0 382 974 72 37 974 974 -1
2324 0 382 974 383 3 974 974 -1
2325 0 415 974 4 411 974 974 -1
2326 0 491 974 31 400 974 974 -1
2327 0 405 974 4 404 974 974 -1
2328 0 487 974 391 268 974 974 -1
2329 0 395 974 11 393 974 974 -1
2330 0 388 974 11 386 974 974 -1
2331 0 388 974 389 3 974 974 -1
2332 0 89 974 4 229 974 974 -1
2333 0 89 974 90 3 974 974 -1
2334 0 495 974 4 108 974 974 -1
2335 0 494 974 4 108 974 974 -1
2336 0 118 974 34 268 974 974 -1
2337 0 121 974 34 37 974 974 -1
2338 0 417 974 31 232 974 974 -1
2339 0 123 974 34 273 974 974 -1
2340 0 125 974 31 108 974 974 -1
2341 0 125 974 34 34 974 974 -1
2342 0 54 974 4 53 974 974 -1
2343 0 54 974 58 3 974 974 -1
2344 0 48 974 37 7 974 974 -1
2345 0 48 974 289 3 974 974 -1
2346 0 291 974 273 7 974 974 -1
2347 0 23 974 17 17 974 974 -1
2348 0 364 974 275 275 974 974 -1
2349 0 428 974 7 393 974 974 -1
2350 0 431 974 4 232 974 974 -1
2351 0 67 974 7 63 974 974 -1
2352 0 67 974 4 65 974 974 -1
2353 0 67 974 68 3 974 974 -1
2354 0 432 974 4 491 974 974 -1
2355 0 492 974 31 491 974 974 -1
2356 0 478 974 7 400 974 974 -1
2357 0 407 974 4 405 974 974 -1
2358 0 284 974 268 53 974 974 -1
2359 0 285 974 37 53 974 974 -1
2360 0 285 974 286 3 974 974 -1
2361 0 91 974 4 89 974 974 -1
2362 0 497 974 4 495 974 974 -1
2363 0 496 974 4 494 974 974 -1
2364 0 128 974 4 125 974 974 -1
2365 0 138 974 268 108 974 974 -1
2366 0 418 974 31 417 974 974 -1
2367 0 140 974 273 108 974 974 -1
2368 0 142 974 31 125 974 974 -1
2369 0 142 974 34 108 974 974 -1
2370 0 61 974 17 46 974 974 -1
2371 0 61 974 345 3 974 974 -1
2372 0 420 974 7 433 974 974 -1
2373 0 240 974 7 340 974 974 -1
2374 0 55 974 7 53 974 974 -1
2375 0 55 974 59 3 974 974 -1
2376 0 317 974 268 229 974 974 -1
2377 0 317 974 318 3 974 974 -1
2378 0 490 974 7 491 974 974 -1
2379 0 468 974 4 492 974 974 -1
2380 0 472 974 34 491 974 974 -1
2381 0 479 974 4 478 974 974 -1
2382 0 408 974 7 405 974 974 -1
2383 0 323 974 34 52 268 974 -1
2384 0 253 974 268 54 974 974 -1
2385 0 253 974 254 3 974 974 -1
2386 0 93 974 7 89 974 974 -1
2387 0 93 974 94 3 974 974 -1
2388 0 235 974 4 497 974 974 -1
2389 0 235 974 4 496 974 974 -1
2390 0 131 974 229 229 974 974 -1
2391 0 131 974 4 128 974 974 -1
2392 0 131 974 132 3 974 974 -1
2393 0 145 974 4 142 974 974 -1
2394 0 157 974 268 125 974 974 -1
2395 0 160 974 31 142 974 974 -1
2396 0 160 974 34 125 974 974 -1
2397 0 160 974 108 108 974 974 -1
2398 0 51 974 17 54 974 974 -1
2399 0 51 974 7 48 974 974 -1
2400 0 51 974 4 290 3 974 -1
2401 0 51 974 266 3 974 974 -1
2402 0 251 974 46 54 974 974 -1
2403 0 251 974 37 55 974 974 -1
2404 0 251 974 95 3 974 974 -1
2405 0 96 974 4 93 974 974 -1
2406 0 238 974 268 91 974 974 -1
2407 0 248 974 4 235 974 974 -1
2408 0 248 974 115 3 974 974 -1
2409 0 248 974 53 89 974 974 -1
2410 0 148 974 4 145 974 974 -1
2411 0 163 974 4 160 974 974 -1
2412 0 177 974 34 142 974 974 -1
2413 0 177 974 108 125 974 974 -1
2414 0 258 974 4 4 7 340 -1
2415 0 258 974 259 3 974 974 -1
2416 0 327 974 268 128 974 974 -1
2417 0 166 974 4 163 974 974 -1
2418 0 180 974 4 177 974 974 -1
2419 0 191 974 268 160 974 974 -1
2420 0 194 974 31 177 974 974 -1
2421 0 194 974 108 142 974 974 -1
2422 0 194 974 125 125 974 974 -1
2423 0 243 974 118 54 974 974 -1
2424 0 344 974 48 48 974 974 -1
2425 0 249 974 98 3 974 974 -1
2426 0 183 974 4 180 974 974 -1
2427 0 197 974 4 194 974 974 -1
2428 0 210 974 34 177 974 974 -1
2429 0 210 974 108 160 974 974 -1
2430 0 210 974 125 142 974 974 -1
2431 0 244 974 54 128 974 974 -1
2432 0 263 974 48 55 974 974 -1
2433 0 263 974 264 3 974 974 -1
2434 0 31 974 32 3 974 974 -1
2435 0 28 974 29 3 974 974 -1
2436 0 70 974 71 3 974 974 -1
2437 0 502 974 503 3 974 974 -1
2438 0 515 974 516 3 974 974 -1
2439 0 409 974 410 3 974 974 -1
2440 0 72 974 73 3 974 974 -1
2441 0 391 974 392 3 974 974 -1
2442 0 34 974 31 31 974 974 -1
2443 0 34 974 35 3 974 974 -1
2444 0 510 974 31 28 974 974 -1
2445 0 52 974 31 4 974 974 -1
2446 0 52 974 56 3 974 974 -1
2447 0 512 974 28 11 974 974 -1
2448 0 268 974 31 41 974 974 -1
2449 0 268 974 269 3 974 974 -1
2450 0 423 974 31 409 974 974 -1
2451 0 273 974 31 72 974 974 -1
2452 0 273 974 274 3 974 974 -1
2453 0 506 974 28 4 974 974 -1
2454 0 506 974 507 3 974 974 -1
2455 0 436 974 4 26 974 974 -1
2456 0 81 974 4 78 974 974 -1
2457 0 86 974 31 75 974 974 -1
2458 0 287 974 4 340 974 974 -1
2459 0 250 974 7 248 974 974 -1
2460 0 342 974 268 229 974 974 -1
2461 0 339 974 268 229 974 974 -1
2462 0 351 974 268 229 974 974 -1
2463 0 372 974 268 65 974 974 -1
2464 0 371 974 46 65 974 974 -1
2465 0 133 974 4 131 974 974 -1
2466 0 173 974 7 7 166 974 -1
2467 0 100 974 7 93 974 974 -1
2468 0 100 974 101 3 974 974 -1
2469 0 352 974 37 63 974 974 -1
2470 0 41 974 42 3 974 974 -1
2471 0 11 974 12 3 974 974 -1
2472 0 6 974 4 3 974 974 -1
2473 0 43 974 41 41 974 974 -1
2474 0 16 974 11 14 974 974 -1
2475 0 38 974 32 11 974 974 -1
2476 0 8 974 4 5 974 974 -1
2477 0 24 974 5 7 974 974 -1
2478 0 64 974 4 42 974 974 -1
2479 0 15 974 11 12 974 974 -1
2480 0 18 974 4 12 974 974 -1
2481 0 412 974 4 410 974 974 -1
2482 0 276 974 4 73 974 974 -1
2483 0 57 974 56 4 974 974 -1
2484 0 59 974 58 4 974 974 -1
2485 0 47 974 38 4 974 974 -1
2486 0 507 974 29 4 974 974 -1
2487 0 483 974 4 392 974 974 -1
2488 0 37 974 31 11 974 974 -1
2489 0 131 974 4 128 974 974 -1
2490 0 131 974 132 3 974 974 -1
2491 0 131 974 229 229 974 974 -1
2492 0 145 974 229 108 974 974 -1
2493 0 145 974 34 495 974 974 -1
2494 0 145 974 34 494 974 974 -1
2495 0 145 974 4 142 974 974 -1
2496 0 157 974 268 125 974 974 -1
2497 0 51 974 7 48 974 974 -1
2498 0 51 974 266 3 974 974 -1
2499 0 51 974 17 54 974 974 -1
2500 0 51 974 4 290 3 974 -1
2501 0 251 974 46 54 974 974 -1
2502 0 251 974 37 55 974 974 -1
2503 0 251 974 95 3 974 974 -1
2504 0 248 974 7 497 974 974 -1
2505 0 248 974 7 496 974 974 -1
2506 0 248 974 4 235 974 974 -1
2507 0 248 974 115 3 974 974 -1
2508 0 237 974 31 250 974 974 -1
2509 0 148 974 229 495 974 974 -1
2510 0 148 974 229 494 974 974 -1
2511 0 148 974 4 145 974 974 -1
2512 0 163 974 229 125 974 974 -1
2513 0 163 974 108 495 974 974 -1
2514 0 163 974 108 494 974 974 -1
2515 0 258 974 4 268 7 7 -1
2516 0 258 974 4 4 7 340 -1
2517 0 258 974 65 54 974 974 -1
2518 0 258 974 4 4 240 974 -1
2519 0 258 974 259 3 974 974 -1
2520 0 327 974 4 157 974 974 -1
2521 0 327 974 268 128 974 974 -1
2522 0 243 974 118 54 974 974 -1
2523 0 366 974 34 268 268 974 -1
2524 0 367 974 268 268 125 974 -1
2525 0 368 974 268 268 160 974 -1
2526 0 323 974 34 52 268 974 -1
2527 0 330 974 52 268 125 974 -1
2528 0 335 974 52 268 160 974 -1
2529 0 249 974 20 93 974 974 -1
2530 0 249 974 98 3 974 974 -1
2531 0 249 974 17 96 974 974 -1
2532 0 244 974 54 128 974 974 -1
2533 0 263 974 48 55 974 974 -1
2534 0 263 974 264 3 974 974 -1
2535 0 35 974 31 32 974 974 -1
2536 0 56 974 31 5 974 974 -1
2537 0 8 974 4 5 974 974 -1
2538 0 18 974 11 5 974 974 -1
2539 0 483 974 4 392 974 974 -1
2540 0 88 974 4 35 974 974 -1
2541 0 57 974 4 56 974 974 -1
2542 0 58 974 7 56 974 974 -1
2543 0 58 974 4 57 974 974 -1
2544 0 33 974 31 3 974 974 -1
2545 0 6 974 4 3 974 974 -1
2546 0 13 974 11 3 974 974 -1
2547 0 74 974 72 3 974 974 -1
2548 0 270 974 268 3 974 974 -1
2549 0 19 974 17 3 974 974 -1
2550 0 31 974 32 3 974 974 -1
2551 0 28 974 29 3 974 974 -1
2552 0 70 974 71 3 974 974 -1
2553 0 502 974 503 3 974 974 -1
2554 0 515 974 516 3 974 974 -1
2555 0 72 974 73 3 974 974 -1
2556 0 391 974 392 3 974 974 -1
2557 0 34 974 31 31 974 974 -1
2558 0 34 974 35 3 974 974 -1
2559 0 510 974 31 28 974 974 -1
2560 0 52 974 31 4 974 974 -1
2561 0 52 974 56 3 974 974 -1
2562 0 512 974 28 11 974 974 -1
2563 0 268 974 31 41 974 974 -1
2564 0 37 974 31 11 974 974 -1
2565 0 273 974 31 72 974 974 -1
2566 0 273 974 274 3 974 974 -1
2567 0 7 974 4 4 974 974 -1
2568 0 506 974 28 4 974 974 -1
2569 0 506 974 507 3 974 974 -1
2570 0 436 974 4 26 974 974 -1
2571 0 275 974 4 72 974 974 -1
2572 0 275 974 276 3 974 974 -1
2573 0 43 974 41 41 974 974 -1
2574 0 63 974 4 41 974 974 -1
2575 0 63 974 64 3 974 974 -1
2576 0 375 974 41 11 974 974 -1
2577 0 375 974 376 3 974 974 -1
2578 0 379 974 41 72 974 974 -1
2579 0 14 974 11 11 974 974 -1
2580 0 14 974 15 3 974 974 -1
2581 0 17 974 4 11 974 974 -1
2582 0 17 974 18 3 974 974 -1
2583 0 400 974 31 391 974 974 -1
2584 0 404 974 4 391 974 974 -1
2585 0 393 974 11 391 974 974 -1
2586 0 396 974 72 391 974 974 -1
2587 0 386 974 11 72 974 974 -1
2588 0 386 974 387 3 974 974 -1
2589 0 229 974 4 34 974 974 -1
2590 0 229 974 88 3 974 974 -1
2591 0 230 974 41 34 974 974 -1
2592 0 230 974 31 268 974 974 -1
2593 0 234 974 72 34 974 974 -1
2594 0 108 974 31 34 974 974 -1
2595 0 108 974 109 3 974 974 -1
2596 0 53 974 4 52 974 974 -1
2597 0 53 974 57 3 974 974 -1
2598 0 39 974 11 37 974 974 -1
2599 0 20 974 4 17 974 974 -1
2600 0 20 974 21 3 974 974 -1
2601 0 20 974 11 7 974 974 -1
2602 0 295 974 4 275 974 974 -1
2603 0 295 974 296 3 974 974 -1
2604 0 340 974 4 268 974 974 -1
2605 0 340 974 341 3 974 974 -1
2606 0 46 974 4 37 974 974 -1
2607 0 46 974 47 3 974 974 -1
2608 0 349 974 4 268 974 974 -1
2609 0 354 974 4 375 974 974 -1
2610 0 518 974 515 17 974 974 -1
2611 0 65 974 4 63 974 974 -1
2612 0 65 974 66 3 974 974 -1
2613 0 377 974 11 375 974 974 -1
2614 0 377 974 378 3 974 974 -1
2615 0 381 974 11 268 974 974 -1
2616 0 382 974 72 37 974 974 -1
2617 0 382 974 383 3 974 974 -1
2618 0 388 974 11 386 974 974 -1
2619 0 388 974 389 3 974 974 -1
2620 0 89 974 4 229 974 974 -1
2621 0 89 974 90 3 974 974 -1
2622 0 495 974 4 108 974 974 -1
2623 0 494 974 4 108 974 974 -1
2624 0 118 974 34 268 974 974 -1
2625 0 121 974 34 37 974 974 -1
2626 0 123 974 34 273 974 974 -1
2627 0 125 974 34 34 974 974 -1
2628 0 125 974 31 108 974 974 -1
2629 0 54 974 52 7 974 974 -1
2630 0 54 974 4 53 974 974 -1
2631 0 54 974 58 3 974 974 -1
2632 0 48 974 4 4 37 974 -1
2633 0 48 974 37 7 974 974 -1
2634 0 48 974 4 47 3 974 -1
2635 0 48 974 289 3 974 974 -1
2636 0 291 974 273 7 974 974 -1
2637 0 67 974 7 63 974 974 -1
2638 0 67 974 4 65 974 974 -1
2639 0 67 974 68 3 974 974 -1
2640 0 285 974 37 53 974 974 -1
2641 0 285 974 286 3 974 974 -1
2642 0 91 974 4 89 974 974 -1
2643 0 91 974 92 3 974 974 -1
2644 0 497 974 7 108 974 974 -1
2645 0 497 974 4 495 974 974 -1
2646 0 496 974 7 108 974 974 -1
2647 0 496 974 4 494 974 974 -1
2648 0 128 974 34 229 974 974 -1
2649 0 128 974 4 125 974 974 -1
2650 0 138 974 268 108 974 974 -1
2651 0 140 974 273 108 974 974 -1
2652 0 142 974 34 108 974 974 -1
2653 0 142 974 31 125 974 974 -1
2654 0 61 974 17 46 974 974 -1
2655 0 61 974 345 3 974 974 -1
2656 0 240 974 7 340 974 974 -1
2657 0 55 974 4 52 7 974 -1
2658 0 55 974 7 53 974 974 -1
2659 0 55 974 4 54 974 974 -1
2660 0 55 974 59 3 974 974 -1
2661 0 317 974 268 229 974 974 -1
2662 0 317 974 318 3 974 974 -1
2663 0 253 974 268 54 974 974 -1
2664 0 253 974 254 3 974 974 -1
2665 0 93 974 7 89 974 974 -1
2666 0 93 974 94 3 974 974 -1
2667 0 235 974 7 495 974 974 -1
2668 0 235 974 7 494 974 974 -1
2669 0 235 974 4 497 974 974 -1
2670 0 235 974 4 496 974 974 -1
2671 0 160 974 31 142 974 974 -1
2672 0 160 974 34 125 974 974 -1
2673 0 160 974 108 108 974 974 -1
2674 0 160 974 161 3 974 974 -1
2675 0 177 974 34 142 974 974 -1
2676 0 177 974 108 125 974 974 -1
2677 0 177 974 178 3 974 974 -1
2678 0 194 974 31 177 974 974 -1
2679 0 194 974 108 142 974 974 -1
2680 0 194 974 125 125 974 974 -1
2681 0 194 974 195 3 974 974 -1
2682 0 210 974 34 177 974 974 -1
2683 0 210 974 108 160 974 974 -1
2684 0 210 974 125 142 974 974 -1
2685 0 210 974 211 3 974 974 -1
2686 0 75 974 108 177 974 974 -1
2687 0 75 974 142 142 974 974 -1
2688 0 75 974 76 3 974 974 -1
2689 0 130 974 128 3 974 974 -1
2690 0 144 974 142 3 974 974 -1
2691 0 147 974 145 3 974 974 -1
2692 0 162 974 160 3 974 974 -1
2693 0 165 974 163 3 974 974 -1
2694 0 179 974 177 3 974 974 -1
2695 0 182 974 180 3 974 974 -1
2696 0 196 974 194 3 974 974 -1
2697 0 199 974 197 3 974 974 -1
2698 0 212 974 210 3 974 974 -1
2699 0 215 974 213 3 974 974 -1
2700 0 77 974 75 3 974 974 -1
2701 0 80 974 78 3 974 974 -1
2702 0 120 974 118 3 974 974 -1
2703 0 110 974 108 3 974 974 -1
2704 0 127 974 125 3 974 974 -1
2705 0 81 974 4 78 974 974 -1
2706 0 81 974 82 3 974 974 -1
2707 0 81 974 4 4 75 974 -1
2708 0 81 974 4 108 180 974 -1
2709 0 86 974 125 177 974 974 -1
2710 0 86 974 34 210 974 974 -1
2711 0 86 974 87 3 974 974 -1
2712 0 86 974 108 194 974 974 -1
2713 0 86 974 142 160 974 974 -1
2714 0 86 974 108 108 142 974 -1
2715 0 78 974 4 75 974 974 -1
2716 0 78 974 79 3 974 974 -1
2717 0 78 974 108 180 974 974 -1
2718 0 78 974 142 145 974 974 -1
2719 0 78 974 4 108 177 974 -1
2720 0 78 974 4 142 142 974 -1
2721 0 78 974 31 4 210 974 -1
2722 0 78 974 4 34 194 974 -1
2723 0 246 974 54 163 974 974 -1
2724 0 245 974 54 157 974 974 -1
2725 0 247 974 54 191 974 974 -1
2726 0 231 974 11 34 974 974 -1
2727 0 231 974 31 37 974 974 -1
2728 0 346 974 347 3 974 974 -1
2729 0 23 974 17 17 974 974 -1
2730 0 96 974 7 91 974 974 -1
2731 0 96 974 97 3 974 974 -1
2732 0 238 974 112 3 974 974 -1
2733 0 238 974 268 91 974 974 -1
2734 0 257 974 102 3 974 974 -1
2735 0 257 974 37 54 54 974 -1
2736 0 166 974 167 3 974 974 -1
2737 0 166 974 4 163 974 974 -1
2738 0 180 974 4 177 974 974 -1
2739 0 180 974 181 3 974 974 -1
2740 0 183 974 184 3 974 974 -1
2741 0 183 974 4 180 974 974 -1
2742 0 191 974 192 3 974 974 -1
2743 0 191 974 268 160 974 974 -1
2744 0 197 974 198 3 974 974 -1
2745 0 197 974 4 194 974 974 -1
2746 0 200 974 4 197 974 974 -1
2747 0 200 974 201 3 974 974 -1
2748 0 213 974 214 3 974 974 -1
2749 0 213 974 4 210 974 974 -1
2750 0 216 974 4 213 974 974 -1
2751 0 216 974 217 3 974 974 -1
2752 0 226 974 227 3 974 974 -1
2753 0 226 974 268 194 974 974 -1
2754 0 332 974 333 3 974 974 -1
2755 0 332 974 268 163 974 974 -1
2756 0 337 974 268 197 974 974 -1
2757 0 337 974 225 3 974 974 -1
2758 0 423 974 31 409 974 974 -1
2759 0 504 974 4 502 974 974 -1
2760 0 517 974 4 515 974 974 -1
2761 0 411 974 4 409 974 974 -1
2762 0 459 974 41 409 974 974 -1
2763 0 413 974 11 409 974 974 -1
2764 0 384 974 72 72 974 974 -1
2765 0 384 974 385 3 974 974 -1
2766 0 398 974 41 391 974 974 -1
2767 0 232 974 409 34 974 974 -1
2768 0 232 974 31 423 974 974 -1
2769 0 433 974 4 423 974 974 -1
2770 0 435 974 4 400 974 974 -1
2771 0 435 974 422 3 974 974 -1
2772 0 438 974 4 398 974 974 -1
2773 0 441 974 4 413 974 974 -1
2774 0 363 974 72 275 974 974 -1
2775 0 363 974 360 3 974 974 -1
2776 0 365 974 11 43 974 974 -1
2777 0 415 974 4 411 974 974 -1
2778 0 415 974 416 3 974 974 -1
2779 0 491 974 391 34 974 974 -1
2780 0 405 974 4 404 974 974 -1
2781 0 405 974 406 3 974 974 -1
2782 0 487 974 31 398 974 974 -1
2783 0 487 974 391 268 974 974 -1
2784 0 395 974 11 393 974 974 -1
2785 0 417 974 34 423 974 974 -1
2786 0 364 974 275 275 974 974 -1
2787 0 428 974 4 4 393 974 -1
2788 0 428 974 7 393 974 974 -1
2789 0 432 974 4 491 974 974 -1
2790 0 492 974 31 491 974 974 -1
2791 0 492 974 34 400 974 974 -1
2792 0 478 974 4 435 974 974 -1
2793 0 478 974 421 3 974 974 -1
2794 0 407 974 7 404 974 974 -1
2795 0 407 974 4 405 974 974 -1
2796 0 407 974 484 3 974 974 -1
2797 0 284 974 268 53 974 974 -1
2798 0 284 974 239 3 974 974 -1
2799 0 250 974 53 93 974 974 -1
2800 0 418 974 423 108 974 974 -1
2801 0 420 974 411 53 974 974 -1
2802 0 342 974 34 340 974 974 -1
2803 0 339 974 268 229 974 974 -1
2804 0 351 974 4 118 974 974 -1
2805 0 490 974 4 432 974 974 -1
2806 0 468 974 4 492 974 974 -1
2807 0 472 974 391 125 974 974 -1
2808 0 479 974 4 478 974 974 -1
2809 0 408 974 4 7 404 974 -1
2810 0 408 974 7 405 974 974 -1
2811 0 408 974 4 407 974 974 -1
2812 0 133 974 7 128 974 974 -1
2813 0 133 974 4 131 974 974 -1
2814 0 344 974 48 48 974 974 -1
2815 0 173 974 248 496 974 974 -1
2816 0 173 974 497 248 974 974 -1
2817 0 352 974 37 63 974 974 -1
2818 0 371 974 37 67 974 974 -1
2819 0 412 974 4 410 974 974 -1
2820 0 64 974 4 42 974 974 -1
2821 0 16 974 11 14 974 974 -1
2822 0 15 974 11 12 974 974 -1
2823 0 276 974 4 73 974 974 -1
2824 0 38 974 32 11 974 974 -1
2825 0 100 974 96 4 974 974 -1
2826 0 100 974 101 3 974 974 -1
2827 0 507 974 29 4 974 974 -1
2828 0 59 974 58 4 974 974 -1
2829 0 409 974 410 3 974 974 -1
2830 0 47 974 38 4 974 974 -1
2831 0 52 32 4 35 974 974 -1
2832 0 52 32 34 5 974 974 -1
2833 0 506 32 4 511 974 974 -1
2834 0 506 32 4 511 974 974 -1
2835 0 436 32 4 30 974 974 -1
2836 0 275 32 4 274 974 974 -1
2837 0 275 32 4 274 974 974 -1
2838 0 504 32 52 503 974 974 -1
2839 0 517 32 52 516 974 974 -1
2840 0 63 32 4 269 974 974 -1
2841 0 379 32 41 274 974 974 -1
2842 0 14 32 37 12 974 974 -1
2843 0 14 32 11 38 974 974 -1
2844 0 17 32 4 38 974 974 -1
2845 0 400 32 34 392 974 974 -1
2846 0 400 32 34 392 974 974 -1
2847 0 404 32 4 401 974 974 -1
2848 0 398 32 41 401 974 974 -1
2849 0 393 32 37 392 974 974 -1
2850 0 396 32 72 401 974 974 -1
2851 0 396 32 72 401 974 974 -1
2852 0 386 32 37 73 974 974 -1
2853 0 386 32 37 73 974 974 -1
2854 0 386 32 72 38 974 974 -1
2855 0 386 32 72 38 974 974 -1
2856 0 386 32 11 274 974 974 -1
2857 0 386 32 11 274 974 974 -1
2858 0 229 32 4 109 974 974 -1
2859 0 229 32 4 109 974 974 -1
2860 0 229 32 108 5 974 974 -1
2861 0 229 32 108 5 974 974 -1
2862 0 234 32 108 73 974 974 -1
2863 0 234 32 273 35 974 974 -1
2864 0 231 32 31 106 974 974 -1
2865 0 232 32 34 424 974 974 -1
2866 0 53 32 4 88 974 974 -1
2867 0 53 32 4 88 974 974 -1
2868 0 39 32 37 38 974 974 -1
2869 0 20 32 4 47 974 974 -1
2870 0 20 32 4 357 974 974 -1
2871 0 295 32 4 347 974 974 -1
2872 0 295 32 4 347 974 974 -1
2873 0 340 32 4 271 974 974 -1
2874 0 46 32 37 56 974 974 -1
2875 0 433 32 4 233 974 974 -1
2876 0 433 32 4 233 974 974 -1
2877 0 435 32 4 403 974 974 -1
2878 0 349 32 4 271 974 974 -1
2879 0 438 32 4 488 974 974 -1
2880 0 438 32 4 488 974 974 -1
2881 0 518 32 515 47 974 974 -1
2882 0 65 32 4 341 974 974 -1
2883 0 381 32 268 38 974 974 -1
2884 0 381 32 268 38 974 974 -1
2885 0 382 32 37 274 974 974 -1
2886 0 382 32 37 274 974 974 -1
2887 0 405 32 7 401 974 974 -1
2888 0 405 32 4 422 974 974 -1
2889 0 388 32 37 387 974 974 -1
2890 0 388 32 37 387 974 974 -1
2891 0 89 32 4 111 974 974 -1
2892 0 495 32 4 126 974 974 -1
2893 0 495 32 108 56 974 974 -1
2894 0 494 32 4 126 974 974 -1
2895 0 494 32 108 56 974 974 -1
2896 0 121 32 37 109 974 974 -1
2897 0 417 32 409 126 974 974 -1
2898 0 123 32 72 126 974 974 -1
2899 0 123 32 109 273 974 974 -1
2900 0 123 32 108 274 974 974 -1
2901 0 54 32 7 88 974 974 -1
2902 0 54 32 4 90 974 974 -1
2903 0 48 32 37 57 974 974 -1
2904 0 48 32 52 47 974 974 -1
2905 0 291 32 273 57 974 974 -1
2906 0 291 32 273 57 974 974 -1
2907 0 431 32 229 424 974 974 -1
2908 0 431 32 229 424 974 974 -1
2909 0 431 32 52 233 974 974 -1
2910 0 431 32 52 233 974 974 -1
2911 0 67 32 4 343 974 974 -1
2912 0 67 32 7 350 974 974 -1
2913 0 432 32 4 493 974 974 -1
2914 0 432 32 4 493 974 974 -1
2915 0 478 32 7 403 974 974 -1
2916 0 478 32 4 464 974 974 -1
2917 0 407 32 7 422 974 974 -1
2918 0 407 32 4 421 974 974 -1
2919 0 91 32 7 111 974 974 -1
2920 0 91 32 4 499 974 974 -1
2921 0 91 32 4 498 974 974 -1
2922 0 497 32 7 126 974 974 -1
2923 0 497 32 4 129 974 974 -1
2924 0 496 32 7 126 974 974 -1
2925 0 496 32 4 129 974 974 -1
2926 0 128 32 4 143 974 974 -1
2927 0 128 32 4 143 974 974 -1
2928 0 418 32 409 143 974 974 -1
2929 0 140 32 72 143 974 974 -1
2930 0 420 32 7 448 974 974 -1
2931 0 420 32 7 448 974 974 -1
2932 0 240 32 4 239 974 974 -1
2933 0 55 32 7 90 974 974 -1
2934 0 55 32 4 92 974 974 -1
2935 0 342 32 52 119 974 974 -1
2936 0 342 32 230 88 974 974 -1
2937 0 342 32 108 341 974 974 -1
2938 0 342 32 4 139 974 974 -1
2939 0 342 32 229 36 974 974 -1
2940 0 235 149 4 205 974 974 -1
2941 0 235 149 7 203 974 974 -1
2942 0 131 149 229 187 974 974 -1
2943 0 131 149 4 220 974 974 -1
2944 0 248 149 7 205 974 974 -1
2945 0 31 164 4 178 974 974 -1
2946 0 11 164 142 47 974 974 -1
2947 0 7 164 4 167 974 974 -1
2948 0 7 178 4 181 974 974 -1
2949 0 48 267 7 310 974 974 -1
2950 0 51 267 20 265 974 974 -1
2951 0 7 280 4 303 974 974 -1
2952 0 4 101 7 97 974 974 -1
2953 0 31 116 7 134 974 974 -1
2954 0 41 116 340 94 974 974 -1
2955 0 41 116 7 112 974 974 -1
2956 0 11 116 93 47 974 974 -1
2957 0 173 116 248 174 974 974 -1
2958 0 89 135 7 171 974 974 -1
2959 0 89 135 4 172 974 974 -1
2960 0 131 135 89 171 974 974 -1
2961 0 31 151 7 164 974 974 -1
2962 0 31 151 4 167 974 974 -1
2963 0 11 151 131 47 974 974 -1
2964 0 31 167 7 178 974 974 -1
2965 0 31 167 4 181 974 974 -1
2966 0 11 167 145 47 974 974 -1
2967 0 229 167 4 201 974 974 -1
2968 0 229 167 4 201 974 974 -1
2969 0 494 167 4 217 974 974 -1
2970 0 495 167 4 217 974 974 -1
2971 0 91 167 7 203 974 974 -1
2972 0 91 167 4 205 974 974 -1
2973 0 497 167 7 217 974 974 -1
2974 0 497 167 4 220 974 974 -1
2975 0 496 167 7 217 974 974 -1
2976 0 496 167 4 220 974 974 -1
2977 0 55 167 7 189 974 974 -1
2978 0 93 167 7 205 974 974 -1
2979 0 235 167 7 220 974 974 -1
2980 0 235 167 4 223 974 974 -1
2981 0 248 167 7 223 974 974 -1
2982 0 41 181 4 192 974 974 -1
2983 0 11 181 160 47 974 974 -1
2984 0 7 192 4 333 974 974 -1
2985 0 7 195 4 198 974 974 -1
2986 0 31 304 4 152 974 974 -1
2987 0 41 136 4 304 974 974 -1
2988 0 41 154 4 152 974 974 -1
2989 0 31 169 7 181 974 974 -1
2990 0 31 169 4 184 974 974 -1
2991 0 11 169 148 47 974 974 -1
2992 0 31 184 4 198 974 974 -1
2993 0 41 184 4 333 974 974 -1
2994 0 11 184 163 47 974 974 -1
2995 0 229 184 4 217 974 974 -1
2996 0 229 184 4 217 974 974 -1
2997 0 89 184 7 217 974 974 -1
2998 0 89 184 4 220 974 974 -1
2999 0 91 184 7 220 974 974 -1
3000 0 91 184 4 223 974 974 -1
3001 0 55 184 7 205 974 974 -1
3002 0 93 184 7 223 974 974 -1
3003 0 7 198 4 201 974 974 -1
3004 0 7 211 4 214 974 974 -1
3005 0 7 76 4 79 974 974 -1
3006 0 7 79 4 82 974 974 -1
3007 0 41 156 7 152 974 974 -1
3008 0 31 187 7 198 974 974 -1
3009 0 31 187 4 201 974 974 -1
3010 0 41 187 4 185 974 974 -1
3011 0 11 187 166 47 974 974 -1
3012 0 31 201 7 211 974 974 -1
3013 0 31 201 4 214 974 974 -1
3014 0 11 201 180 47 974 974 -1
3015 0 55 201 7 223 974 974 -1
3016 0 41 214 4 227 974 974 -1
3017 0 11 214 194 47 974 974 -1
3018 0 7 227 4 225 974 974 -1
3019 0 31 305 4 306 974 974 -1
3020 0 41 172 4 305 974 974 -1
3021 0 93 172 89 174 974 974 -1
3022 0 11 172 37 156 974 974 -1
3023 0 14 172 37 37 136 974 -1
3024 0 41 189 4 306 974 974 -1
3025 0 31 203 7 214 974 974 -1
3026 0 31 203 4 217 974 974 -1
3027 0 11 203 183 47 974 974 -1
3028 0 31 217 7 76 974 974 -1
3029 0 31 217 4 79 974 974 -1
3030 0 41 217 4 225 974 974 -1
3031 0 11 217 197 47 974 974 -1
3032 0 41 190 7 306 974 974 -1
3033 0 41 220 4 218 974 974 -1
3034 0 11 220 200 47 974 974 -1
3035 0 31 206 4 221 974 974 -1
3036 0 41 223 4 221 974 974 -1
3037 0 7 38 4 357 974 974 -1
3038 0 7 38 4 47 974 974 -1
3039 0 4 389 17 387 974 974 -1
3040 0 7 269 4 350 974 974 -1
3041 0 7 269 4 341 974 974 -1
3042 0 4 105 268 350 974 974 -1
3043 0 4 105 43 88 974 974 -1
3044 0 375 33 11 270 974 974 -1
3045 0 14 33 37 13 974 974 -1
3046 0 39 33 37 37 3 974 -1
3047 0 20 6 7 19 974 974 -1
3048 0 340 6 7 270 974 974 -1
3049 0 7 13 4 19 974 974 -1
3050 0 340 13 17 270 974 974 -1
3051 0 55 13 54 19 974 974 -1
3052 0 340 19 20 270 974 974 -1
3053 0 11 232 37 423 974 974 -1
3054 0 11 53 4 4 37 974 -1
3055 0 11 53 37 7 974 974 -1
3056 0 11 53 4 46 974 974 -1
3057 0 11 46 4 39 974 974 -1
3058 0 11 46 37 17 974 974 -1
3059 0 11 340 4 381 974 974 -1
3060 0 11 340 37 63 974 974 -1
3061 0 11 340 268 17 974 974 -1
3062 0 11 433 37 411 974 974 -1
3063 0 11 346 4 382 974 974 -1
3064 0 11 435 52 393 974 974 -1
3065 0 11 295 275 17 974 974 -1
3066 0 11 354 375 17 974 974 -1
3067 0 11 354 63 14 974 974 -1
3068 0 11 441 17 413 974 974 -1
3069 0 11 65 63 17 974 974 -1
3070 0 11 65 4 354 974 974 -1
3071 0 11 377 375 14 974 974 -1
3072 0 11 381 37 375 974 974 -1
3073 0 11 415 4 441 974 974 -1
3074 0 11 415 17 411 974 974 -1
3075 0 11 415 7 413 974 974 -1
3076 0 11 108 34 37 974 974 -1
3077 0 11 491 37 400 974 974 -1
3078 0 11 405 4 4 393 974 -1
3079 0 11 405 7 393 974 974 -1
3080 0 11 487 37 398 974 974 -1
3081 0 11 91 4 285 974 974 -1
3082 0 11 91 17 89 974 974 -1
3083 0 11 91 54 37 974 974 -1
3084 0 11 96 4 251 974 974 -1
3085 0 11 96 54 48 974 974 -1
3086 0 11 96 17 93 974 974 -1
3087 0 11 495 37 229 974 974 -1
3088 0 11 495 4 121 974 974 -1
3089 0 11 494 37 229 974 974 -1
3090 0 11 494 4 121 974 974 -1
3091 0 11 118 37 230 974 974 -1
3092 0 11 121 37 231 974 974 -1
3093 0 11 417 37 232 974 974 -1
3094 0 11 125 37 108 974 974 -1
3095 0 11 54 4 48 974 974 -1
3096 0 11 54 4 37 7 974 -1
3097 0 11 287 17 340 974 974 -1
3098 0 11 287 17 349 974 974 -1
3099 0 11 431 37 433 974 974 -1
3100 0 11 492 37 491 974 974 -1
3101 0 11 407 4 428 974 974 -1
3102 0 11 496 37 89 974 974 -1
3103 0 11 496 4 37 229 974 -1
3104 0 11 142 37 125 974 974 -1
3105 0 11 128 37 495 974 974 -1
3106 0 11 128 37 494 974 974 -1
3107 0 11 138 37 118 974 974 -1
3108 0 11 418 37 417 974 974 -1
3109 0 11 420 4 37 415 974 -1
3110 0 11 472 37 492 974 974 -1
3111 0 11 145 37 128 974 974 -1
3112 0 11 145 4 159 974 974 -1
3113 0 11 157 37 138 974 974 -1
3114 0 11 157 381 125 974 974 -1
3115 0 11 160 37 142 974 974 -1
3116 0 11 163 37 145 974 974 -1
3117 0 11 177 37 160 974 974 -1
3118 0 11 180 37 163 974 974 -1
3119 0 11 180 4 193 974 974 -1
3120 0 11 191 37 175 974 974 -1
3121 0 11 194 37 177 974 974 -1
3122 0 11 197 37 180 974 974 -1
3123 0 11 210 37 194 974 974 -1
3124 0 11 213 37 197 974 974 -1
3125 0 11 213 4 228 974 974 -1
3126 0 11 226 37 208 974 974 -1
3127 0 11 75 37 210 974 974 -1
3128 0 11 86 37 75 974 974 -1
3129 0 72 34 31 273 974 974 -1
3130 0 72 52 4 273 974 974 -1
3131 0 72 63 4 379 974 974 -1
3132 0 72 275 4 384 974 974 -1
3133 0 72 14 11 386 974 974 -1
3134 0 72 17 4 386 974 974 -1
3135 0 72 53 4 346 974 974 -1
3136 0 72 54 4 291 974 974 -1
3137 0 391 14 11 393 974 974 -1
3138 0 391 375 41 393 974 974 -1
3139 0 391 17 4 393 974 974 -1
3140 0 391 53 4 435 974 974 -1
3141 0 391 54 4 478 974 974 -1
3142 0 26 7 4 436 974 974 -1
3143 0 26 7 4 436 974 974 -1
3144 0 26 52 31 436 974 974 -1
3145 0 26 17 11 436 974 974 -1
3146 0 26 20 436 17 974 974 -1
3147 0 52 375 11 340 974 974 -1
3148 0 52 375 268 17 974 974 -1
3149 0 52 375 41 46 974 974 -1
3150 0 52 14 37 17 974 974 -1
3151 0 52 14 11 46 974 974 -1
3152 0 52 354 375 53 974 974 -1
3153 0 52 55 4 93 974 974 -1
3154 0 52 89 4 497 974 974 -1
3155 0 52 89 494 7 974 974 -1
3156 0 52 131 4 148 974 974 -1
3157 0 52 166 4 183 974 974 -1
3158 0 52 93 4 248 974 974 -1
3159 0 52 250 4 237 974 974 -1
3160 0 52 250 54 248 974 974 -1
3161 0 52 108 4 125 974 974 -1
3162 0 52 108 34 229 974 974 -1
3163 0 52 142 4 160 974 974 -1
3164 0 52 177 4 194 974 974 -1
3165 0 52 210 4 75 974 974 -1
3166 0 34 52 4 108 974 974 -1
3167 0 34 52 31 229 974 974 -1
3168 0 52 125 4 142 974 974 -1
3169 0 52 160 4 177 974 974 -1
3170 0 52 194 4 210 974 974 -1
3171 0 52 317 4 323 974 974 -1
3172 0 52 327 4 330 974 974 -1
3173 0 52 332 4 335 974 974 -1
3174 0 34 89 4 128 974 974 -1
3175 0 34 93 4 133 974 974 -1
3176 0 34 131 4 163 974 974 -1
3177 0 34 166 4 197 974 974 -1
3178 0 268 375 37 43 974 974 -1
3179 0 268 375 41 381 974 974 -1
3180 0 268 14 11 381 974 974 -1
3181 0 268 14 37 375 974 974 -1
3182 0 268 46 37 340 974 974 -1
3183 0 268 17 4 381 974 974 -1
3184 0 268 17 11 340 974 974 -1
3185 0 268 354 375 340 974 974 -1
3186 0 268 89 4 317 974 974 -1
3187 0 268 67 340 65 974 974 -1
3188 0 268 93 4 238 974 974 -1
3189 0 268 93 340 91 974 974 -1
3190 0 268 131 4 327 974 974 -1
3191 0 268 166 4 332 974 974 -1
3192 0 268 200 4 337 974 974 -1
3193 0 268 317 4 366 974 974 -1
3194 0 268 327 4 367 974 974 -1
3195 0 268 332 4 368 974 974 -1
3196 0 37 17 4 39 974 974 -1
3197 0 37 354 63 39 974 974 -1
3198 0 275 275 72 295 974 974 -1
3199 0 63 63 4 4 43 974 -1
3200 0 63 63 41 65 974 974 -1
3201 0 63 63 7 43 974 974 -1
3202 0 63 375 4 365 974 974 -1
3203 0 63 375 43 17 974 974 -1
3204 0 375 65 43 20 974 974 -1
3205 0 375 65 4 43 17 974 -1
3206 0 17 386 4 388 974 974 -1
3207 0 17 17 11 20 974 974 -1
3208 0 17 53 4 48 974 974 -1
3209 0 17 53 52 20 974 974 -1
3210 0 17 53 11 54 974 974 -1
3211 0 17 295 275 20 974 974 -1
3212 0 17 46 37 20 974 974 -1
3213 0 17 354 375 20 974 974 -1
3214 0 17 65 63 20 974 974 -1
3215 0 17 65 11 67 974 974 -1
3216 0 17 48 20 46 974 974 -1
3217 0 17 91 20 89 974 974 -1
3218 0 17 91 55 37 974 974 -1
3219 0 17 91 285 7 974 974 -1
3220 0 17 91 54 46 974 974 -1
3221 0 375 269 41 369 974 974 -1
3222 0 375 269 41 369 974 974 -1
3223 0 14 269 37 376 974 974 -1
3224 0 14 269 11 369 974 974 -1
3225 0 39 269 37 369 974 974 -1
3226 0 20 269 17 341 974 974 -1
3227 0 20 269 63 47 974 974 -1
3228 0 20 269 11 293 974 974 -1
3229 0 20 269 4 353 974 974 -1
3230 0 340 269 4 105 974 974 -1
3231 0 46 269 37 341 974 974 -1
3232 0 48 269 340 47 974 974 -1
3233 0 41 38 31 376 974 974 -1
3234 0 52 38 31 47 974 974 -1
3235 0 63 38 41 47 974 974 -1
3236 0 17 38 11 47 974 974 -1
3237 0 229 38 34 47 974 974 -1
3238 0 229 38 34 47 974 974 -1
3239 0 53 38 52 47 974 974 -1
3240 0 53 38 52 47 974 974 -1
3241 0 20 38 17 47 974 974 -1
3242 0 295 38 275 47 974 974 -1
3243 0 295 38 275 47 974 974 -1
3244 0 65 38 63 47 974 974 -1
3245 0 388 38 39 387 974 974 -1
3246 0 388 38 39 387 974 974 -1
3247 0 48 38 46 47 974 974 -1
3248 0 67 38 65 47 974 974 -1
3249 0 55 38 54 47 974 974 -1
3250 0 55 38 4 256 974 974 -1
3251 0 11 424 37 410 974 974 -1
3252 0 7 424 4 434 974 974 -1
3253 0 11 274 72 38 974 974 -1
3254 0 7 274 4 347 974 974 -1
3255 0 14 274 11 383 974 974 -1
3256 0 55 274 54 347 974 974 -1
3257 0 31 8 4 56 974 974 -1
3258 0 41 8 4 64 974 974 -1
3259 0 11 8 4 18 974 974 -1
3260 0 34 8 4 88 974 974 -1
3261 0 52 8 4 57 974 974 -1
3262 0 268 8 4 341 974 974 -1
3263 0 268 8 4 341 974 974 -1
3264 0 37 8 4 47 974 974 -1
3265 0 7 8 4 24 974 974 -1
3266 0 43 8 4 45 974 974 -1
3267 0 63 8 4 66 974 974 -1
3268 0 375 8 4 355 974 974 -1
3269 0 375 8 4 355 974 974 -1
3270 0 14 8 4 22 974 974 -1
3271 0 17 8 4 21 974 974 -1
3272 0 229 8 4 90 974 974 -1
3273 0 229 8 4 90 974 974 -1
3274 0 53 8 4 58 974 974 -1
3275 0 53 8 4 58 974 974 -1
3276 0 39 8 20 38 974 974 -1
3277 0 39 8 4 358 974 974 -1
3278 0 20 8 4 25 974 974 -1
3279 0 295 8 7 7 73 974 -1
3280 0 295 8 7 7 73 974 -1
3281 0 295 8 4 7 276 974 -1
3282 0 295 8 4 7 276 974 -1
3283 0 46 8 37 24 974 974 -1
3284 0 89 8 4 92 974 974 -1
3285 0 48 8 4 7 47 974 -1
3286 0 55 8 4 7 58 974 -1
3287 0 55 8 4 60 974 974 -1
3288 0 93 8 7 7 90 974 -1
3289 0 93 8 4 7 92 974 -1
3290 0 7 507 4 509 974 974 -1
3291 0 7 437 4 426 974 974 -1
3292 0 4 447 9 8 974 974 -1
3293 0 7 447 9 24 974 974 -1
3294 0 31 276 4 274 974 974 -1
3295 0 4 276 7 73 974 974 -1
3296 0 41 276 4 380 974 974 -1
3297 0 11 276 17 73 974 974 -1
3298 0 11 276 4 387 974 974 -1
3299 0 52 276 72 57 974 974 -1
3300 0 20 276 72 25 974 974 -1
3301 0 295 276 7 360 974 974 -1
3302 0 295 276 7 360 974 974 -1
3303 0 295 276 72 308 974 974 -1
3304 0 295 276 72 308 974 974 -1
3305 0 340 276 72 343 974 974 -1
3306 0 349 276 72 343 974 974 -1
3307 0 67 276 72 69 974 974 -1
3308 0 364 10 9 275 276 974 -1
3309 0 364 10 9 275 276 974 -1
3310 0 364 10 4 9 360 974 -1
3311 0 364 10 4 9 360 974 -1
3312 0 428 10 4 9 444 974 -1
3313 0 431 10 9 423 56 974 -1
3314 0 431 10 9 423 56 974 -1
3315 0 431 10 9 52 424 974 -1
3316 0 431 10 9 52 424 974 -1
3317 0 67 10 9 7 64 974 -1
3318 0 67 10 4 9 66 974 -1
3319 0 432 10 9 229 392 974 -1
3320 0 432 10 9 229 392 974 -1
3321 0 432 10 4 9 403 974 -1
3322 0 432 10 4 9 403 974 -1
3323 0 492 10 31 9 403 974 -1
3324 0 478 10 9 52 483 974 -1
3325 0 478 10 4 9 422 974 -1
3326 0 407 10 9 7 483 974 -1
3327 0 407 10 4 9 406 974 -1
3328 0 284 10 9 268 57 974 -1
3329 0 285 10 9 53 38 974 -1
3330 0 285 10 9 53 38 974 -1
3331 0 285 10 9 37 57 974 -1
3332 0 285 10 9 37 57 974 -1
3333 0 91 10 9 7 88 974 -1
3334 0 91 10 4 9 90 974 -1
3335 0 497 10 31 4 9 88 -1
3336 0 497 10 4 9 34 56 -1
3337 0 497 10 4 4 9 109 -1
3338 0 497 10 4 9 52 35 -1
3339 0 497 10 4 9 229 32 -1
3340 0 497 10 9 34 7 32 -1
3341 0 497 10 4 9 108 5 -1
3342 0 496 10 31 4 9 88 -1
3343 0 496 10 4 4 9 109 -1
3344 0 496 10 4 9 229 32 -1
3345 0 496 10 4 9 108 5 -1
3346 0 496 10 9 34 7 32 -1
3347 0 496 10 9 52 88 974 -1
3348 0 496 10 4 9 34 56 -1
3349 0 496 10 31 9 90 974 -1
3350 0 128 10 9 34 88 974 -1
3351 0 128 10 9 34 88 974 -1
3352 0 128 10 4 9 126 974 -1
3353 0 128 10 4 9 126 974 -1
3354 0 128 10 31 4 9 109 -1
3355 0 128 10 31 4 9 109 -1
3356 0 128 10 4 9 108 32 -1
3357 0 128 10 4 9 108 32 -1
3358 0 128 10 4 9 34 35 -1
3359 0 128 10 4 9 34 35 -1
3360 0 128 10 31 9 111 974 -1
3361 0 128 10 31 9 111 974 -1
3362 0 418 10 9 232 35 974 -1
3363 0 418 10 9 34 233 974 -1
3364 0 140 10 9 108 274 974 -1
3365 0 140 10 9 273 109 974 -1
3366 0 142 10 9 34 109 974 -1
3367 0 142 10 31 9 126 974 -1
3368 0 142 10 31 9 108 32 -1
3369 0 142 10 9 108 35 974 -1
3370 0 142 10 31 31 9 109 -1
3371 0 61 10 4 4 9 40 -1
3372 0 61 10 4 4 9 40 -1
3373 0 61 10 4 9 358 974 -1
3374 0 61 10 4 9 358 974 -1
3375 0 420 10 9 53 412 974 -1
3376 0 420 10 9 53 412 974 -1
3377 0 420 10 9 411 57 974 -1
3378 0 420 10 9 411 57 974 -1
3379 0 240 10 9 53 64 974 -1
3380 0 240 10 9 63 57 974 -1
3381 0 240 10 9 7 341 974 -1
3382 0 240 10 4 9 343 974 -1
3383 0 55 10 9 54 5 974 -1
3384 0 55 10 4 9 7 56 -1
3385 0 55 10 9 7 57 974 -1
3386 0 55 10 4 9 58 974 -1
3387 0 342 10 9 340 35 974 -1
3388 0 342 10 9 52 36 974 -1
3389 0 342 10 4 9 119 974 -1
3390 0 342 10 9 34 341 974 -1
3391 0 339 10 9 229 269 974 -1
3392 0 339 10 9 268 88 974 -1
3393 0 339 10 4 9 119 974 -1
3394 0 339 10 9 52 271 974 -1
3395 0 317 10 9 340 35 974 -1
3396 0 317 10 9 229 269 974 -1
3397 0 317 10 9 268 88 974 -1
3398 0 317 10 9 52 36 974 -1
3399 0 317 10 9 63 109 974 -1
3400 0 317 10 9 41 111 974 -1
3401 0 317 10 4 9 119 974 -1
3402 0 351 10 9 349 35 974 -1
3403 0 351 10 9 63 109 974 -1
3404 0 351 10 4 9 119 974 -1
3405 0 351 10 9 108 64 974 -1
3406 0 351 10 31 9 313 974 -1
3407 0 372 10 9 65 269 974 -1
3408 0 372 10 9 268 66 974 -1
3409 0 490 10 9 229 483 974 -1
3410 0 490 10 4 9 464 974 -1
3411 0 468 10 9 495 392 974 -1
3412 0 468 10 9 495 392 974 -1
3413 0 468 10 9 494 392 974 -1
3414 0 468 10 9 494 392 974 -1
3415 0 468 10 4 9 493 974 -1
3416 0 468 10 4 9 493 974 -1
3417 0 472 10 31 9 493 974 -1
3418 0 479 10 9 53 483 974 -1
3419 0 479 10 9 53 483 974 -1
3420 0 479 10 4 9 421 974 -1
3421 0 479 10 4 9 421 974 -1
3422 0 408 10 9 7 406 974 -1
3423 0 408 10 4 9 484 974 -1
3424 0 253 10 9 54 269 974 -1
3425 0 253 10 9 268 58 974 -1
3426 0 93 10 4 9 7 88 -1
3427 0 93 10 9 53 57 974 -1
3428 0 93 10 9 7 90 974 -1
3429 0 93 10 4 9 92 974 -1
3430 0 235 10 4 9 7 109 -1
3431 0 235 10 9 7 111 974 -1
3432 0 235 10 4 9 499 974 -1
3433 0 235 10 4 9 498 974 -1
3434 0 131 10 9 229 88 974 -1
3435 0 131 10 9 7 126 974 -1
3436 0 131 10 4 9 129 974 -1
3437 0 145 10 9 34 111 974 -1
3438 0 145 10 4 9 143 974 -1
3439 0 157 10 9 268 126 974 -1
3440 0 160 10 9 34 126 974 -1
3441 0 160 10 31 9 143 974 -1
3442 0 160 10 9 108 109 974 -1
3443 0 160 10 31 9 34 109 -1
3444 0 160 10 9 34 108 32 -1
3445 0 160 10 31 31 9 126 -1
3446 0 51 10 9 54 18 974 -1
3447 0 51 10 9 17 58 974 -1
3448 0 371 10 9 65 47 974 -1
3449 0 371 10 9 63 289 974 -1
3450 0 371 10 9 48 64 974 -1
3451 0 371 10 9 37 68 974 -1
3452 0 371 10 9 67 38 974 -1
3453 0 251 10 9 54 47 974 -1
3454 0 251 10 9 46 58 974 -1
3455 0 251 10 9 7 286 974 -1
3456 0 251 10 4 9 256 974 -1
3457 0 96 10 9 7 92 974 -1
3458 0 96 10 4 9 94 974 -1
3459 0 238 10 9 268 92 974 -1
3460 0 248 10 9 7 7 109 -1
3461 0 248 10 4 9 7 111 -1
3462 0 248 10 9 7 499 974 -1
3463 0 248 10 9 7 498 974 -1
3464 0 248 10 4 9 501 974 -1
3465 0 248 10 4 9 500 974 -1
3466 0 10 133 4 9 132 974 -1
3467 0 10 133 31 9 501 974 -1
3468 0 10 133 31 9 500 974 -1
3469 0 10 133 9 52 499 974 -1
3470 0 10 133 9 52 498 974 -1
3471 0 148 10 9 229 111 974 -1
3472 0 148 10 9 7 143 974 -1
3473 0 148 10 4 9 146 974 -1
3474 0 163 10 9 34 129 974 -1
3475 0 163 10 4 9 161 974 -1
3476 0 177 10 9 34 143 974 -1
3477 0 177 10 31 9 161 974 -1
3478 0 177 10 9 108 126 974 -1
3479 0 177 10 31 9 108 109 -1
3480 0 177 10 9 108 108 32 -1
3481 0 177 10 9 125 109 974 -1
3482 0 258 10 9 54 66 974 -1
3483 0 258 10 9 65 58 974 -1
3484 0 258 10 4 9 7 343 -1
3485 0 258 10 4 9 242 974 -1
3486 0 327 10 9 128 269 974 -1
3487 0 327 10 9 118 88 974 -1
3488 0 327 10 9 268 129 974 -1
3489 0 166 10 9 229 129 974 -1
3490 0 166 10 9 7 161 974 -1
3491 0 166 10 4 9 164 974 -1
3492 0 180 10 9 34 146 974 -1
3493 0 180 10 4 9 178 974 -1
3494 0 191 10 9 268 161 974 -1
3495 0 194 10 9 34 108 109 -1
3496 0 194 10 31 9 108 126 -1
3497 0 194 10 9 108 143 974 -1
3498 0 194 10 9 34 142 32 -1
3499 0 194 10 9 108 108 35 -1
3500 0 194 10 9 108 125 32 -1
3501 0 243 10 9 118 58 974 -1
3502 0 344 10 9 54 358 974 -1
3503 0 249 10 9 7 7 286 -1
3504 0 249 10 4 9 7 256 -1
3505 0 249 10 9 7 95 974 -1
3506 0 249 10 9 17 97 974 -1
3507 0 249 10 4 9 252 974 -1
3508 0 24 6 7 7 974 974 -1
3509 0 47 6 37 7 974 974 -1
3510 0 25 6 4 7 17 974 -1
3511 0 25 6 7 20 974 974 -1
3512 0 69 6 7 67 974 974 -1
3513 0 69 6 4 4 67 974 -1
3514 0 78 5 7 76 974 974 -1
3515 0 216 5 7 214 974 974 -1
3516 0 246 5 7 187 974 974 -1
3517 0 246 5 4 189 974 974 -1
3518 0 247 5 332 58 974 974 -1
3519 0 337 5 4 225 974 974 -1
3520 0 34 10 31 9 32 974 -1
3521 0 510 10 28 9 32 974 -1
3522 0 510 10 28 9 32 974 -1
3523 0 52 10 4 9 32 974 -1
3524 0 512 10 9 11 29 974 -1
3525 0 512 10 9 11 29 974 -1
3526 0 268 10 9 41 32 974 -1
3527 0 268 10 9 41 32 974 -1
3528 0 268 10 31 9 42 974 -1
3529 0 268 10 31 9 42 974 -1
3530 0 37 10 9 11 32 974 -1
3531 0 423 10 9 409 32 974 -1
3532 0 423 10 9 409 32 974 -1
3533 0 423 10 31 9 410 974 -1
3534 0 423 10 31 9 410 974 -1
3535 0 273 10 9 72 32 974 -1
3536 0 273 10 31 9 73 974 -1
3537 0 7 10 4 9 5 974 -1
3538 0 506 10 4 9 29 974 -1
3539 0 506 10 4 9 29 974 -1
3540 0 436 10 4 9 27 974 -1
3541 0 275 10 4 9 73 974 -1
3542 0 275 10 4 9 73 974 -1
3543 0 504 10 4 9 503 974 -1
3544 0 43 10 9 41 42 974 -1
3545 0 517 10 4 9 516 974 -1
3546 0 63 10 4 9 42 974 -1
3547 0 375 10 9 11 42 974 -1
3548 0 375 10 9 11 42 974 -1
3549 0 375 10 9 41 12 974 -1
3550 0 375 10 9 41 12 974 -1
3551 0 379 10 9 72 42 974 -1
3552 0 379 10 9 41 73 974 -1
3553 0 14 10 9 11 12 974 -1
3554 0 17 10 4 9 12 974 -1
3555 0 411 10 4 9 410 974 -1
3556 0 411 10 4 9 410 974 -1
3557 0 459 10 9 41 410 974 -1
3558 0 413 10 9 11 410 974 -1
3559 0 384 10 9 72 73 974 -1
3560 0 400 10 9 391 32 974 -1
3561 0 400 10 9 391 32 974 -1
3562 0 400 10 31 9 392 974 -1
3563 0 400 10 31 9 392 974 -1
3564 0 404 10 4 9 392 974 -1
3565 0 398 10 9 41 392 974 -1
3566 0 393 10 9 391 12 974 -1
3567 0 393 10 9 11 392 974 -1
3568 0 396 10 9 391 73 974 -1
3569 0 396 10 9 391 73 974 -1
3570 0 396 10 9 72 392 974 -1
3571 0 396 10 9 72 392 974 -1
3572 0 386 10 9 72 12 974 -1
3573 0 386 10 9 72 12 974 -1
3574 0 386 10 9 11 73 974 -1
3575 0 386 10 9 11 73 974 -1
3576 0 229 10 9 52 32 974 -1
3577 0 229 10 9 52 32 974 -1
3578 0 229 10 4 9 35 974 -1
3579 0 229 10 4 9 35 974 -1
3580 0 229 10 31 9 56 974 -1
3581 0 229 10 31 9 56 974 -1
3582 0 229 10 31 4 9 32 -1
3583 0 229 10 31 4 9 32 -1
3584 0 229 10 9 34 5 974 -1
3585 0 229 10 9 34 5 974 -1
3586 0 230 10 9 268 32 974 -1
3587 0 230 10 9 268 32 974 -1
3588 0 234 10 9 273 32 974 -1
3589 0 234 10 9 34 73 974 -1
3590 0 234 10 9 72 35 974 -1
3591 0 234 10 31 9 274 974 -1
3592 0 108 10 9 34 32 974 -1
3593 0 108 10 31 9 35 974 -1
3594 0 231 10 9 37 32 974 -1
3595 0 232 10 9 423 32 974 -1
3596 0 232 10 9 34 410 974 -1
3597 0 53 10 9 7 32 974 -1
3598 0 53 10 9 7 32 974 -1
3599 0 53 10 4 9 56 974 -1
3600 0 53 10 4 9 56 974 -1
3601 0 39 10 9 14 32 974 -1
3602 0 39 10 9 37 12 974 -1
3603 0 39 10 9 11 38 974 -1
3604 0 39 10 31 9 15 974 -1
3605 0 20 10 9 17 5 974 -1
3606 0 20 10 4 9 18 974 -1
3607 0 295 10 9 7 73 974 -1
3608 0 295 10 9 7 73 974 -1
3609 0 295 10 4 9 276 974 -1
3610 0 295 10 4 9 276 974 -1
3611 0 340 10 4 9 41 32 -1
3612 0 340 10 9 52 42 974 -1
3613 0 340 10 9 41 56 974 -1
3614 0 340 10 4 9 269 974 -1
3615 0 46 10 9 11 56 974 -1
3616 0 46 10 4 9 38 974 -1
3617 0 46 10 37 447 974 974 -1
3618 0 433 10 9 411 32 974 -1
3619 0 433 10 9 411 32 974 -1
3620 0 433 10 9 52 410 974 -1
3621 0 433 10 9 52 410 974 -1
3622 0 346 10 9 273 5 974 -1
3623 0 346 10 9 273 5 974 -1
3624 0 346 10 4 9 274 974 -1
3625 0 346 10 4 9 274 974 -1
3626 0 435 10 9 52 392 974 -1
3627 0 435 10 4 9 401 974 -1
3628 0 349 10 4 9 41 32 -1
3629 0 349 10 4 9 269 974 -1
3630 0 349 10 31 9 64 974 -1
3631 0 354 10 9 375 5 974 -1
3632 0 354 10 4 9 376 974 -1
3633 0 438 10 4 9 399 974 -1
3634 0 438 10 4 9 399 974 -1
3635 0 441 10 9 11 412 974 -1
3636 0 441 10 4 9 414 974 -1
3637 0 363 10 9 275 73 974 -1
3638 0 363 10 9 275 73 974 -1
3639 0 363 10 4 9 385 974 -1
3640 0 363 10 4 9 385 974 -1
3641 0 365 10 9 375 42 974 -1
3642 0 365 10 9 43 12 974 -1
3643 0 365 10 9 11 44 974 -1
3644 0 365 10 9 41 376 974 -1
3645 0 518 10 9 17 516 974 -1
3646 0 65 10 9 7 42 974 -1
3647 0 65 10 4 9 64 974 -1
3648 0 381 10 9 268 12 974 -1
3649 0 381 10 9 268 12 974 -1
3650 0 381 10 9 11 269 974 -1
3651 0 381 10 9 11 269 974 -1
3652 0 382 10 9 273 12 974 -1
3653 0 382 10 9 273 12 974 -1
3654 0 382 10 9 37 73 974 -1
3655 0 382 10 9 37 73 974 -1
3656 0 382 10 9 72 38 974 -1
3657 0 382 10 9 72 38 974 -1
3658 0 382 10 9 11 274 974 -1
3659 0 382 10 9 11 274 974 -1
3660 0 415 10 9 7 410 974 -1
3661 0 415 10 9 7 410 974 -1
3662 0 491 10 9 34 392 974 -1
3663 0 491 10 9 34 392 974 -1
3664 0 405 10 9 7 392 974 -1
3665 0 405 10 4 9 483 974 -1
3666 0 487 10 9 391 269 974 -1
3667 0 395 10 9 14 392 974 -1
3668 0 395 10 9 11 394 974 -1
3669 0 388 10 9 14 73 974 -1
3670 0 388 10 9 14 73 974 -1
3671 0 388 10 9 72 15 974 -1
3672 0 388 10 9 72 15 974 -1
3673 0 388 10 9 11 387 974 -1
3674 0 388 10 9 11 387 974 -1
3675 0 89 10 9 7 35 974 -1
3676 0 89 10 9 52 56 974 -1
3677 0 89 10 4 9 88 974 -1
3678 0 495 10 4 9 109 974 -1
3679 0 495 10 31 4 9 35 -1
3680 0 495 10 4 9 34 32 -1
3681 0 495 10 31 9 88 974 -1
3682 0 495 10 9 52 35 974 -1
3683 0 495 10 9 229 32 974 -1
3684 0 495 10 9 34 56 974 -1
3685 0 495 10 9 108 5 974 -1
3686 0 494 10 4 9 109 974 -1
3687 0 494 10 31 4 9 35 -1
3688 0 494 10 4 9 34 32 -1
3689 0 494 10 31 31 9 56 -1
3690 0 494 10 9 108 5 974 -1
3691 0 118 10 9 268 35 974 -1
3692 0 121 10 9 37 35 974 -1
3693 0 121 10 9 11 109 974 -1
3694 0 417 10 9 108 410 974 -1
3695 0 417 10 9 409 109 974 -1
3696 0 123 10 9 273 35 974 -1
3697 0 123 10 9 34 274 974 -1
3698 0 125 10 9 108 32 974 -1
3699 0 125 10 9 34 35 974 -1
3700 0 125 10 31 9 109 974 -1
3701 0 125 10 31 9 34 32 -1
3702 0 54 10 9 7 56 974 -1
3703 0 54 10 4 9 57 974 -1
3704 0 48 10 9 7 38 974 -1
3705 0 48 10 4 9 47 974 -1
3706 0 291 10 9 53 73 974 -1
3707 0 291 10 9 53 73 974 -1
3708 0 291 10 9 7 274 974 -1
3709 0 291 10 9 7 274 974 -1
3710 0 291 10 9 72 57 974 -1
3711 0 291 10 9 72 57 974 -1
3712 0 55 18 11 60 974 974 -1
3713 0 55 18 53 25 974 974 -1
3714 0 11 412 4 414 974 974 -1
3715 0 14 412 17 414 974 974 -1
3716 0 20 412 7 442 974 974 -1
3717 0 20 412 409 25 974 974 -1
3718 0 340 412 409 343 974 974 -1
3719 0 89 412 4 449 974 974 -1
3720 0 67 412 7 461 974 974 -1
3721 0 67 412 409 69 974 974 -1
3722 0 55 412 7 456 974 974 -1
3723 0 93 412 54 455 974 974 -1
3724 0 93 412 7 450 974 974 -1
3725 0 249 385 363 252 974 974 -1
3726 0 249 385 251 299 974 974 -1
3727 0 263 385 363 252 974 974 -1
3728 0 41 401 268 392 974 974 -1
3729 0 11 401 31 394 974 974 -1
3730 0 7 401 4 422 974 974 -1
3731 0 31 483 4 401 974 974 -1
3732 0 4 483 7 392 974 974 -1
3733 0 11 483 4 394 974 974 -1
3734 0 67 483 391 69 974 974 -1
3735 0 11 399 41 394 974 974 -1
3736 0 31 394 37 392 974 974 -1
3737 0 41 394 375 392 974 974 -1
3738 0 41 394 391 376 974 974 -1
3739 0 11 394 14 392 974 974 -1
3740 0 72 394 386 392 974 974 -1
3741 0 34 394 37 401 974 974 -1
3742 0 52 394 391 47 974 974 -1
3743 0 37 394 39 392 974 974 -1
3744 0 53 394 48 392 974 974 -1
3745 0 53 394 48 392 974 974 -1
3746 0 41 387 11 380 974 974 -1
3747 0 295 387 20 385 974 974 -1
3748 0 295 387 20 385 974 974 -1
3749 0 31 88 4 109 974 974 -1
3750 0 31 88 108 5 974 974 -1
3751 0 41 88 268 56 974 974 -1
3752 0 41 88 4 36 974 974 -1
3753 0 11 88 31 47 974 974 -1
3754 0 52 88 4 111 974 974 -1
3755 0 52 88 7 109 974 974 -1
3756 0 52 88 31 90 974 974 -1
3757 0 52 88 89 32 974 974 -1
3758 0 268 88 4 119 974 974 -1
3759 0 268 88 4 119 974 974 -1
3760 0 7 88 4 90 974 974 -1
3761 0 53 88 34 58 974 974 -1
3762 0 53 88 34 58 974 974 -1
3763 0 53 88 4 499 974 974 -1
3764 0 53 88 4 499 974 974 -1
3765 0 53 88 4 498 974 974 -1
3766 0 53 88 4 498 974 974 -1
3767 0 39 88 37 104 974 974 -1
3768 0 20 88 4 286 974 974 -1
3769 0 340 88 268 90 974 974 -1
3770 0 340 88 34 343 974 974 -1
3771 0 340 88 4 318 974 974 -1
3772 0 46 88 37 90 974 974 -1
3773 0 349 88 34 343 974 974 -1
3774 0 65 88 34 68 974 974 -1
3775 0 65 88 4 239 974 974 -1
3776 0 89 88 4 132 974 974 -1
3777 0 48 88 34 290 974 974 -1
3778 0 67 88 7 239 974 974 -1
3779 0 67 88 34 69 974 974 -1
3780 0 55 88 54 90 974 974 -1
3781 0 55 88 7 501 974 974 -1
3782 0 55 88 7 500 974 974 -1
3783 0 55 88 4 115 974 974 -1
3784 0 7 36 31 343 974 974 -1
3785 0 55 36 340 92 974 974 -1
3786 0 55 36 7 319 974 974 -1
3787 0 55 36 89 343 974 974 -1
3788 0 67 36 340 343 974 974 -1
3789 0 67 36 89 45 974 974 -1
3790 0 20 36 340 47 974 974 -1
3791 0 20 36 37 343 974 974 -1
3792 0 89 36 340 111 974 974 -1
3793 0 89 36 108 343 974 974 -1
3794 0 295 36 340 347 974 974 -1
3795 0 295 36 340 347 974 974 -1
3796 0 7 109 4 111 974 974 -1
3797 0 89 109 4 146 974 974 -1
3798 0 31 57 4 88 974 974 -1
3799 0 41 57 4 341 974 974 -1
3800 0 11 57 4 47 974 974 -1
3801 0 72 57 4 347 974 974 -1
3802 0 34 57 4 111 974 974 -1
3803 0 52 57 4 90 974 974 -1
3804 0 7 57 4 58 974 974 -1
3805 0 63 57 4 343 974 974 -1
3806 0 14 57 17 47 974 974 -1
3807 0 14 57 4 358 974 974 -1
3808 0 17 57 4 289 974 974 -1
3809 0 229 57 4 499 974 974 -1
3810 0 229 57 4 499 974 974 -1
3811 0 229 57 4 498 974 974 -1
3812 0 229 57 4 498 974 974 -1
3813 0 53 57 4 92 974 974 -1
3814 0 53 57 4 92 974 974 -1
3815 0 39 57 37 289 974 974 -1
3816 0 20 57 4 290 974 974 -1
3817 0 295 57 4 7 347 974 -1
3818 0 295 57 4 7 347 974 -1
3819 0 340 57 4 239 974 974 -1
3820 0 46 57 37 58 974 974 -1
3821 0 46 57 4 286 974 974 -1
3822 0 65 57 7 343 974 974 -1
3823 0 382 57 46 347 974 974 -1
3824 0 382 57 46 347 974 974 -1
3825 0 382 57 37 292 974 974 -1
3826 0 382 57 37 292 974 974 -1
3827 0 48 57 54 47 974 974 -1
3828 0 48 57 7 286 974 974 -1
3829 0 48 57 4 256 974 974 -1
3830 0 67 57 52 69 974 974 -1
3831 0 67 57 4 242 974 974 -1
3832 0 55 57 7 94 974 974 -1
3833 0 55 57 4 97 974 974 -1
3834 0 67 271 340 343 974 974 -1
3835 0 20 271 340 47 974 974 -1
3836 0 89 271 340 111 974 974 -1
3837 0 89 271 108 343 974 974 -1
3838 0 4 40 11 47 974 974 -1
3839 0 11 40 37 15 974 974 -1
3840 0 7 40 4 358 974 974 -1
3841 0 20 40 17 358 974 974 -1
3842 0 55 40 54 358 974 974 -1
3843 0 37 509 506 47 974 974 -1
3844 0 20 509 506 25 974 974 -1
3845 0 31 21 17 56 974 974 -1
3846 0 41 21 4 355 974 974 -1
3847 0 11 21 7 15 974 974 -1
3848 0 340 92 89 343 974 974 -1
3849 0 349 92 89 343 974 974 -1
3850 0 89 92 7 134 974 974 -1
3851 0 495 92 89 499 974 974 -1
3852 0 495 92 7 149 974 974 -1
3853 0 495 92 4 151 974 974 -1
3854 0 494 92 89 498 974 974 -1
3855 0 494 92 7 149 974 974 -1
3856 0 494 92 4 151 974 974 -1
3857 0 67 92 89 69 974 974 -1
3858 0 91 92 54 501 974 974 -1
3859 0 91 92 54 500 974 974 -1
3860 0 91 92 4 136 974 974 -1
3861 0 497 92 89 501 974 974 -1
3862 0 497 92 7 151 974 974 -1
3863 0 497 92 4 154 974 974 -1
3864 0 496 92 89 500 974 974 -1
3865 0 496 92 7 151 974 974 -1
3866 0 496 92 4 154 974 974 -1
3867 0 128 92 89 132 974 974 -1
3868 0 128 92 89 132 974 974 -1
3869 0 128 92 7 167 974 974 -1
3870 0 128 92 7 167 974 974 -1
3871 0 128 92 4 169 974 974 -1
3872 0 128 92 4 169 974 974 -1
3873 0 55 92 7 116 974 974 -1
3874 0 317 92 89 319 974 974 -1
3875 0 93 92 89 97 974 974 -1
3876 0 235 92 89 115 974 974 -1
3877 0 235 92 7 154 974 974 -1
3878 0 235 92 4 156 974 974 -1
3879 0 131 92 89 134 974 974 -1
3880 0 131 92 7 169 974 974 -1
3881 0 145 92 89 149 974 974 -1
3882 0 145 92 7 184 974 974 -1
3883 0 145 92 4 187 974 974 -1
3884 0 248 92 89 116 974 974 -1
3885 0 248 92 7 156 974 974 -1
3886 0 148 92 89 151 974 974 -1
3887 0 148 92 7 187 974 974 -1
3888 0 148 92 4 189 974 974 -1
3889 0 163 92 89 167 974 974 -1
3890 0 163 92 7 201 974 974 -1
3891 0 163 92 4 203 974 974 -1
3892 0 166 92 89 169 974 974 -1
3893 0 166 92 7 203 974 974 -1
3894 0 166 92 4 205 974 974 -1
3895 0 180 92 89 184 974 974 -1
3896 0 180 92 7 217 974 974 -1
3897 0 180 92 4 220 974 974 -1
3898 0 183 92 89 187 974 974 -1
3899 0 183 92 7 220 974 974 -1
3900 0 183 92 4 223 974 974 -1
3901 0 173 92 89 174 974 974 -1
3902 0 31 499 4 129 974 974 -1
3903 0 31 498 4 129 974 974 -1
3904 0 4 498 7 111 974 974 -1
3905 0 4 498 499 4 974 974 -1
3906 0 41 499 268 90 974 974 -1
3907 0 41 499 34 343 974 974 -1
3908 0 41 498 268 90 974 974 -1
3909 0 41 498 34 343 974 974 -1
3910 0 11 499 229 47 974 974 -1
3911 0 11 498 229 47 974 974 -1
3912 0 409 499 4 452 974 974 -1
3913 0 409 498 4 452 974 974 -1
3914 0 72 499 4 322 974 974 -1
3915 0 72 498 4 322 974 974 -1
3916 0 391 499 4 469 974 974 -1
3917 0 391 498 7 493 974 974 -1
3918 0 391 498 4 469 974 974 -1
3919 0 229 499 4 149 974 974 -1
3920 0 229 499 4 149 974 974 -1
3921 0 229 498 4 149 974 974 -1
3922 0 229 498 4 149 974 974 -1
3923 0 89 499 4 151 974 974 -1
3924 0 89 498 4 151 974 974 -1
3925 0 495 499 4 167 974 974 -1
3926 0 494 498 4 167 974 974 -1
3927 0 91 499 7 151 974 974 -1
3928 0 91 499 4 154 974 974 -1
3929 0 91 498 7 151 974 974 -1
3930 0 91 498 4 154 974 974 -1
3931 0 497 499 7 167 974 974 -1
3932 0 497 499 4 169 974 974 -1
3933 0 496 498 7 167 974 974 -1
3934 0 496 498 4 169 974 974 -1
3935 0 128 499 7 181 974 974 -1
3936 0 128 499 7 181 974 974 -1
3937 0 128 499 4 184 974 974 -1
3938 0 128 499 4 184 974 974 -1
3939 0 128 498 7 181 974 974 -1
3940 0 128 498 7 181 974 974 -1
3941 0 128 498 4 184 974 974 -1
3942 0 128 498 4 184 974 974 -1
3943 0 55 499 54 501 974 974 -1
3944 0 55 498 4 136 974 974 -1
3945 0 55 498 54 501 974 974 -1
3946 0 93 499 54 134 974 974 -1
3947 0 93 499 4 156 974 974 -1
3948 0 93 498 54 134 974 974 -1
3949 0 93 498 4 156 974 974 -1
3950 0 235 499 4 171 974 974 -1
3951 0 235 498 4 171 974 974 -1
3952 0 131 499 4 187 974 974 -1
3953 0 131 498 7 184 974 974 -1
3954 0 131 498 4 187 974 974 -1
3955 0 145 499 7 198 974 974 -1
3956 0 145 499 4 201 974 974 -1
3957 0 145 498 7 198 974 974 -1
3958 0 145 498 4 201 974 974 -1
3959 0 248 499 93 132 974 974 -1
3960 0 248 499 91 134 974 974 -1
3961 0 248 499 89 135 974 974 -1
3962 0 248 499 54 151 974 974 -1
3963 0 248 499 4 172 974 974 -1
3964 0 248 498 93 132 974 974 -1
3965 0 248 498 91 134 974 974 -1
3966 0 248 498 89 135 974 974 -1
3967 0 248 498 54 151 974 974 -1
3968 0 248 498 4 172 974 974 -1
3969 0 148 499 7 201 974 974 -1
3970 0 148 499 4 203 974 974 -1
3971 0 148 498 7 201 974 974 -1
3972 0 148 498 4 203 974 974 -1
3973 0 163 499 7 214 974 974 -1
3974 0 163 499 4 217 974 974 -1
3975 0 163 498 7 214 974 974 -1
3976 0 163 498 4 217 974 974 -1
3977 0 166 499 7 217 974 974 -1
3978 0 166 499 4 220 974 974 -1
3979 0 166 498 7 217 974 974 -1
3980 0 166 498 4 220 974 974 -1
3981 0 7 318 340 90 974 974 -1
3982 0 7 318 4 319 974 974 -1
3983 0 31 129 4 143 974 974 -1
3984 0 11 129 108 47 974 974 -1
3985 0 7 129 4 132 974 974 -1
3986 0 229 129 4 164 974 974 -1
3987 0 229 129 4 164 974 974 -1
3988 0 89 129 4 167 974 974 -1
3989 0 495 129 7 178 974 974 -1
3990 0 495 129 4 181 974 974 -1
3991 0 494 129 7 178 974 974 -1
3992 0 494 129 4 181 974 974 -1
3993 0 91 129 4 169 974 974 -1
3994 0 497 129 4 184 974 974 -1
3995 0 496 129 4 184 974 974 -1
3996 0 128 129 125 132 974 974 -1
3997 0 128 129 125 132 974 974 -1
3998 0 128 129 4 198 974 974 -1
3999 0 128 129 4 198 974 974 -1
4000 0 55 129 7 151 974 974 -1
4001 0 93 129 89 134 974 974 -1
4002 0 93 129 4 171 974 974 -1
4003 0 235 129 4 187 974 974 -1
4004 0 131 129 4 201 974 974 -1
4005 0 240 24 7 242 974 974 -1
4006 0 55 24 7 60 974 974 -1
4007 0 342 24 7 314 974 974 -1
4008 0 339 24 7 314 974 974 -1
4009 0 317 24 7 319 974 974 -1
4010 0 351 24 7 319 974 974 -1
4011 0 372 24 7 374 974 974 -1
4012 0 490 24 7 466 974 974 -1
4013 0 468 24 7 470 974 974 -1
4014 0 468 24 7 470 974 974 -1
4015 0 472 24 7 475 974 974 -1
4016 0 479 24 7 481 974 974 -1
4017 0 479 24 7 481 974 974 -1
4018 0 408 24 7 486 974 974 -1
4019 0 253 24 7 255 974 974 -1
4020 0 93 24 7 7 92 974 -1
4021 0 93 24 7 97 974 974 -1
4022 0 235 24 7 115 974 974 -1
4023 0 131 24 7 134 974 974 -1
4024 0 145 24 7 149 974 974 -1
4025 0 157 24 7 328 974 974 -1
4026 0 160 24 7 164 974 974 -1
4027 0 51 24 7 20 58 974 -1
4028 0 51 24 7 7 290 974 -1
4029 0 51 24 7 267 974 974 -1
4030 0 371 24 7 370 974 974 -1
4031 0 251 24 7 252 974 974 -1
4032 0 96 24 7 101 974 974 -1
4033 0 238 24 7 113 974 974 -1
4034 0 248 24 7 7 501 974 -1
4035 0 248 24 7 7 500 974 -1
4036 0 24 133 7 135 974 974 -1
4037 0 148 24 7 151 974 974 -1
4038 0 163 24 7 167 974 974 -1
4039 0 177 24 7 181 974 974 -1
4040 0 258 24 7 260 974 974 -1
4041 0 166 24 7 169 974 974 -1
4042 0 180 24 7 184 974 974 -1
4043 0 191 24 7 333 974 974 -1
4044 0 194 24 7 198 974 974 -1
4045 0 243 24 7 304 974 974 -1
4046 0 344 24 7 310 974 974 -1
4047 0 249 24 7 93 25 974 -1
4048 0 249 24 7 20 97 974 -1
4049 0 249 24 7 99 974 974 -1
4050 0 183 24 7 187 974 974 -1
4051 0 197 24 7 201 974 974 -1
4052 0 210 24 7 214 974 974 -1
4053 0 244 24 7 156 974 974 -1
4054 0 263 24 7 265 974 974 -1
4055 0 332 24 7 185 974 974 -1
4056 0 257 24 7 117 974 974 -1
4057 0 200 24 7 203 974 974 -1
4058 0 213 24 7 217 974 974 -1
4059 0 226 24 7 225 974 974 -1
4060 0 245 24 7 305 974 974 -1
4061 0 75 24 7 79 974 974 -1
4062 0 78 24 7 82 974 974 -1
4063 0 216 24 7 220 974 974 -1
4064 0 246 24 7 190 974 974 -1
4065 0 247 24 7 206 974 974 -1
4066 0 337 24 7 218 974 974 -1
4067 0 173 24 7 174 974 974 -1
4068 0 31 341 268 56 974 974 -1
4069 0 72 341 268 276 974 974 -1
4070 0 34 341 268 88 974 974 -1
4071 0 52 341 268 57 974 974 -1
4072 0 37 341 268 47 974 974 -1
4073 0 7 341 4 343 974 974 -1
4074 0 63 341 268 66 974 974 -1
4075 0 17 341 268 21 974 974 -1
4076 0 229 341 268 90 974 974 -1
4077 0 229 341 268 90 974 974 -1
4078 0 53 341 268 58 974 974 -1
4079 0 53 341 268 58 974 974 -1
4080 0 39 341 268 358 974 974 -1
4081 0 20 341 268 25 974 974 -1
4082 0 340 341 268 343 974 974 -1
4083 0 46 341 37 343 974 974 -1
4084 0 46 341 268 289 974 974 -1
4085 0 349 341 268 343 974 974 -1
4086 0 65 341 268 68 974 974 -1
4087 0 48 341 268 290 974 974 -1
4088 0 67 341 65 343 974 974 -1
4089 0 55 341 54 343 974 974 -1
4090 0 55 341 65 92 974 974 -1
4091 0 31 47 37 56 974 974 -1
4092 0 409 47 37 412 974 974 -1
4093 0 72 47 37 276 974 974 -1
4094 0 391 47 37 483 974 974 -1
4095 0 34 47 37 88 974 974 -1
4096 0 52 47 37 57 974 974 -1
4097 0 423 47 37 434 974 974 -1
4098 0 423 47 37 434 974 974 -1
4099 0 273 47 37 347 974 974 -1
4100 0 275 47 37 296 974 974 -1
4101 0 275 47 37 296 974 974 -1
4102 0 504 47 37 7 503 974 -1
4103 0 517 47 37 7 516 974 -1
4104 0 63 47 37 66 974 974 -1
4105 0 379 47 37 356 974 974 -1
4106 0 17 47 37 21 974 974 -1
4107 0 17 47 4 358 974 974 -1
4108 0 411 47 37 416 974 974 -1
4109 0 411 47 37 416 974 974 -1
4110 0 459 47 37 440 974 974 -1
4111 0 413 47 37 442 974 974 -1
4112 0 384 47 37 360 974 974 -1
4113 0 400 47 37 422 974 974 -1
4114 0 400 47 37 422 974 974 -1
4115 0 404 47 37 406 974 974 -1
4116 0 396 47 37 446 974 974 -1
4117 0 396 47 37 446 974 974 -1
4118 0 386 47 37 361 974 974 -1
4119 0 386 47 37 361 974 974 -1
4120 0 229 47 37 90 974 974 -1
4121 0 229 47 37 90 974 974 -1
4122 0 234 47 37 316 974 974 -1
4123 0 108 47 37 111 974 974 -1
4124 0 231 47 37 104 974 974 -1
4125 0 232 47 37 448 974 974 -1
4126 0 53 47 37 58 974 974 -1
4127 0 53 47 37 58 974 974 -1
4128 0 20 47 37 25 974 974 -1
4129 0 295 47 37 308 974 974 -1
4130 0 295 47 37 308 974 974 -1
4131 0 340 47 37 343 974 974 -1
4132 0 46 47 37 289 974 974 -1
4133 0 433 47 37 455 974 974 -1
4134 0 433 47 37 455 974 974 -1
4135 0 435 47 37 421 974 974 -1
4136 0 349 47 37 343 974 974 -1
4137 0 354 47 37 294 974 974 -1
4138 0 438 47 37 443 974 974 -1
4139 0 438 47 37 443 974 974 -1
4140 0 441 47 37 427 974 974 -1
4141 0 363 47 37 299 974 974 -1
4142 0 363 47 37 299 974 974 -1
4143 0 518 47 37 520 974 974 -1
4144 0 65 47 37 68 974 974 -1
4145 0 382 47 37 359 974 974 -1
4146 0 382 47 37 359 974 974 -1
4147 0 415 47 37 458 974 974 -1
4148 0 415 47 37 458 974 974 -1
4149 0 491 47 37 464 974 974 -1
4150 0 491 47 37 464 974 974 -1
4151 0 405 47 37 484 974 974 -1
4152 0 487 47 37 489 974 974 -1
4153 0 395 47 37 445 974 974 -1
4154 0 89 47 37 92 974 974 -1
4155 0 495 47 37 499 974 974 -1
4156 0 494 47 37 498 974 974 -1
4157 0 118 47 37 318 974 974 -1
4158 0 121 47 37 321 974 974 -1
4159 0 417 47 37 452 974 974 -1
4160 0 123 47 37 322 974 974 -1
4161 0 248 500 7 172 974 974 -1
4162 0 148 501 7 203 974 974 -1
4163 0 148 501 4 205 974 974 -1
4164 0 148 500 7 203 974 974 -1
4165 0 148 500 4 205 974 974 -1
4166 0 163 501 7 217 974 974 -1
4167 0 163 501 4 220 974 974 -1
4168 0 163 500 7 217 974 974 -1
4169 0 163 500 4 220 974 974 -1
4170 0 166 501 7 220 974 974 -1
4171 0 166 500 7 220 974 974 -1
4172 0 31 132 7 143 974 974 -1
4173 0 31 132 4 146 974 974 -1
4174 0 41 132 4 324 974 974 -1
4175 0 11 132 4 325 974 974 -1
4176 0 11 132 37 499 974 974 -1
4177 0 11 132 37 498 974 974 -1
4178 0 409 132 4 453 974 974 -1
4179 0 72 132 4 326 974 974 -1
4180 0 391 132 7 473 974 974 -1
4181 0 391 132 4 475 974 974 -1
4182 0 229 132 4 167 974 974 -1
4183 0 229 132 4 167 974 974 -1
4184 0 89 132 4 169 974 974 -1
4185 0 495 132 4 184 974 974 -1
4186 0 494 132 4 184 974 974 -1
4187 0 91 132 7 169 974 974 -1
4188 0 91 132 4 171 974 974 -1
4189 0 497 132 4 187 974 974 -1
4190 0 496 132 4 187 974 974 -1
4191 0 128 132 4 201 974 974 -1
4192 0 128 132 4 201 974 974 -1
4193 0 55 132 7 154 974 974 -1
4194 0 55 132 4 156 974 974 -1
4195 0 93 132 7 171 974 974 -1
4196 0 93 132 4 172 974 974 -1
4197 0 235 132 7 187 974 974 -1
4198 0 235 132 4 189 974 974 -1
4199 0 131 132 89 167 974 974 -1
4200 0 131 132 7 201 974 974 -1
4201 0 145 132 4 217 974 974 -1
4202 0 248 132 4 190 974 974 -1
4203 0 148 132 4 220 974 974 -1
4204 0 41 146 4 158 974 974 -1
4205 0 11 146 125 47 974 974 -1
4206 0 7 158 4 328 974 974 -1
4207 0 7 161 4 164 974 974 -1
4208 0 31 60 55 56 974 974 -1
4209 0 31 60 7 92 974 974 -1
4210 0 31 60 4 94 974 974 -1
4211 0 4 60 7 59 974 974 -1
4212 0 502 60 4 55 503 974 -1
4213 0 11 60 53 25 974 974 -1
4214 0 11 60 7 290 974 974 -1
4215 0 72 60 55 276 974 974 -1
4216 0 391 60 7 480 974 974 -1
4217 0 391 60 4 481 974 974 -1
4218 0 34 60 55 88 974 974 -1
4219 0 52 60 55 57 974 974 -1
4220 0 37 60 55 47 974 974 -1
4221 0 63 60 55 66 974 974 -1
4222 0 17 60 55 21 974 974 -1
4223 0 229 60 55 90 974 974 -1
4224 0 229 60 55 90 974 974 -1
4225 0 53 60 55 58 974 974 -1
4226 0 53 60 55 58 974 974 -1
4227 0 20 60 55 25 974 974 -1
4228 0 340 60 55 343 974 974 -1
4229 0 46 60 55 289 974 974 -1
4230 0 349 60 55 343 974 974 -1
4231 0 65 60 55 68 974 974 -1
4232 0 89 60 55 92 974 974 -1
4233 0 48 60 55 290 974 974 -1
4234 0 67 60 55 69 974 974 -1
4235 0 317 60 55 319 974 974 -1
4236 0 173 60 55 174 974 974 -1
4237 0 31 466 4 470 974 974 -1
4238 0 31 470 4 475 974 974 -1
4239 0 31 481 4 466 974 974 -1
4240 0 31 486 4 481 974 974 -1
4241 0 11 486 7 430 974 974 -1
4242 0 20 486 408 25 974 974 -1
4243 0 31 97 7 501 974 974 -1
4244 0 31 97 7 500 974 974 -1
4245 0 31 97 4 115 974 974 -1
4246 0 4 97 7 94 974 974 -1
4247 0 11 97 55 47 974 974 -1
4248 0 11 97 4 95 974 974 -1
4249 0 20 97 93 25 974 974 -1
4250 0 295 97 93 308 974 974 -1
4251 0 295 97 93 308 974 974 -1
4252 0 340 97 93 343 974 974 -1
4253 0 349 97 93 343 974 974 -1
4254 0 89 97 55 501 974 974 -1
4255 0 89 97 55 500 974 974 -1
4256 0 89 97 7 136 974 974 -1
4257 0 48 97 93 290 974 974 -1
4258 0 67 97 93 69 974 974 -1
4259 0 93 97 55 116 974 974 -1
4260 0 31 115 7 132 974 974 -1
4261 0 31 115 4 134 974 974 -1
4262 0 4 115 7 501 974 974 -1
4263 0 4 115 7 500 974 974 -1
4264 0 41 115 7 319 974 974 -1
4265 0 41 115 4 112 974 974 -1
4266 0 11 115 91 47 974 974 -1
4267 0 89 115 4 156 974 974 -1
4268 0 248 115 4 174 974 974 -1
4269 0 31 134 7 146 974 974 -1
4270 0 31 134 4 149 974 974 -1
4271 0 41 134 4 280 974 974 -1
4272 0 11 134 497 47 974 974 -1
4273 0 11 134 496 47 974 974 -1
4274 0 72 134 7 326 974 974 -1
4275 0 229 134 4 169 974 974 -1
4276 0 229 134 4 169 974 974 -1
4277 0 495 134 4 187 974 974 -1
4278 0 494 134 4 187 974 974 -1
4279 0 91 134 7 171 974 974 -1
4280 0 91 134 4 172 974 974 -1
4281 0 497 134 4 189 974 974 -1
4282 0 496 134 4 189 974 974 -1
4283 0 128 134 4 203 974 974 -1
4284 0 128 134 4 203 974 974 -1
4285 0 55 134 7 156 974 974 -1
4286 0 235 134 7 189 974 974 -1
4287 0 235 134 4 190 974 974 -1
4288 0 131 134 89 169 974 974 -1
4289 0 145 134 4 220 974 974 -1
4290 0 248 134 89 156 974 974 -1
4291 0 148 134 7 220 974 974 -1
4292 0 148 134 4 223 974 974 -1
4293 0 31 149 4 164 974 974 -1
4294 0 41 149 4 328 974 974 -1
4295 0 11 149 128 47 974 974 -1
4296 0 229 149 4 184 974 974 -1
4297 0 229 149 4 184 974 974 -1
4298 0 89 149 7 184 974 974 -1
4299 0 89 149 4 187 974 974 -1
4300 0 495 149 4 201 974 974 -1
4301 0 494 149 4 201 974 974 -1
4302 0 91 149 7 187 974 974 -1
4303 0 91 149 4 189 974 974 -1
4304 0 497 149 7 201 974 974 -1
4305 0 497 149 4 203 974 974 -1
4306 0 496 149 7 201 974 974 -1
4307 0 496 149 4 203 974 974 -1
4308 0 128 149 4 217 974 974 -1
4309 0 128 149 4 217 974 974 -1
4310 0 55 149 7 171 974 974 -1
4311 0 55 149 4 172 974 974 -1
4312 0 93 149 7 189 974 974 -1
4313 0 93 149 4 190 974 974 -1
4314 0 17 96 20 93 974 974 -1
4315 0 72 229 4 234 974 974 -1
4316 0 273 229 4 123 974 974 -1
4317 0 14 229 52 39 974 974 -1
4318 0 14 229 4 37 37 974 -1
4319 0 14 229 315 11 974 974 -1
4320 0 229 340 4 317 974 974 -1
4321 0 229 349 4 317 974 974 -1
4322 0 229 89 4 131 974 974 -1
4323 0 229 497 4 148 974 974 -1
4324 0 229 496 4 148 974 974 -1
4325 0 229 131 4 166 974 974 -1
4326 0 229 148 4 183 974 974 -1
4327 0 229 166 4 200 974 974 -1
4328 0 229 183 4 216 974 974 -1
4329 0 229 108 4 142 974 974 -1
4330 0 229 142 4 177 974 974 -1
4331 0 229 177 4 210 974 974 -1
4332 0 229 210 4 86 974 974 -1
4333 0 34 229 4 125 974 974 -1
4334 0 229 125 4 160 974 974 -1
4335 0 229 160 4 194 974 974 -1
4336 0 229 194 4 75 974 974 -1
4337 0 229 317 4 327 974 974 -1
4338 0 229 327 4 332 974 974 -1
4339 0 229 332 4 337 974 974 -1
4340 0 53 354 375 54 974 974 -1
4341 0 46 46 37 48 974 974 -1
4342 0 46 354 375 48 974 974 -1
4343 0 46 54 37 55 974 974 -1
4344 0 354 54 375 55 974 974 -1
4345 0 65 48 4 371 974 974 -1
4346 0 65 48 67 46 974 974 -1
4347 0 65 48 67 46 974 974 -1
4348 0 31 166 4 180 974 974 -1
4349 0 31 180 4 194 974 974 -1
4350 0 31 191 268 177 974 974 -1
4351 0 31 191 108 157 974 974 -1
4352 0 31 183 4 197 974 974 -1
4353 0 31 197 4 210 974 974 -1
4354 0 31 200 4 213 974 974 -1
4355 0 31 213 4 75 974 974 -1
4356 0 31 226 268 210 974 974 -1
4357 0 31 226 108 191 974 974 -1
4358 0 31 244 7 166 974 974 -1
4359 0 31 246 7 200 974 974 -1
4360 0 31 125 34 108 974 974 -1
4361 0 31 142 108 108 974 974 -1
4362 0 31 160 34 142 974 974 -1
4363 0 31 160 108 125 974 974 -1
4364 0 31 177 108 142 974 974 -1
4365 0 31 194 125 142 974 974 -1
4366 0 31 194 108 160 974 974 -1
4367 0 31 194 34 177 974 974 -1
4368 0 31 75 108 194 974 974 -1
4369 0 31 75 142 160 974 974 -1
4370 0 31 78 4 86 974 974 -1
4371 0 31 53 52 52 974 974 -1
4372 0 31 53 4 229 974 974 -1
4373 0 31 65 4 349 974 974 -1
4374 0 31 65 4 340 974 974 -1
4375 0 31 268 41 34 974 974 -1
4376 0 31 43 41 268 974 974 -1
4377 0 4 275 72 7 974 974 -1
4378 0 4 46 37 7 974 974 -1
4379 0 4 46 11 53 974 974 -1
4380 0 4 91 7 89 974 974 -1
4381 0 4 287 7 340 974 974 -1
4382 0 4 287 7 349 974 974 -1
4383 0 4 342 4 339 974 974 -1
4384 0 4 351 4 317 974 974 -1
4385 0 4 52 31 7 974 974 -1
4386 0 4 53 52 7 974 974 -1
4387 0 4 54 7 53 974 974 -1
4388 0 4 55 7 54 974 974 -1
4389 0 4 17 11 7 974 974 -1
4390 0 4 67 7 65 974 974 -1
4391 0 4 20 7 17 974 974 -1
4392 0 4 340 268 7 974 974 -1
4393 0 4 375 11 63 974 974 -1
4394 0 4 375 41 17 974 974 -1
4395 0 4 48 7 46 974 974 -1
4396 0 4 354 11 65 974 974 -1
4397 0 4 354 63 17 974 974 -1
4398 0 4 354 7 375 974 974 -1
4399 0 4 14 11 17 974 974 -1
4400 0 4 23 17 20 974 974 -1
4401 0 4 295 7 275 974 974 -1
4402 0 4 39 37 17 974 974 -1
4403 0 4 365 43 17 974 974 -1
4404 0 4 365 63 375 974 974 -1
4405 0 4 377 375 17 974 974 -1
4406 0 4 382 37 275 974 974 -1
4407 0 31 7 4 52 974 974 -1
4408 0 52 7 4 53 974 974 -1
4409 0 7 53 4 54 974 974 -1
4410 0 7 54 4 55 974 974 -1
4411 0 11 7 4 17 974 974 -1
4412 0 7 17 4 20 974 974 -1
4413 0 41 7 4 63 974 974 -1
4414 0 7 63 4 65 974 974 -1
4415 0 7 65 4 67 974 974 -1
4416 0 41 34 31 268 974 974 -1
4417 0 41 52 4 268 974 974 -1
4418 0 41 268 31 43 974 974 -1
4419 0 41 275 4 379 974 974 -1
4420 0 41 275 72 63 974 974 -1
4421 0 41 63 4 43 974 974 -1
4422 0 41 375 11 43 974 974 -1
4423 0 41 379 72 43 974 974 -1
4424 0 41 17 4 375 974 974 -1
4425 0 41 14 11 375 974 974 -1
4426 0 41 14 11 375 974 974 -1
4427 0 41 411 4 459 974 974 -1
4428 0 41 413 11 459 974 974 -1
4429 0 41 413 409 375 974 974 -1
4430 0 41 400 391 268 974 974 -1
4431 0 41 400 31 398 974 974 -1
4432 0 41 404 4 398 974 974 -1
4433 0 41 386 72 375 974 974 -1
4434 0 41 386 11 379 974 974 -1
4435 0 41 53 4 340 974 974 -1
4436 0 41 53 4 349 974 974 -1
4437 0 41 53 52 63 974 974 -1
4438 0 41 46 4 381 974 974 -1
4439 0 41 46 37 63 974 974 -1
4440 0 41 346 72 340 974 974 -1
4441 0 41 377 11 365 974 974 -1
4442 0 41 405 4 438 974 974 -1
4443 0 41 229 4 230 974 974 -1
4444 0 41 229 31 340 974 974 -1
4445 0 41 229 31 349 974 974 -1
4446 0 41 230 268 268 974 974 -1
4447 0 41 231 268 37 974 974 -1
4448 0 41 495 4 118 974 974 -1
4449 0 41 495 268 229 974 974 -1
4450 0 41 494 4 118 974 974 -1
4451 0 41 494 268 229 974 974 -1
4452 0 41 118 268 230 974 974 -1
4453 0 41 54 4 4 340 974 -1
4454 0 41 54 4 287 974 974 -1
4455 0 41 287 63 340 974 974 -1
4456 0 41 287 43 53 974 974 -1
4457 0 41 407 7 438 974 974 -1
4458 0 41 91 4 284 974 974 -1
4459 0 41 91 63 89 974 974 -1
4460 0 41 497 4 317 974 974 -1
4461 0 41 496 4 317 974 974 -1
4462 0 41 235 7 317 974 974 -1
4463 0 41 235 89 340 974 974 -1
4464 0 41 125 268 108 974 974 -1
4465 0 41 142 268 125 974 974 -1
4466 0 41 128 4 138 974 974 -1
4467 0 41 128 268 494 974 974 -1
4468 0 41 128 31 317 974 974 -1
4469 0 41 128 108 340 974 974 -1
4470 0 41 138 268 118 974 974 -1
4471 0 41 145 4 157 974 974 -1
4472 0 41 145 229 118 974 974 -1
4473 0 41 145 268 128 974 974 -1
4474 0 41 145 34 317 974 974 -1
4475 0 41 145 340 125 974 974 -1
4476 0 41 145 349 125 974 974 -1
4477 0 41 157 268 138 974 974 -1
4478 0 41 96 54 287 974 974 -1
4479 0 41 96 63 93 974 974 -1
4480 0 41 148 4 327 974 974 -1
4481 0 41 160 268 142 974 974 -1
4482 0 41 160 108 118 974 974 -1
4483 0 41 163 4 175 974 974 -1
4484 0 41 163 31 327 974 974 -1
4485 0 41 177 268 160 974 974 -1
4486 0 41 180 4 191 974 974 -1
4487 0 41 180 229 157 974 974 -1
4488 0 41 180 118 128 974 974 -1
4489 0 41 180 268 163 974 974 -1
4490 0 41 183 4 332 974 974 -1
4491 0 41 191 268 175 974 974 -1
4492 0 41 194 268 177 974 974 -1
4493 0 41 194 118 142 974 974 -1
4494 0 41 194 108 157 974 974 -1
4495 0 41 197 4 208 974 974 -1
4496 0 41 197 31 332 974 974 -1
4497 0 41 210 268 194 974 974 -1
4498 0 41 213 4 226 974 974 -1
4499 0 41 213 229 191 974 974 -1
4500 0 41 213 128 157 974 974 -1
4501 0 41 213 118 163 974 974 -1
4502 0 41 213 268 197 974 974 -1
4503 0 41 226 268 208 974 974 -1
4504 0 11 34 31 37 974 974 -1
4505 0 11 510 31 512 974 974 -1
4506 0 11 510 28 37 974 974 -1
4507 0 11 512 28 14 974 974 -1
4508 0 11 268 41 37 974 974 -1
4509 0 11 268 31 375 974 974 -1
4510 0 11 423 409 37 974 974 -1
4511 0 11 273 31 386 974 974 -1
4512 0 11 275 4 386 974 974 -1
4513 0 11 275 72 17 974 974 -1
4514 0 11 63 4 375 974 974 -1
4515 0 11 379 72 375 974 974 -1
4516 0 11 17 4 14 974 974 -1
4517 0 11 411 4 413 974 974 -1
4518 0 11 384 72 386 974 974 -1
4519 0 11 400 391 37 974 974 -1
4520 0 11 400 31 393 974 974 -1
4521 0 11 404 4 393 974 974 -1
4522 0 11 398 391 375 974 974 -1
4523 0 11 398 41 393 974 974 -1
4524 0 11 229 52 37 974 974 -1
4525 0 11 229 4 231 974 974 -1
4526 0 11 230 268 37 974 974 -1
4527 0 11 231 37 37 974 974 -1
4528 0 72 21 17 276 974 974 -1
4529 0 72 21 387 7 974 974 -1
4530 0 34 21 17 88 974 974 -1
4531 0 52 21 17 57 974 974 -1
4532 0 37 21 17 47 974 974 -1
4533 0 7 21 4 25 974 974 -1
4534 0 63 21 41 25 974 974 -1
4535 0 17 21 11 25 974 974 -1
4536 0 229 21 17 90 974 974 -1
4537 0 229 21 17 90 974 974 -1
4538 0 53 21 17 58 974 974 -1
4539 0 53 21 17 58 974 974 -1
4540 0 20 21 17 25 974 974 -1
4541 0 295 21 275 25 974 974 -1
4542 0 295 21 275 25 974 974 -1
4543 0 295 21 17 308 974 974 -1
4544 0 295 21 17 308 974 974 -1
4545 0 340 21 17 343 974 974 -1
4546 0 46 21 17 289 974 974 -1
4547 0 46 21 37 25 974 974 -1
4548 0 349 21 17 343 974 974 -1
4549 0 65 21 17 68 974 974 -1
4550 0 48 21 17 290 974 974 -1
4551 0 67 21 17 69 974 974 -1
4552 0 55 21 54 25 974 974 -1
4553 0 31 296 4 347 974 974 -1
4554 0 4 296 7 276 974 974 -1
4555 0 41 296 7 380 974 974 -1
4556 0 11 296 17 276 974 974 -1
4557 0 11 296 7 387 974 974 -1
4558 0 20 296 275 25 974 974 -1
4559 0 295 296 275 308 974 974 -1
4560 0 295 296 275 308 974 974 -1
4561 0 67 296 275 69 974 974 -1
4562 0 31 24 7 56 974 974 -1
4563 0 28 24 7 507 974 974 -1
4564 0 70 24 4 7 71 974 -1
4565 0 502 24 4 7 503 974 -1
4566 0 26 24 4 426 974 974 -1
4567 0 515 24 4 7 516 974 -1
4568 0 11 24 7 18 974 974 -1
4569 0 11 24 4 21 974 974 -1
4570 0 409 24 7 412 974 974 -1
4571 0 72 24 7 276 974 974 -1
4572 0 72 24 296 4 974 974 -1
4573 0 391 24 7 483 974 974 -1
4574 0 34 24 7 88 974 974 -1
4575 0 52 24 7 57 974 974 -1
4576 0 268 24 7 341 974 974 -1
4577 0 268 24 7 341 974 974 -1
4578 0 37 24 7 47 974 974 -1
4579 0 37 24 7 357 974 974 -1
4580 0 423 24 7 434 974 974 -1
4581 0 423 24 7 434 974 974 -1
4582 0 273 24 7 347 974 974 -1
4583 0 273 24 7 347 974 974 -1
4584 0 506 24 7 509 974 974 -1
4585 0 506 24 7 509 974 974 -1
4586 0 436 24 7 426 974 974 -1
4587 0 275 24 7 296 974 974 -1
4588 0 275 24 7 296 974 974 -1
4589 0 504 24 7 7 503 974 -1
4590 0 43 24 7 45 974 974 -1
4591 0 517 24 7 7 516 974 -1
4592 0 63 24 7 66 974 974 -1
4593 0 375 24 7 355 974 974 -1
4594 0 375 24 7 355 974 974 -1
4595 0 379 24 7 356 974 974 -1
4596 0 14 24 7 22 974 974 -1
4597 0 17 24 7 21 974 974 -1
4598 0 411 24 7 416 974 974 -1
4599 0 411 24 7 416 974 974 -1
4600 0 459 24 7 440 974 974 -1
4601 0 413 24 7 442 974 974 -1
4602 0 384 24 7 360 974 974 -1
4603 0 400 24 7 422 974 974 -1
4604 0 400 24 7 422 974 974 -1
4605 0 404 24 7 406 974 974 -1
4606 0 398 24 7 439 974 974 -1
4607 0 393 24 7 444 974 974 -1
4608 0 396 24 7 446 974 974 -1
4609 0 396 24 7 446 974 974 -1
4610 0 386 24 7 361 974 974 -1
4611 0 386 24 7 361 974 974 -1
4612 0 229 24 7 90 974 974 -1
4613 0 229 24 7 90 974 974 -1
4614 0 230 24 7 313 974 974 -1
4615 0 230 24 7 313 974 974 -1
4616 0 234 24 7 316 974 974 -1
4617 0 108 24 7 111 974 974 -1
4618 0 231 24 7 104 974 974 -1
4619 0 232 24 7 448 974 974 -1
4620 0 53 24 7 58 974 974 -1
4621 0 53 24 7 58 974 974 -1
4622 0 39 24 7 358 974 974 -1
4623 0 20 24 7 25 974 974 -1
4624 0 295 24 7 308 974 974 -1
4625 0 295 24 7 308 974 974 -1
4626 0 340 24 7 343 974 974 -1
4627 0 46 24 7 289 974 974 -1
4628 0 433 24 7 455 974 974 -1
4629 0 433 24 7 455 974 974 -1
4630 0 346 24 7 292 974 974 -1
4631 0 346 24 7 292 974 974 -1
4632 0 435 24 7 421 974 974 -1
4633 0 349 24 7 343 974 974 -1
4634 0 354 24 7 294 974 974 -1
4635 0 438 24 7 443 974 974 -1
4636 0 438 24 7 443 974 974 -1
4637 0 441 24 7 427 974 974 -1
4638 0 363 24 7 299 974 974 -1
4639 0 363 24 7 299 974 974 -1
4640 0 518 24 7 520 974 974 -1
4641 0 65 24 7 68 974 974 -1
4642 0 377 24 7 17 376 974 -1
4643 0 377 24 7 17 376 974 -1
4644 0 382 24 7 359 974 974 -1
4645 0 382 24 7 359 974 974 -1
4646 0 415 24 7 458 974 974 -1
4647 0 415 24 7 458 974 974 -1
4648 0 491 24 7 464 974 974 -1
4649 0 491 24 7 464 974 974 -1
4650 0 405 24 7 484 974 974 -1
4651 0 487 24 7 489 974 974 -1
4652 0 395 24 7 445 974 974 -1
4653 0 388 24 7 362 974 974 -1
4654 0 388 24 7 362 974 974 -1
4655 0 89 24 7 92 974 974 -1
4656 0 495 24 7 499 974 974 -1
4657 0 494 24 7 498 974 974 -1
4658 0 118 24 7 318 974 974 -1
4659 0 121 24 7 321 974 974 -1
4660 0 417 24 7 452 974 974 -1
4661 0 123 24 7 322 974 974 -1
4662 0 125 24 7 129 974 974 -1
4663 0 54 24 7 59 974 974 -1
4664 0 48 24 7 290 974 974 -1
4665 0 364 24 7 309 974 974 -1
4666 0 364 24 7 309 974 974 -1
4667 0 428 24 7 430 974 974 -1
4668 0 431 24 7 449 974 974 -1
4669 0 431 24 7 449 974 974 -1
4670 0 67 24 7 69 974 974 -1
4671 0 432 24 7 465 974 974 -1
4672 0 432 24 7 465 974 974 -1
4673 0 492 24 7 469 974 974 -1
4674 0 478 24 7 480 974 974 -1
4675 0 407 24 7 485 974 974 -1
4676 0 284 24 7 254 974 974 -1
4677 0 285 24 7 256 974 974 -1
4678 0 285 24 7 256 974 974 -1
4679 0 91 24 7 94 974 974 -1
4680 0 497 24 7 501 974 974 -1
4681 0 497 24 500 7 974 974 -1
4682 0 496 24 7 500 974 974 -1
4683 0 496 24 501 7 974 974 -1
4684 0 128 24 7 132 974 974 -1
4685 0 128 24 7 132 974 974 -1
4686 0 418 24 7 453 974 974 -1
4687 0 140 24 7 326 974 974 -1
4688 0 142 24 7 146 974 974 -1
4689 0 61 24 7 20 47 974 -1
4690 0 61 24 7 20 47 974 -1
4691 0 61 24 37 7 25 974 -1
4692 0 61 24 37 7 25 974 -1
4693 0 420 24 7 457 974 974 -1
4694 0 420 24 7 457 974 974 -1
4695 0 145 129 4 214 974 974 -1
4696 0 248 129 4 189 974 974 -1
4697 0 148 129 4 217 974 974 -1
4698 0 7 139 340 111 974 974 -1
4699 0 7 139 349 111 974 974 -1
4700 0 7 139 108 343 974 974 -1
4701 0 20 139 317 47 974 974 -1
4702 0 20 139 37 319 974 974 -1
4703 0 89 139 340 146 974 974 -1
4704 0 7 143 4 146 974 974 -1
4705 0 4 59 7 58 974 974 -1
4706 0 11 59 17 58 974 974 -1
4707 0 37 59 54 47 974 974 -1
4708 0 37 59 4 256 974 974 -1
4709 0 7 59 4 60 974 974 -1
4710 0 39 59 54 358 974 974 -1
4711 0 20 59 54 25 974 974 -1
4712 0 295 59 54 308 974 974 -1
4713 0 295 59 54 308 974 974 -1
4714 0 382 59 54 359 974 974 -1
4715 0 382 59 54 359 974 974 -1
4716 0 89 59 54 92 974 974 -1
4717 0 89 59 4 7 501 974 -1
4718 0 48 59 54 290 974 974 -1
4719 0 67 59 54 69 974 974 -1
4720 0 67 59 65 60 974 974 -1
4721 0 55 59 54 60 974 974 -1
4722 0 93 59 54 97 974 974 -1
4723 0 51 59 54 267 974 974 -1
4724 0 515 290 4 48 516 974 -1
4725 0 52 290 48 57 974 974 -1
4726 0 349 290 48 343 974 974 -1
4727 0 65 290 48 68 974 974 -1
4728 0 67 290 48 69 974 974 -1
4729 0 31 69 7 343 974 974 -1
4730 0 31 69 7 293 974 974 -1
4731 0 31 465 4 469 974 974 -1
4732 0 31 469 4 473 974 974 -1
4733 0 31 480 4 465 974 974 -1
4734 0 31 485 7 421 974 974 -1
4735 0 20 485 407 25 974 974 -1
4736 0 37 254 284 47 974 974 -1
4737 0 31 94 7 499 974 974 -1
4738 0 31 94 7 498 974 974 -1
4739 0 31 94 4 501 974 974 -1
4740 0 31 94 4 500 974 974 -1
4741 0 4 94 7 92 974 974 -1
4742 0 41 94 4 254 974 974 -1
4743 0 11 94 54 47 974 974 -1
4744 0 11 94 46 58 974 974 -1
4745 0 72 94 54 347 974 974 -1
4746 0 391 94 7 465 974 974 -1
4747 0 391 94 4 466 974 974 -1
4748 0 229 94 53 501 974 974 -1
4749 0 229 94 53 501 974 974 -1
4750 0 229 94 53 500 974 974 -1
4751 0 229 94 53 500 974 974 -1
4752 0 229 94 7 134 974 974 -1
4753 0 229 94 7 134 974 974 -1
4754 0 89 94 54 501 974 974 -1
4755 0 89 94 4 136 974 974 -1
4756 0 495 94 54 132 974 974 -1
4757 0 495 94 4 154 974 974 -1
4758 0 494 94 54 132 974 974 -1
4759 0 494 94 4 154 974 974 -1
4760 0 67 94 91 69 974 974 -1
4761 0 91 94 89 97 974 974 -1
4762 0 91 94 7 136 974 974 -1
4763 0 497 94 54 134 974 974 -1
4764 0 497 94 4 156 974 974 -1
4765 0 496 94 54 134 974 974 -1
4766 0 496 94 4 156 974 974 -1
4767 0 128 94 54 149 974 974 -1
4768 0 128 94 54 149 974 974 -1
4769 0 128 94 4 171 974 974 -1
4770 0 128 94 4 171 974 974 -1
4771 0 93 94 54 116 974 974 -1
4772 0 93 94 4 137 974 974 -1
4773 0 235 94 93 501 974 974 -1
4774 0 235 94 55 134 974 974 -1
4775 0 235 94 7 156 974 974 -1
4776 0 235 94 93 500 974 974 -1
4777 0 131 94 54 151 974 974 -1
4778 0 131 94 7 171 974 974 -1
4779 0 145 94 54 167 974 974 -1
4780 0 145 94 4 189 974 974 -1
4781 0 248 94 54 136 974 974 -1
4782 0 148 94 54 169 974 974 -1
4783 0 148 94 4 190 974 974 -1
4784 0 163 94 54 184 974 974 -1
4785 0 163 94 4 205 974 974 -1
4786 0 166 94 54 187 974 974 -1
4787 0 166 94 7 205 974 974 -1
4788 0 180 94 54 201 974 974 -1
4789 0 180 94 4 223 974 974 -1
4790 0 183 94 54 203 974 974 -1
4791 0 183 94 7 223 974 974 -1
4792 0 31 501 4 132 974 974 -1
4793 0 31 500 4 132 974 974 -1
4794 0 11 501 37 92 974 974 -1
4795 0 11 500 37 92 974 974 -1
4796 0 11 500 46 90 974 974 -1
4797 0 11 500 321 7 974 974 -1
4798 0 11 500 279 4 974 974 -1
4799 0 72 501 7 322 974 974 -1
4800 0 72 501 347 89 974 974 -1
4801 0 72 500 7 322 974 974 -1
4802 0 72 500 347 89 974 974 -1
4803 0 391 501 7 469 974 974 -1
4804 0 391 501 4 470 974 974 -1
4805 0 391 500 7 469 974 974 -1
4806 0 391 500 4 470 974 974 -1
4807 0 229 501 4 151 974 974 -1
4808 0 229 501 4 151 974 974 -1
4809 0 229 500 7 149 974 974 -1
4810 0 229 500 7 149 974 974 -1
4811 0 229 500 4 151 974 974 -1
4812 0 229 500 4 151 974 974 -1
4813 0 89 500 7 151 974 974 -1
4814 0 495 501 7 167 974 974 -1
4815 0 495 501 4 169 974 974 -1
4816 0 494 500 7 167 974 974 -1
4817 0 494 500 4 169 974 974 -1
4818 0 91 501 7 154 974 974 -1
4819 0 91 500 7 154 974 974 -1
4820 0 497 501 7 169 974 974 -1
4821 0 496 500 7 169 974 974 -1
4822 0 496 500 4 171 974 974 -1
4823 0 128 501 7 184 974 974 -1
4824 0 128 501 7 184 974 974 -1
4825 0 128 501 4 187 974 974 -1
4826 0 128 501 4 187 974 974 -1
4827 0 128 500 7 184 974 974 -1
4828 0 128 500 7 184 974 974 -1
4829 0 128 500 4 187 974 974 -1
4830 0 128 500 4 187 974 974 -1
4831 0 93 501 7 156 974 974 -1
4832 0 93 500 7 156 974 974 -1
4833 0 235 501 7 171 974 974 -1
4834 0 235 501 4 172 974 974 -1
4835 0 235 500 7 171 974 974 -1
4836 0 235 500 4 172 974 974 -1
4837 0 131 501 7 187 974 974 -1
4838 0 131 500 7 187 974 974 -1
4839 0 145 501 7 201 974 974 -1
4840 0 145 501 4 203 974 974 -1
4841 0 145 500 7 201 974 974 -1
4842 0 145 500 4 203 974 974 -1
4843 0 248 501 7 172 974 974 -1
4844 0 339 32 268 111 974 974 -1
4845 0 339 32 229 271 974 974 -1
4846 0 339 32 4 139 974 974 -1
4847 0 339 32 31 318 974 974 -1
4848 0 317 32 268 111 974 974 -1
4849 0 317 32 4 139 974 974 -1
4850 0 351 32 349 109 974 974 -1
4851 0 351 32 108 350 974 974 -1
4852 0 351 32 4 139 974 974 -1
4853 0 490 32 4 469 974 974 -1
4854 0 468 32 4 473 974 974 -1
4855 0 468 32 4 473 974 974 -1
4856 0 479 32 7 464 974 974 -1
4857 0 479 32 7 464 974 974 -1
4858 0 479 32 4 465 974 974 -1
4859 0 479 32 4 465 974 974 -1
4860 0 408 32 7 421 974 974 -1
4861 0 408 32 4 480 974 974 -1
4862 0 253 32 268 92 974 974 -1
4863 0 253 32 4 314 974 974 -1
4864 0 93 32 4 7 111 974 -1
4865 0 93 32 52 92 974 974 -1
4866 0 93 32 7 499 974 974 -1
4867 0 93 32 7 498 974 974 -1
4868 0 93 32 4 501 974 974 -1
4869 0 235 32 7 129 974 974 -1
4870 0 235 32 31 500 974 974 -1
4871 0 235 32 4 132 974 974 -1
4872 0 131 32 229 111 974 974 -1
4873 0 131 32 7 143 974 974 -1
4874 0 131 32 4 146 974 974 -1
4875 0 145 32 4 161 974 974 -1
4876 0 51 32 46 58 974 974 -1
4877 0 51 32 52 290 974 974 -1
4878 0 371 32 41 256 974 974 -1
4879 0 371 32 268 290 974 974 -1
4880 0 371 32 340 289 974 974 -1
4881 0 371 32 48 341 974 974 -1
4882 0 371 32 17 239 974 974 -1
4883 0 371 32 11 254 974 974 -1
4884 0 251 32 52 256 974 974 -1
4885 0 96 32 7 501 974 974 -1
4886 0 96 32 7 500 974 974 -1
4887 0 248 32 89 90 974 974 -1
4888 0 248 32 229 92 974 974 -1
4889 0 248 32 52 501 974 974 -1
4890 0 248 32 52 500 974 974 -1
4891 0 248 32 7 132 974 974 -1
4892 0 32 133 4 149 974 974 -1
4893 0 32 133 7 146 974 974 -1
4894 0 32 133 229 499 974 974 -1
4895 0 32 133 229 498 974 974 -1
4896 0 148 32 7 161 974 974 -1
4897 0 148 32 4 164 974 974 -1
4898 0 163 32 4 178 974 974 -1
4899 0 258 32 52 242 974 974 -1
4900 0 327 32 268 146 974 974 -1
4901 0 327 32 4 176 974 974 -1
4902 0 166 32 7 178 974 974 -1
4903 0 166 32 4 181 974 974 -1
4904 0 180 32 4 195 974 974 -1
4905 0 243 32 118 92 974 974 -1
4906 0 243 32 268 134 974 974 -1
4907 0 344 32 31 272 974 974 -1
4908 0 249 32 91 290 974 974 -1
4909 0 249 32 52 252 974 974 -1
4910 0 183 32 7 195 974 974 -1
4911 0 183 32 4 198 974 974 -1
4912 0 197 32 4 211 974 974 -1
4913 0 244 32 52 151 974 974 -1
4914 0 244 32 7 167 974 974 -1
4915 0 244 32 4 169 974 974 -1
4916 0 332 32 268 181 974 974 -1
4917 0 332 32 4 209 974 974 -1
4918 0 200 32 7 211 974 974 -1
4919 0 200 32 4 214 974 974 -1
4920 0 213 32 4 76 974 974 -1
4921 0 245 32 268 169 974 974 -1
4922 0 216 32 7 76 974 974 -1
4923 0 216 32 4 79 974 974 -1
4924 0 246 32 52 187 974 974 -1
4925 0 246 32 7 201 974 974 -1
4926 0 247 32 268 203 974 974 -1
4927 0 337 32 268 214 974 974 -1
4928 0 337 32 4 85 974 974 -1
4929 0 7 29 4 507 974 974 -1
4930 0 7 27 4 437 974 974 -1
4931 0 275 5 7 73 974 974 -1
4932 0 275 5 7 73 974 974 -1
4933 0 504 5 7 503 974 974 -1
4934 0 517 5 7 516 974 974 -1
4935 0 404 5 7 392 974 974 -1
4936 0 229 5 7 35 974 974 -1
4937 0 229 5 7 35 974 974 -1
4938 0 231 5 4 106 974 974 -1
4939 0 53 5 7 56 974 974 -1
4940 0 53 5 7 56 974 974 -1
4941 0 39 5 11 47 974 974 -1
4942 0 46 5 7 38 974 974 -1
4943 0 46 5 37 8 974 974 -1
4944 0 346 5 7 274 974 974 -1
4945 0 346 5 7 274 974 974 -1
4946 0 125 47 37 129 974 974 -1
4947 0 48 47 37 290 974 974 -1
4948 0 364 47 37 309 974 974 -1
4949 0 364 47 37 309 974 974 -1
4950 0 428 47 37 430 974 974 -1
4951 0 431 47 37 449 974 974 -1
4952 0 431 47 37 449 974 974 -1
4953 0 67 47 37 69 974 974 -1
4954 0 432 47 37 465 974 974 -1
4955 0 432 47 37 465 974 974 -1
4956 0 492 47 37 469 974 974 -1
4957 0 478 47 37 480 974 974 -1
4958 0 285 47 37 256 974 974 -1
4959 0 285 47 37 256 974 974 -1
4960 0 91 47 37 94 974 974 -1
4961 0 497 47 37 501 974 974 -1
4962 0 497 47 500 37 974 974 -1
4963 0 496 47 37 500 974 974 -1
4964 0 496 47 501 37 974 974 -1
4965 0 128 47 37 132 974 974 -1
4966 0 128 47 37 132 974 974 -1
4967 0 418 47 37 453 974 974 -1
4968 0 140 47 37 326 974 974 -1
4969 0 142 47 37 146 974 974 -1
4970 0 61 47 37 261 974 974 -1
4971 0 61 47 37 261 974 974 -1
4972 0 240 47 37 242 974 974 -1
4973 0 342 47 37 314 974 974 -1
4974 0 339 47 37 314 974 974 -1
4975 0 317 47 37 319 974 974 -1
4976 0 351 47 37 319 974 974 -1
4977 0 372 47 37 374 974 974 -1
4978 0 490 47 37 466 974 974 -1
4979 0 468 47 37 470 974 974 -1
4980 0 468 47 37 470 974 974 -1
4981 0 472 47 37 475 974 974 -1
4982 0 479 47 37 481 974 974 -1
4983 0 479 47 37 481 974 974 -1
4984 0 408 47 37 486 974 974 -1
4985 0 253 47 37 255 974 974 -1
4986 0 93 47 37 97 974 974 -1
4987 0 235 47 37 115 974 974 -1
4988 0 131 47 37 134 974 974 -1
4989 0 145 47 37 149 974 974 -1
4990 0 157 47 37 328 974 974 -1
4991 0 160 47 37 164 974 974 -1
4992 0 51 47 37 267 974 974 -1
4993 0 371 47 37 370 974 974 -1
4994 0 251 47 37 252 974 974 -1
4995 0 96 47 37 101 974 974 -1
4996 0 238 47 37 113 974 974 -1
4997 0 248 47 37 116 974 974 -1
4998 0 47 133 37 135 974 974 -1
4999 0 148 47 37 151 974 974 -1
5000 0 163 47 37 167 974 974 -1
5001 0 177 47 37 181 974 974 -1
5002 0 258 47 37 260 974 974 -1
5003 0 166 47 37 169 974 974 -1
5004 0 180 47 37 184 974 974 -1
5005 0 191 47 37 333 974 974 -1
5006 0 194 47 37 198 974 974 -1
5007 0 243 47 37 304 974 974 -1
5008 0 344 47 37 310 974 974 -1
5009 0 249 47 37 93 25 974 -1
5010 0 249 47 37 99 974 974 -1
5011 0 183 47 37 187 974 974 -1
5012 0 197 47 37 201 974 974 -1
5013 0 210 47 37 214 974 974 -1
5014 0 244 47 37 156 974 974 -1
5015 0 263 47 37 265 974 974 -1
5016 0 332 47 37 185 974 974 -1
5017 0 257 47 37 117 974 974 -1
5018 0 200 47 37 203 974 974 -1
5019 0 213 47 37 217 974 974 -1
5020 0 226 47 37 225 974 974 -1
5021 0 75 47 37 79 974 974 -1
5022 0 78 47 37 82 974 974 -1
5023 0 245 47 37 305 974 974 -1
5024 0 216 47 37 220 974 974 -1
5025 0 246 47 37 190 974 974 -1
5026 0 247 47 37 206 974 974 -1
5027 0 337 47 37 218 974 974 -1
5028 0 173 47 37 174 974 974 -1
5029 0 31 434 4 233 974 974 -1
5030 0 11 434 37 412 974 974 -1
5031 0 11 347 72 47 974 974 -1
5032 0 11 347 4 383 974 974 -1
5033 0 67 347 273 69 974 974 -1
5034 0 67 347 273 69 974 974 -1
5035 0 31 350 268 56 974 974 -1
5036 0 72 350 268 276 974 974 -1
5037 0 34 350 268 88 974 974 -1
5038 0 52 350 268 57 974 974 -1
5039 0 7 350 4 343 974 974 -1
5040 0 63 350 268 66 974 974 -1
5041 0 14 350 46 376 974 974 -1
5042 0 229 350 268 90 974 974 -1
5043 0 229 350 268 90 974 974 -1
5044 0 53 350 268 58 974 974 -1
5045 0 53 350 268 58 974 974 -1
5046 0 20 350 268 25 974 974 -1
5047 0 340 350 268 343 974 974 -1
5048 0 46 350 37 343 974 974 -1
5049 0 46 350 268 289 974 974 -1
5050 0 65 350 268 68 974 974 -1
5051 0 48 350 268 290 974 974 -1
5052 0 31 355 375 56 974 974 -1
5053 0 11 355 4 378 974 974 -1
5054 0 72 355 375 276 974 974 -1
5055 0 34 355 375 88 974 974 -1
5056 0 52 355 375 57 974 974 -1
5057 0 37 355 375 47 974 974 -1
5058 0 63 355 375 66 974 974 -1
5059 0 17 355 375 21 974 974 -1
5060 0 229 355 375 90 974 974 -1
5061 0 229 355 375 90 974 974 -1
5062 0 53 355 375 58 974 974 -1
5063 0 53 355 375 58 974 974 -1
5064 0 39 355 375 358 974 974 -1
5065 0 20 355 375 25 974 974 -1
5066 0 340 355 375 343 974 974 -1
5067 0 46 355 375 289 974 974 -1
5068 0 349 355 375 343 974 974 -1
5069 0 65 355 375 68 974 974 -1
5070 0 48 355 375 290 974 974 -1
5071 0 67 355 375 69 974 974 -1
5072 0 55 355 375 60 974 974 -1
5073 0 7 439 4 443 974 974 -1
5074 0 37 357 37 47 974 974 -1
5075 0 7 357 7 47 974 974 -1
5076 0 43 357 37 45 974 974 -1
5077 0 20 442 413 25 974 974 -1
5078 0 31 45 43 56 974 974 -1
5079 0 72 45 43 276 974 974 -1
5080 0 34 45 43 88 974 974 -1
5081 0 52 45 43 57 974 974 -1
5082 0 37 45 43 47 974 974 -1
5083 0 63 45 43 66 974 974 -1
5084 0 17 45 43 21 974 974 -1
5085 0 229 45 43 90 974 974 -1
5086 0 229 45 43 90 974 974 -1
5087 0 53 45 43 58 974 974 -1
5088 0 53 45 43 58 974 974 -1
5089 0 39 45 43 358 974 974 -1
5090 0 20 45 43 25 974 974 -1
5091 0 340 45 43 343 974 974 -1
5092 0 46 45 43 289 974 974 -1
5093 0 349 45 43 343 974 974 -1
5094 0 65 45 43 68 974 974 -1
5095 0 89 45 43 92 974 974 -1
5096 0 48 45 43 290 974 974 -1
5097 0 67 45 43 69 974 974 -1
5098 0 55 45 43 60 974 974 -1
5099 0 342 45 43 314 974 974 -1
5100 0 339 45 43 314 974 974 -1
5101 0 317 45 43 319 974 974 -1
5102 0 183 10 9 229 146 974 -1
5103 0 183 10 9 7 178 974 -1
5104 0 183 10 4 9 181 974 -1
5105 0 197 10 9 34 164 974 -1
5106 0 197 10 4 9 195 974 -1
5107 0 210 10 9 108 108 109 -1
5108 0 210 10 31 9 108 143 -1
5109 0 210 10 9 34 108 126 -1
5110 0 210 10 9 108 161 974 -1
5111 0 244 10 9 7 149 974 -1
5112 0 244 10 4 9 151 974 -1
5113 0 263 10 4 9 48 58 -1
5114 0 263 10 9 54 290 974 -1
5115 0 332 10 9 268 164 974 -1
5116 0 257 10 9 54 256 974 -1
5117 0 200 10 9 229 164 974 -1
5118 0 200 10 9 7 195 974 -1
5119 0 200 10 4 9 198 974 -1
5120 0 213 10 9 34 181 974 -1
5121 0 213 10 4 9 211 974 -1
5122 0 226 10 9 268 195 974 -1
5123 0 245 10 9 157 58 974 -1
5124 0 75 10 31 9 211 974 -1
5125 0 75 10 9 108 178 974 -1
5126 0 75 10 31 9 108 161 -1
5127 0 75 10 9 142 143 974 -1
5128 0 75 10 9 125 161 974 -1
5129 0 75 10 9 108 108 126 -1
5130 0 75 10 31 9 34 178 -1
5131 0 78 10 9 34 198 974 -1
5132 0 78 10 4 9 76 974 -1
5133 0 78 10 4 9 108 178 -1
5134 0 78 10 9 108 181 974 -1
5135 0 78 10 31 4 9 211 -1
5136 0 78 10 9 142 146 974 -1
5137 0 78 10 9 34 108 146 -1
5138 0 78 10 31 9 34 181 -1
5139 0 216 10 9 229 181 974 -1
5140 0 216 10 9 7 211 974 -1
5141 0 216 10 4 9 214 974 -1
5142 0 246 10 9 7 184 974 -1
5143 0 246 10 4 9 187 974 -1
5144 0 247 10 9 191 58 974 -1
5145 0 337 10 9 268 198 974 -1
5146 0 173 10 4 9 172 974 -1
5147 0 173 10 9 52 156 974 -1
5148 0 323 10 9 268 111 974 -1
5149 0 330 10 9 268 146 974 -1
5150 0 335 10 9 268 181 974 -1
5151 0 366 10 9 34 268 269 -1
5152 0 367 10 9 268 125 269 -1
5153 0 368 10 9 268 160 269 -1
5154 0 517 503 504 516 974 974 -1
5155 0 52 42 4 269 974 974 -1
5156 0 7 42 4 64 974 974 -1
5157 0 63 42 4 44 974 974 -1
5158 0 375 42 11 44 974 974 -1
5159 0 375 42 11 44 974 974 -1
5160 0 14 42 375 12 974 974 -1
5161 0 14 42 11 376 974 974 -1
5162 0 17 42 4 376 974 974 -1
5163 0 39 42 375 38 974 974 -1
5164 0 295 42 63 276 974 974 -1
5165 0 295 42 63 276 974 974 -1
5166 0 46 42 37 64 974 974 -1
5167 0 382 42 41 37 73 974 -1
5168 0 382 42 41 37 73 974 -1
5169 0 382 42 375 274 974 974 -1
5170 0 382 42 375 274 974 974 -1
5171 0 48 42 53 376 974 974 -1
5172 0 48 42 63 47 974 974 -1
5173 0 67 42 7 45 974 974 -1
5174 0 67 42 63 66 974 974 -1
5175 0 55 42 4 7 341 974 -1
5176 0 55 42 4 41 58 974 -1
5177 0 55 42 63 58 974 974 -1
5178 0 55 42 4 4 343 974 -1
5179 0 55 42 7 343 974 974 -1
5180 0 51 42 4 54 376 974 -1
5181 0 51 42 4 375 58 974 -1
5182 0 51 42 4 63 289 974 -1
5183 0 51 42 63 290 974 974 -1
5184 0 34 12 31 38 974 974 -1
5185 0 52 12 4 38 974 974 -1
5186 0 268 12 31 376 974 974 -1
5187 0 268 12 31 376 974 974 -1
5188 0 7 12 4 18 974 974 -1
5189 0 43 12 41 376 974 974 -1
5190 0 63 12 4 376 974 974 -1
5191 0 17 12 4 15 974 974 -1
5192 0 229 12 52 38 974 974 -1
5193 0 229 12 52 38 974 974 -1
5194 0 39 12 37 15 974 974 -1
5195 0 295 12 20 73 974 974 -1
5196 0 295 12 20 73 974 974 -1
5197 0 295 12 17 276 974 974 -1
5198 0 295 12 17 276 974 974 -1
5199 0 340 12 63 38 974 974 -1
5200 0 340 12 52 376 974 974 -1
5201 0 340 12 41 47 974 974 -1
5202 0 46 12 37 18 974 974 -1
5203 0 365 12 375 376 974 974 -1
5204 0 382 12 39 73 974 974 -1
5205 0 382 12 39 73 974 974 -1
5206 0 388 12 386 15 974 974 -1
5207 0 388 12 386 15 974 974 -1
5208 0 48 12 17 47 974 974 -1
5209 0 55 12 17 58 974 974 -1
5210 0 51 12 20 289 974 974 -1
5211 0 51 12 17 290 974 974 -1
5212 0 14 410 11 414 974 974 -1
5213 0 17 410 4 414 974 974 -1
5214 0 20 410 7 414 974 974 -1
5215 0 89 410 4 448 974 974 -1
5216 0 89 410 449 974 974 974 -1
5217 0 67 410 4 461 974 974 -1
5218 0 55 410 7 455 974 974 -1
5219 0 93 410 7 449 974 974 -1
5220 0 34 73 31 274 974 974 -1
5221 0 52 73 4 274 974 974 -1
5222 0 52 289 46 57 974 974 -1
5223 0 63 289 41 290 974 974 -1
5224 0 229 289 46 90 974 974 -1
5225 0 229 289 46 90 974 974 -1
5226 0 53 289 46 58 974 974 -1
5227 0 53 289 46 58 974 974 -1
5228 0 20 289 46 25 974 974 -1
5229 0 340 289 46 343 974 974 -1
5230 0 46 289 37 290 974 974 -1
5231 0 349 289 46 343 974 974 -1
5232 0 65 289 46 68 974 974 -1
5233 0 48 289 46 290 974 974 -1
5234 0 67 289 46 69 974 974 -1
5235 0 55 289 54 290 974 974 -1
5236 0 55 289 4 252 974 974 -1
5237 0 391 293 7 488 974 974 -1
5238 0 31 25 7 47 974 974 -1
5239 0 515 25 4 20 516 974 -1
5240 0 391 25 20 483 974 974 -1
5241 0 52 25 20 57 974 974 -1
5242 0 423 25 20 434 974 974 -1
5243 0 423 25 20 434 974 974 -1
5244 0 273 25 20 347 974 974 -1
5245 0 273 25 20 347 974 974 -1
5246 0 459 25 20 440 974 974 -1
5247 0 400 25 20 422 974 974 -1
5248 0 400 25 20 422 974 974 -1
5249 0 404 25 20 406 974 974 -1
5250 0 234 25 20 316 974 974 -1
5251 0 108 25 20 111 974 974 -1
5252 0 232 25 20 448 974 974 -1
5253 0 53 25 20 58 974 974 -1
5254 0 53 25 20 58 974 974 -1
5255 0 295 25 20 308 974 974 -1
5256 0 295 25 20 308 974 974 -1
5257 0 340 25 20 343 974 974 -1
5258 0 433 25 20 455 974 974 -1
5259 0 433 25 20 455 974 974 -1
5260 0 435 25 20 421 974 974 -1
5261 0 349 25 20 343 974 974 -1
5262 0 363 25 20 299 974 974 -1
5263 0 363 25 20 299 974 974 -1
5264 0 65 25 20 68 974 974 -1
5265 0 491 25 20 464 974 974 -1
5266 0 491 25 20 464 974 974 -1
5267 0 405 25 20 484 974 974 -1
5268 0 487 25 20 489 974 974 -1
5269 0 495 25 20 499 974 974 -1
5270 0 494 25 20 498 974 974 -1
5271 0 118 25 20 318 974 974 -1
5272 0 121 25 20 321 974 974 -1
5273 0 417 25 20 452 974 974 -1
5274 0 123 25 20 322 974 974 -1
5275 0 125 25 20 129 974 974 -1
5276 0 48 25 20 290 974 974 -1
5277 0 364 25 20 309 974 974 -1
5278 0 364 25 20 309 974 974 -1
5279 0 428 25 20 430 974 974 -1
5280 0 431 25 20 449 974 974 -1
5281 0 431 25 20 449 974 974 -1
5282 0 67 25 20 69 974 974 -1
5283 0 432 25 20 465 974 974 -1
5284 0 432 25 20 465 974 974 -1
5285 0 285 25 20 256 974 974 -1
5286 0 285 25 20 256 974 974 -1
5287 0 91 25 20 94 974 974 -1
5288 0 497 25 20 501 974 974 -1
5289 0 496 25 20 500 974 974 -1
5290 0 128 25 20 132 974 974 -1
5291 0 128 25 20 132 974 974 -1
5292 0 418 25 20 453 974 974 -1
5293 0 140 25 20 326 974 974 -1
5294 0 342 25 20 314 974 974 -1
5295 0 339 25 20 314 974 974 -1
5296 0 317 25 20 319 974 974 -1
5297 0 351 25 20 319 974 974 -1
5298 0 479 25 20 481 974 974 -1
5299 0 479 25 20 481 974 974 -1
5300 0 253 25 20 255 974 974 -1
5301 0 235 25 20 115 974 974 -1
5302 0 131 25 20 134 974 974 -1
5303 0 51 25 20 267 974 974 -1
5304 0 371 25 20 370 974 974 -1
5305 0 251 25 20 252 974 974 -1
5306 0 248 25 20 116 974 974 -1
5307 0 25 133 20 135 974 974 -1
5308 0 344 25 20 310 974 974 -1
5309 0 249 25 20 99 974 974 -1
5310 0 263 25 20 265 974 974 -1
5311 0 257 25 20 117 974 974 -1
5312 0 173 25 20 174 974 974 -1
5313 0 4 308 7 296 974 974 -1
5314 0 340 308 295 343 974 974 -1
5315 0 349 308 295 343 974 974 -1
5316 0 48 308 295 290 974 974 -1
5317 0 67 308 295 69 974 974 -1
5318 0 31 358 39 56 974 974 -1
5319 0 11 358 14 47 974 974 -1
5320 0 37 358 39 47 974 974 -1
5321 0 20 358 39 25 974 974 -1
5322 0 89 358 39 92 974 974 -1
5323 0 67 358 39 69 974 974 -1
5324 0 55 358 39 60 974 974 -1
5325 0 253 358 39 255 974 974 -1
5326 0 20 362 388 25 974 974 -1
5327 0 67 362 388 69 974 974 -1
5328 0 11 68 7 355 974 974 -1
5329 0 11 68 4 294 974 974 -1
5330 0 34 68 63 90 974 974 -1
5331 0 52 68 31 69 974 974 -1
5332 0 7 68 4 69 974 974 -1
5333 0 7 68 4 69 974 974 -1
5334 0 7 68 4 69 974 974 -1
5335 0 63 68 41 69 974 974 -1
5336 0 17 68 11 69 974 974 -1
5337 0 53 68 65 58 974 974 -1
5338 0 53 68 65 58 974 974 -1
5339 0 20 68 17 69 974 974 -1
5340 0 295 68 275 69 974 974 -1
5341 0 295 68 275 69 974 974 -1
5342 0 46 68 37 69 974 974 -1
5343 0 65 68 63 69 974 974 -1
5344 0 48 68 46 69 974 974 -1
5345 0 67 68 65 69 974 974 -1
5346 0 55 68 54 69 974 974 -1
5347 0 89 448 4 454 974 974 -1
5348 0 89 458 7 450 974 974 -1
5349 0 89 464 7 475 974 974 -1
5350 0 31 484 4 421 974 974 -1
5351 0 41 484 7 439 974 974 -1
5352 0 41 484 4 443 974 974 -1
5353 0 11 484 7 444 974 974 -1
5354 0 11 484 4 429 974 974 -1
5355 0 14 484 11 430 974 974 -1
5356 0 11 489 398 47 974 974 -1
5357 0 31 443 7 488 974 974 -1
5358 0 31 443 4 489 974 974 -1
5359 0 31 92 7 111 974 974 -1
5360 0 31 92 4 499 974 974 -1
5361 0 31 92 4 498 974 974 -1
5362 0 4 92 7 90 974 974 -1
5363 0 41 92 7 313 974 974 -1
5364 0 11 92 4 286 974 974 -1
5365 0 11 92 37 58 974 974 -1
5366 0 391 92 7 464 974 974 -1
5367 0 391 92 4 465 974 974 -1
5368 0 229 92 89 90 974 974 -1
5369 0 229 92 89 90 974 974 -1
5370 0 229 92 7 132 974 974 -1
5371 0 229 92 7 132 974 974 -1
5372 0 229 92 4 134 974 974 -1
5373 0 229 92 4 134 974 974 -1
5374 0 20 92 89 25 974 974 -1
5375 0 295 92 89 308 974 974 -1
5376 0 295 92 89 308 974 974 -1
5377 0 435 5 7 401 974 974 -1
5378 0 354 5 7 376 974 974 -1
5379 0 438 5 7 399 974 974 -1
5380 0 438 5 7 399 974 974 -1
5381 0 518 5 20 516 974 974 -1
5382 0 382 5 37 276 974 974 -1
5383 0 382 5 37 276 974 974 -1
5384 0 405 5 7 483 974 974 -1
5385 0 89 5 7 88 974 974 -1
5386 0 495 5 7 109 974 974 -1
5387 0 495 5 89 32 974 974 -1
5388 0 495 5 31 90 974 974 -1
5389 0 495 5 229 56 974 974 -1
5390 0 494 5 7 109 974 974 -1
5391 0 494 5 89 32 974 974 -1
5392 0 494 5 31 90 974 974 -1
5393 0 494 5 229 56 974 974 -1
5394 0 48 5 7 47 974 974 -1
5395 0 428 5 7 444 974 974 -1
5396 0 432 5 7 403 974 974 -1
5397 0 432 5 7 403 974 974 -1
5398 0 478 5 7 422 974 974 -1
5399 0 407 5 7 406 974 974 -1
5400 0 91 5 7 90 974 974 -1
5401 0 497 5 7 111 974 974 -1
5402 0 496 5 7 111 974 974 -1
5403 0 128 5 7 126 974 974 -1
5404 0 128 5 7 126 974 974 -1
5405 0 61 5 7 358 974 974 -1
5406 0 61 5 7 358 974 974 -1
5407 0 240 5 7 343 974 974 -1
5408 0 55 5 7 58 974 974 -1
5409 0 342 5 229 341 974 974 -1
5410 0 342 5 340 88 974 974 -1
5411 0 342 5 7 119 974 974 -1
5412 0 342 5 52 313 974 974 -1
5413 0 339 5 31 239 974 974 -1
5414 0 339 5 268 90 974 974 -1
5415 0 339 5 7 119 974 974 -1
5416 0 351 5 317 5 974 974 -1
5417 0 351 5 4 318 974 974 -1
5418 0 351 5 63 111 974 974 -1
5419 0 351 5 7 119 974 974 -1
5420 0 351 5 229 350 974 974 -1
5421 0 351 5 349 88 974 974 -1
5422 0 372 5 65 350 974 974 -1
5423 0 372 5 349 66 974 974 -1
5424 0 490 5 7 464 974 974 -1
5425 0 468 5 7 493 974 974 -1
5426 0 468 5 7 493 974 974 -1
5427 0 479 5 7 421 974 974 -1
5428 0 479 5 7 421 974 974 -1
5429 0 408 5 7 484 974 974 -1
5430 0 253 5 7 239 974 974 -1
5431 0 93 5 7 92 974 974 -1
5432 0 235 5 7 499 974 974 -1
5433 0 235 5 7 498 974 974 -1
5434 0 131 5 7 129 974 974 -1
5435 0 145 5 7 143 974 974 -1
5436 0 51 5 7 290 974 974 -1
5437 0 371 5 37 69 974 974 -1
5438 0 371 5 67 47 974 974 -1
5439 0 371 5 20 293 974 974 -1
5440 0 371 5 48 66 974 974 -1
5441 0 251 5 7 256 974 974 -1
5442 0 96 5 7 94 974 974 -1
5443 0 238 5 7 319 974 974 -1
5444 0 248 5 7 501 974 974 -1
5445 0 248 5 7 500 974 974 -1
5446 0 5 133 7 132 974 974 -1
5447 0 148 5 7 146 974 974 -1
5448 0 163 5 7 161 974 974 -1
5449 0 258 5 7 242 974 974 -1
5450 0 166 5 7 164 974 974 -1
5451 0 180 5 7 178 974 974 -1
5452 0 243 5 317 58 974 974 -1
5453 0 344 5 4 272 974 974 -1
5454 0 249 5 7 252 974 974 -1
5455 0 183 5 7 181 974 974 -1
5456 0 197 5 7 195 974 974 -1
5457 0 244 5 7 151 974 974 -1
5458 0 244 5 4 154 974 974 -1
5459 0 263 5 7 252 974 974 -1
5460 0 200 5 7 198 974 974 -1
5461 0 213 5 7 211 974 974 -1
5462 0 245 5 327 58 974 974 -1
5463 0 63 73 4 380 974 974 -1
5464 0 14 73 11 387 974 974 -1
5465 0 17 73 4 387 974 974 -1
5466 0 404 73 4 397 974 974 -1
5467 0 229 73 4 107 974 974 -1
5468 0 229 73 4 107 974 974 -1
5469 0 53 73 4 347 974 974 -1
5470 0 53 73 4 347 974 974 -1
5471 0 295 73 7 385 974 974 -1
5472 0 295 73 7 385 974 974 -1
5473 0 295 73 4 360 974 974 -1
5474 0 295 73 4 360 974 974 -1
5475 0 46 73 37 276 974 974 -1
5476 0 382 73 37 385 974 974 -1
5477 0 382 73 37 385 974 974 -1
5478 0 89 73 4 316 974 974 -1
5479 0 495 73 4 124 974 974 -1
5480 0 494 73 4 124 974 974 -1
5481 0 54 73 4 292 974 974 -1
5482 0 48 73 37 296 974 974 -1
5483 0 48 73 275 47 974 974 -1
5484 0 91 73 7 316 974 974 -1
5485 0 497 73 4 322 974 974 -1
5486 0 496 73 4 322 974 974 -1
5487 0 131 73 273 499 974 974 -1
5488 0 131 73 4 326 974 974 -1
5489 0 52 392 4 401 974 974 -1
5490 0 17 392 4 394 974 974 -1
5491 0 436 392 4 482 974 974 -1
5492 0 53 392 4 422 974 974 -1
5493 0 53 392 4 422 974 974 -1
5494 0 349 392 4 488 974 974 -1
5495 0 382 392 37 397 974 974 -1
5496 0 382 392 37 397 974 974 -1
5497 0 89 392 4 464 974 974 -1
5498 0 54 392 7 422 974 974 -1
5499 0 91 392 4 465 974 974 -1
5500 0 497 392 4 469 974 974 -1
5501 0 496 392 4 469 974 974 -1
5502 0 93 392 4 466 974 974 -1
5503 0 235 392 4 470 974 974 -1
5504 0 248 392 7 470 974 974 -1
5505 0 41 35 268 32 974 974 -1
5506 0 11 35 31 38 974 974 -1
5507 0 72 35 31 274 974 974 -1
5508 0 34 35 31 109 974 974 -1
5509 0 34 35 108 32 974 974 -1
5510 0 52 35 4 109 974 974 -1
5511 0 52 35 31 88 974 974 -1
5512 0 52 35 229 32 974 974 -1
5513 0 52 35 108 5 974 974 -1
5514 0 7 35 4 88 974 974 -1
5515 0 63 35 41 88 974 974 -1
5516 0 63 35 4 36 974 974 -1
5517 0 14 35 37 38 974 974 -1
5518 0 53 35 4 111 974 974 -1
5519 0 53 35 4 111 974 974 -1
5520 0 53 35 7 109 974 974 -1
5521 0 53 35 7 109 974 974 -1
5522 0 53 35 89 32 974 974 -1
5523 0 53 35 89 32 974 974 -1
5524 0 20 35 17 88 974 974 -1
5525 0 20 35 4 104 974 974 -1
5526 0 340 35 41 111 974 974 -1
5527 0 340 35 4 119 974 974 -1
5528 0 46 35 37 88 974 974 -1
5529 0 65 35 4 313 974 974 -1
5530 0 89 35 4 129 974 974 -1
5531 0 55 35 54 88 974 974 -1
5532 0 55 35 53 90 974 974 -1
5533 0 55 35 4 7 111 974 -1
5534 0 55 35 7 499 974 974 -1
5535 0 55 35 7 498 974 974 -1
5536 0 55 35 4 501 974 974 -1
5537 0 55 35 4 500 974 974 -1
5538 0 31 56 4 35 974 974 -1
5539 0 4 56 7 32 974 974 -1
5540 0 41 56 4 269 974 974 -1
5541 0 11 56 4 38 974 974 -1
5542 0 72 56 4 274 974 974 -1
5543 0 72 56 31 276 974 974 -1
5544 0 34 56 4 109 974 974 -1
5545 0 34 56 229 32 974 974 -1
5546 0 34 56 31 88 974 974 -1
5547 0 34 56 108 5 974 974 -1
5548 0 52 56 7 35 974 974 -1
5549 0 268 56 4 36 974 974 -1
5550 0 268 56 4 36 974 974 -1
5551 0 268 56 4 271 974 974 -1
5552 0 268 56 4 271 974 974 -1
5553 0 7 56 4 57 974 974 -1
5554 0 63 56 7 269 974 974 -1
5555 0 14 56 46 12 974 974 -1
5556 0 14 56 17 38 974 974 -1
5557 0 14 56 11 47 974 974 -1
5558 0 17 56 7 38 974 974 -1
5559 0 229 56 7 109 974 974 -1
5560 0 229 56 7 109 974 974 -1
5561 0 229 56 4 111 974 974 -1
5562 0 229 56 4 111 974 974 -1
5563 0 229 56 89 32 974 974 -1
5564 0 229 56 89 32 974 974 -1
5565 0 53 56 7 88 974 974 -1
5566 0 53 56 7 88 974 974 -1
5567 0 39 56 37 47 974 974 -1
5568 0 20 56 7 47 974 974 -1
5569 0 20 56 4 289 974 974 -1
5570 0 20 56 31 25 974 974 -1
5571 0 295 56 7 347 974 974 -1
5572 0 295 56 7 347 974 974 -1
5573 0 295 56 31 308 974 974 -1
5574 0 295 56 31 308 974 974 -1
5575 0 340 56 7 36 974 974 -1
5576 0 340 56 4 313 974 974 -1
5577 0 340 56 31 343 974 974 -1
5578 0 46 56 37 57 974 974 -1
5579 0 349 56 31 343 974 974 -1
5580 0 65 56 7 341 974 974 -1
5581 0 382 56 37 347 974 974 -1
5582 0 382 56 37 347 974 974 -1
5583 0 89 56 4 499 974 974 -1
5584 0 89 56 4 498 974 974 -1
5585 0 48 56 53 47 974 974 -1
5586 0 48 56 37 58 974 974 -1
5587 0 48 56 31 290 974 974 -1
5588 0 67 56 7 293 974 974 -1
5589 0 67 56 31 69 974 974 -1
5590 0 55 56 4 7 90 974 -1
5591 0 55 56 7 92 974 974 -1
5592 0 55 56 4 94 974 974 -1
5593 0 51 56 48 58 974 974 -1
5594 0 51 56 53 290 974 974 -1
5595 0 51 56 31 267 974 974 -1
5596 0 11 44 41 376 974 974 -1
5597 0 7 44 4 45 974 974 -1
5598 0 20 44 17 45 974 974 -1
5599 0 295 44 7 43 73 974 -1
5600 0 295 44 7 43 73 974 -1
5601 0 295 44 4 43 276 974 -1
5602 0 295 44 4 43 276 974 -1
5603 0 46 44 37 45 974 974 -1
5604 0 382 44 37 43 73 974 -1
5605 0 382 44 37 43 73 974 -1
5606 0 48 44 4 43 47 974 -1
5607 0 55 44 7 43 57 974 -1
5608 0 55 44 4 43 58 974 -1
5609 0 31 64 41 56 974 974 -1
5610 0 41 64 4 44 974 974 -1
5611 0 11 64 41 18 974 974 -1
5612 0 72 64 41 276 974 974 -1
5613 0 72 64 4 380 974 974 -1
5614 0 34 64 41 88 974 974 -1
5615 0 34 64 4 36 974 974 -1
5616 0 34 64 31 341 974 974 -1
5617 0 52 64 41 57 974 974 -1
5618 0 268 64 41 341 974 974 -1
5619 0 268 64 41 341 974 974 -1
5620 0 37 64 41 47 974 974 -1
5621 0 37 64 4 369 974 974 -1
5622 0 7 64 41 24 974 974 -1
5623 0 7 64 4 66 974 974 -1
5624 0 43 64 41 45 974 974 -1
5625 0 63 64 41 66 974 974 -1
5626 0 375 64 11 45 974 974 -1
5627 0 375 64 11 45 974 974 -1
5628 0 14 64 17 376 974 974 -1
5629 0 14 64 41 22 974 974 -1
5630 0 17 64 41 21 974 974 -1
5631 0 229 64 41 90 974 974 -1
5632 0 229 64 41 90 974 974 -1
5633 0 53 64 41 58 974 974 -1
5634 0 53 64 41 58 974 974 -1
5635 0 39 64 46 376 974 974 -1
5636 0 39 64 37 355 974 974 -1
5637 0 39 64 41 358 974 974 -1
5638 0 20 64 7 355 974 974 -1
5639 0 20 64 17 66 974 974 -1
5640 0 20 64 41 25 974 974 -1
5641 0 20 64 11 68 974 974 -1
5642 0 340 64 41 343 974 974 -1
5643 0 46 64 41 289 974 974 -1
5644 0 349 64 41 343 974 974 -1
5645 0 65 64 41 68 974 974 -1
5646 0 48 64 65 47 974 974 -1
5647 0 48 64 41 290 974 974 -1
5648 0 67 64 41 69 974 974 -1
5649 0 11 380 72 376 974 974 -1
5650 0 31 15 11 38 974 974 -1
5651 0 41 15 11 376 974 974 -1
5652 0 72 15 11 387 974 974 -1
5653 0 34 15 37 38 974 974 -1
5654 0 52 15 11 47 974 974 -1
5655 0 63 15 11 355 974 974 -1
5656 0 63 15 4 378 974 974 -1
5657 0 53 15 11 289 974 974 -1
5658 0 53 15 11 289 974 974 -1
5659 0 46 15 37 22 974 974 -1
5660 0 48 15 4 14 47 974 -1
5661 0 55 15 4 261 974 974 -1
5662 0 51 15 4 14 290 974 -1
5663 0 31 18 11 56 974 974 -1
5664 0 41 18 4 376 974 974 -1
5665 0 11 18 4 15 974 974 -1
5666 0 72 18 11 276 974 974 -1
5667 0 72 18 4 387 974 974 -1
5668 0 391 18 11 483 974 974 -1
5669 0 34 18 11 88 974 974 -1
5670 0 52 18 11 57 974 974 -1
5671 0 268 18 11 341 974 974 -1
5672 0 268 18 11 341 974 974 -1
5673 0 37 18 11 47 974 974 -1
5674 0 7 18 4 21 974 974 -1
5675 0 43 18 11 45 974 974 -1
5676 0 63 18 11 66 974 974 -1
5677 0 375 18 11 355 974 974 -1
5678 0 375 18 11 355 974 974 -1
5679 0 17 18 11 21 974 974 -1
5680 0 400 18 11 422 974 974 -1
5681 0 400 18 11 422 974 974 -1
5682 0 404 18 11 406 974 974 -1
5683 0 393 18 11 444 974 974 -1
5684 0 229 18 11 90 974 974 -1
5685 0 229 18 11 90 974 974 -1
5686 0 53 18 11 58 974 974 -1
5687 0 53 18 11 58 974 974 -1
5688 0 39 18 11 358 974 974 -1
5689 0 20 18 11 25 974 974 -1
5690 0 295 18 11 308 974 974 -1
5691 0 295 18 11 308 974 974 -1
5692 0 340 18 11 343 974 974 -1
5693 0 46 18 37 21 974 974 -1
5694 0 46 18 11 289 974 974 -1
5695 0 349 18 11 343 974 974 -1
5696 0 65 18 11 68 974 974 -1
5697 0 48 18 11 290 974 974 -1
5698 0 67 18 11 69 974 974 -1
5699 0 248 90 4 156 974 974 -1
5700 0 248 90 7 154 974 974 -1
5701 0 148 90 7 184 974 974 -1
5702 0 148 90 4 187 974 974 -1
5703 0 163 90 7 198 974 974 -1
5704 0 163 90 4 201 974 974 -1
5705 0 166 90 7 201 974 974 -1
5706 0 166 90 4 203 974 974 -1
5707 0 180 90 7 214 974 974 -1
5708 0 180 90 4 217 974 974 -1
5709 0 183 90 7 217 974 974 -1
5710 0 183 90 4 220 974 974 -1
5711 0 7 111 4 499 974 974 -1
5712 0 375 111 37 313 974 974 -1
5713 0 375 111 37 313 974 974 -1
5714 0 14 111 231 47 974 974 -1
5715 0 14 111 37 104 974 974 -1
5716 0 14 111 11 321 974 974 -1
5717 0 39 111 37 321 974 974 -1
5718 0 20 111 89 47 974 974 -1
5719 0 20 111 37 92 974 974 -1
5720 0 20 111 7 321 974 974 -1
5721 0 295 111 89 347 974 974 -1
5722 0 295 111 89 347 974 974 -1
5723 0 295 111 273 92 974 974 -1
5724 0 295 111 273 92 974 974 -1
5725 0 295 111 7 322 974 974 -1
5726 0 295 111 7 322 974 974 -1
5727 0 382 111 273 321 974 974 -1
5728 0 382 111 273 321 974 974 -1
5729 0 382 111 37 322 974 974 -1
5730 0 382 111 37 322 974 974 -1
5731 0 67 111 89 293 974 974 -1
5732 0 67 111 108 69 974 974 -1
5733 0 55 111 89 92 974 974 -1
5734 0 55 111 7 134 974 974 -1
5735 0 93 111 89 501 974 974 -1
5736 0 93 111 89 500 974 974 -1
5737 0 93 111 7 151 974 974 -1
5738 0 131 111 89 146 974 974 -1
5739 0 7 119 4 318 974 974 -1
5740 0 7 126 4 129 974 974 -1
5741 0 31 421 89 392 974 974 -1
5742 0 31 421 7 403 974 974 -1
5743 0 31 421 4 464 974 974 -1
5744 0 41 421 4 340 392 974 -1
5745 0 11 421 48 392 974 974 -1
5746 0 11 421 404 47 974 974 -1
5747 0 72 421 291 392 974 974 -1
5748 0 31 58 7 88 974 974 -1
5749 0 31 58 4 90 974 974 -1
5750 0 41 58 7 341 974 974 -1
5751 0 41 58 4 293 974 974 -1
5752 0 11 58 7 357 974 974 -1
5753 0 11 58 7 47 974 974 -1
5754 0 11 58 4 289 974 974 -1
5755 0 409 58 4 455 974 974 -1
5756 0 72 58 7 347 974 974 -1
5757 0 391 58 7 422 974 974 -1
5758 0 391 58 4 421 974 974 -1
5759 0 34 58 7 111 974 974 -1
5760 0 52 58 7 90 974 974 -1
5761 0 268 58 4 239 974 974 -1
5762 0 268 58 4 239 974 974 -1
5763 0 506 58 7 514 974 974 -1
5764 0 506 58 7 514 974 974 -1
5765 0 275 58 7 292 974 974 -1
5766 0 275 58 7 292 974 974 -1
5767 0 63 58 7 343 974 974 -1
5768 0 14 58 11 290 974 974 -1
5769 0 17 58 7 289 974 974 -1
5770 0 404 58 7 421 974 974 -1
5771 0 386 58 7 359 974 974 -1
5772 0 386 58 7 359 974 974 -1
5773 0 229 58 7 499 974 974 -1
5774 0 229 58 7 499 974 974 -1
5775 0 229 58 7 498 974 974 -1
5776 0 229 58 7 498 974 974 -1
5777 0 229 58 4 501 974 974 -1
5778 0 229 58 4 501 974 974 -1
5779 0 229 58 4 500 974 974 -1
5780 0 229 58 4 500 974 974 -1
5781 0 53 58 7 92 974 974 -1
5782 0 53 58 7 92 974 974 -1
5783 0 46 58 37 59 974 974 -1
5784 0 65 58 4 242 974 974 -1
5785 0 89 58 7 501 974 974 -1
5786 0 495 58 7 132 974 974 -1
5787 0 494 58 7 132 974 974 -1
5788 0 48 58 55 47 974 974 -1
5789 0 67 58 53 69 974 974 -1
5790 0 67 58 7 242 974 974 -1
5791 0 91 58 4 7 501 974 -1
5792 0 91 58 7 115 974 974 -1
5793 0 497 58 7 134 974 974 -1
5794 0 496 58 7 134 974 974 -1
5795 0 128 58 7 149 974 974 -1
5796 0 128 58 7 149 974 974 -1
5797 0 55 58 7 97 974 974 -1
5798 0 342 58 340 501 974 974 -1
5799 0 342 58 340 500 974 974 -1
5800 0 339 58 340 501 974 974 -1
5801 0 339 58 340 500 974 974 -1
5802 0 317 58 340 501 974 974 -1
5803 0 317 58 340 500 974 974 -1
5804 0 351 58 349 501 974 974 -1
5805 0 351 58 349 500 974 974 -1
5806 0 93 58 55 92 974 974 -1
5807 0 93 58 7 7 501 974 -1
5808 0 93 58 7 116 974 974 -1
5809 0 235 58 4 136 974 974 -1
5810 0 131 58 89 501 974 974 -1
5811 0 131 58 89 500 974 974 -1
5812 0 131 58 7 151 974 974 -1
5813 0 145 58 7 167 974 974 -1
5814 0 51 58 55 290 974 974 -1
5815 0 371 58 46 259 974 974 -1
5816 0 148 58 7 169 974 974 -1
5817 0 163 58 7 184 974 974 -1
5818 0 166 58 7 187 974 974 -1
5819 0 180 58 7 201 974 974 -1
5820 0 183 58 7 203 974 974 -1
5821 0 197 58 7 217 974 974 -1
5822 0 200 58 7 220 974 974 -1
5823 0 515 343 4 340 516 974 -1
5824 0 515 343 4 349 516 974 -1
5825 0 391 343 7 488 974 974 -1
5826 0 52 343 340 57 974 974 -1
5827 0 53 343 340 58 974 974 -1
5828 0 53 343 340 58 974 974 -1
5829 0 53 343 349 58 974 974 -1
5830 0 53 343 349 58 974 974 -1
5831 0 65 343 340 68 974 974 -1
5832 0 65 343 349 68 974 974 -1
5833 0 48 343 340 290 974 974 -1
5834 0 67 343 340 69 974 974 -1
5835 0 67 343 349 69 974 974 -1
5836 0 72 289 46 276 974 974 -1
5837 0 34 289 46 88 974 974 -1
5838 0 351 45 43 319 974 974 -1
5839 0 371 45 43 370 974 974 -1
5840 0 173 45 43 174 974 974 -1
5841 0 20 519 7 520 974 974 -1
5842 0 41 66 4 45 974 974 -1
5843 0 11 66 4 355 974 974 -1
5844 0 72 66 63 276 974 974 -1
5845 0 72 66 4 356 974 974 -1
5846 0 34 66 63 88 974 974 -1
5847 0 52 66 63 57 974 974 -1
5848 0 268 66 41 343 974 974 -1
5849 0 268 66 41 293 974 974 -1
5850 0 7 66 4 68 974 974 -1
5851 0 63 66 41 68 974 974 -1
5852 0 14 66 17 355 974 974 -1
5853 0 14 66 11 294 974 974 -1
5854 0 229 66 63 90 974 974 -1
5855 0 229 66 63 90 974 974 -1
5856 0 53 66 63 58 974 974 -1
5857 0 53 66 63 58 974 974 -1
5858 0 20 66 63 25 974 974 -1
5859 0 20 66 17 68 974 974 -1
5860 0 20 66 11 69 974 974 -1
5861 0 295 66 67 276 974 974 -1
5862 0 295 66 67 276 974 974 -1
5863 0 295 66 63 308 974 974 -1
5864 0 295 66 63 308 974 974 -1
5865 0 295 66 275 68 974 974 -1
5866 0 295 66 275 68 974 974 -1
5867 0 295 66 72 69 974 974 -1
5868 0 295 66 72 69 974 974 -1
5869 0 340 66 63 343 974 974 -1
5870 0 349 66 63 343 974 974 -1
5871 0 65 66 63 68 974 974 -1
5872 0 48 66 46 68 974 974 -1
5873 0 48 66 63 290 974 974 -1
5874 0 67 66 63 69 974 974 -1
5875 0 4 378 17 376 974 974 -1
5876 0 7 378 20 376 974 974 -1
5877 0 31 22 14 56 974 974 -1
5878 0 41 22 4 378 974 974 -1
5879 0 11 22 14 18 974 974 -1
5880 0 72 22 14 276 974 974 -1
5881 0 34 22 14 88 974 974 -1
5882 0 52 22 14 57 974 974 -1
5883 0 268 22 14 341 974 974 -1
5884 0 268 22 14 341 974 974 -1
5885 0 37 22 14 47 974 974 -1
5886 0 7 22 14 24 974 974 -1
5887 0 43 22 14 45 974 974 -1
5888 0 63 22 14 66 974 974 -1
5889 0 375 22 14 355 974 974 -1
5890 0 375 22 14 355 974 974 -1
5891 0 17 22 14 21 974 974 -1
5892 0 229 22 14 90 974 974 -1
5893 0 229 22 14 90 974 974 -1
5894 0 53 22 14 58 974 974 -1
5895 0 53 22 14 58 974 974 -1
5896 0 39 22 14 358 974 974 -1
5897 0 20 22 14 25 974 974 -1
5898 0 340 22 14 343 974 974 -1
5899 0 46 22 14 289 974 974 -1
5900 0 349 22 14 343 974 974 -1
5901 0 65 22 14 68 974 974 -1
5902 0 48 22 14 290 974 974 -1
5903 0 67 22 14 69 974 974 -1
5904 0 89 416 7 449 974 974 -1
5905 0 93 416 55 455 974 974 -1
5906 0 93 416 7 451 974 974 -1
5907 0 7 360 309 974 974 974 -1
5908 0 295 360 384 308 974 974 -1
5909 0 295 360 384 308 974 974 -1
5910 0 7 403 4 464 974 974 -1
5911 0 31 406 4 422 974 974 -1
5912 0 41 406 4 439 974 974 -1
5913 0 11 406 4 444 974 974 -1
5914 0 72 406 4 446 974 974 -1
5915 0 14 406 17 444 974 974 -1
5916 0 11 488 37 399 974 974 -1
5917 0 37 389 39 387 974 974 -1
5918 0 31 90 7 109 974 974 -1
5919 0 31 90 4 111 974 974 -1
5920 0 41 90 340 56 974 974 -1
5921 0 41 90 7 36 974 974 -1
5922 0 41 90 4 313 974 974 -1
5923 0 41 90 349 56 974 974 -1
5924 0 11 90 52 47 974 974 -1
5925 0 11 90 52 357 974 974 -1
5926 0 11 90 4 104 974 974 -1
5927 0 409 90 4 448 974 974 -1
5928 0 391 90 7 403 974 974 -1
5929 0 391 90 4 464 974 974 -1
5930 0 52 90 4 499 974 974 -1
5931 0 52 90 4 498 974 974 -1
5932 0 268 90 4 318 974 974 -1
5933 0 268 90 4 318 974 974 -1
5934 0 63 90 4 239 974 974 -1
5935 0 17 90 4 286 974 974 -1
5936 0 14 90 46 47 974 974 -1
5937 0 229 90 4 132 974 974 -1
5938 0 229 90 4 132 974 974 -1
5939 0 53 90 4 501 974 974 -1
5940 0 53 90 4 501 974 974 -1
5941 0 53 90 4 500 974 974 -1
5942 0 53 90 4 500 974 974 -1
5943 0 295 90 275 92 974 974 -1
5944 0 295 90 275 92 974 974 -1
5945 0 340 90 4 319 974 974 -1
5946 0 46 90 37 92 974 974 -1
5947 0 349 90 229 343 974 974 -1
5948 0 349 90 4 319 974 974 -1
5949 0 65 90 229 68 974 974 -1
5950 0 65 90 4 254 974 974 -1
5951 0 89 90 7 132 974 974 -1
5952 0 89 90 4 134 974 974 -1
5953 0 495 90 7 146 974 974 -1
5954 0 495 90 4 149 974 974 -1
5955 0 494 90 7 146 974 974 -1
5956 0 494 90 4 149 974 974 -1
5957 0 67 90 229 69 974 974 -1
5958 0 91 90 53 501 974 974 -1
5959 0 91 90 53 500 974 974 -1
5960 0 91 90 7 134 974 974 -1
5961 0 497 90 7 149 974 974 -1
5962 0 497 90 4 151 974 974 -1
5963 0 496 90 7 149 974 974 -1
5964 0 496 90 4 151 974 974 -1
5965 0 128 90 7 164 974 974 -1
5966 0 128 90 7 164 974 974 -1
5967 0 128 90 4 167 974 974 -1
5968 0 128 90 4 167 974 974 -1
5969 0 55 90 7 115 974 974 -1
5970 0 55 90 4 116 974 974 -1
5971 0 93 90 54 501 974 974 -1
5972 0 93 90 54 500 974 974 -1
5973 0 93 90 4 136 974 974 -1
5974 0 235 90 7 151 974 974 -1
5975 0 235 90 4 154 974 974 -1
5976 0 131 90 7 167 974 974 -1
5977 0 131 90 4 169 974 974 -1
5978 0 145 90 7 181 974 974 -1
5979 0 145 90 4 184 974 974 -1
5980 0 11 52 4 37 974 974 -1
5981 0 11 52 31 17 974 974 -1
5982 0 31 52 4 34 974 974 -1
5983 0 31 275 4 273 974 974 -1
5984 0 31 63 4 268 974 974 -1
5985 0 31 63 41 52 974 974 -1
5986 0 31 375 11 268 974 974 -1
5987 0 31 375 41 37 974 974 -1
5988 0 31 379 72 268 974 974 -1
5989 0 31 14 11 37 974 974 -1
5990 0 31 17 4 37 974 974 -1
5991 0 31 17 11 52 974 974 -1
5992 0 31 411 4 423 974 974 -1
5993 0 31 384 72 273 974 974 -1
5994 0 31 404 4 400 974 974 -1
5995 0 31 386 72 37 974 974 -1
5996 0 31 386 11 273 974 974 -1
5997 0 31 46 52 37 974 974 -1
5998 0 31 46 4 231 974 974 -1
5999 0 31 230 34 268 974 974 -1
6000 0 31 229 4 108 974 974 -1
6001 0 31 231 34 37 974 974 -1
6002 0 31 381 268 37 974 974 -1
6003 0 31 405 4 435 974 974 -1
6004 0 31 388 37 386 974 974 -1
6005 0 31 54 4 89 974 974 -1
6006 0 31 89 4 495 974 974 -1
6007 0 31 89 4 494 974 974 -1
6008 0 31 89 7 108 974 974 -1
6009 0 31 287 7 230 974 974 -1
6010 0 31 287 52 340 974 974 -1
6011 0 31 407 4 478 974 974 -1
6012 0 31 93 4 235 974 974 -1
6013 0 31 342 108 340 974 974 -1
6014 0 31 351 108 349 974 974 -1
6015 0 31 284 4 317 974 974 -1
6016 0 31 91 4 497 974 974 -1
6017 0 31 91 4 496 974 974 -1
6018 0 31 495 4 125 974 974 -1
6019 0 31 494 4 125 974 974 -1
6020 0 31 497 4 128 974 974 -1
6021 0 31 496 4 128 974 974 -1
6022 0 31 118 268 108 974 974 -1
6023 0 31 121 37 108 974 974 -1
6024 0 31 235 4 131 974 974 -1
6025 0 31 248 4 133 974 974 -1
6026 0 31 96 4 248 974 974 -1
6027 0 31 128 4 142 974 974 -1
6028 0 31 131 4 145 974 974 -1
6029 0 31 133 4 148 974 974 -1
6030 0 31 145 4 160 974 974 -1
6031 0 31 157 268 142 974 974 -1
6032 0 31 157 108 118 974 974 -1
6033 0 31 148 4 163 974 974 -1
6034 0 31 163 4 177 974 974 -1
6035 0 89 128 4 166 974 974 -1
6036 0 128 55 54 131 974 974 -1
6037 0 128 55 54 131 974 974 -1
6038 0 37 42 31 376 974 974 -1
6039 0 37 42 375 32 974 974 -1
6040 0 248 128 54 166 974 974 -1
6041 0 4 381 37 63 974 974 -1
6042 0 4 381 11 340 974 974 -1
6043 0 41 381 37 43 974 974 -1
6044 0 31 382 37 273 974 974 -1
6045 0 52 382 4 37 273 974 -1
6046 0 11 130 37 495 3 974 -1
6047 0 11 147 37 130 974 974 -1
6048 0 11 165 37 147 974 974 -1
6049 0 11 182 37 165 974 974 -1
6050 0 11 199 37 182 974 974 -1
6051 0 11 215 37 199 974 974 -1
6052 0 11 80 37 215 974 974 -1
6053 0 47 33 31 4 37 974 -1
6054 0 25 33 31 4 20 974 -1
6055 0 24 33 31 4 7 974 -1
6056 0 45 33 31 4 43 974 -1
6057 0 47 74 4 72 37 974 -1
6058 0 25 74 4 72 20 974 -1
6059 0 24 74 4 72 7 974 -1
6060 0 45 74 4 72 43 974 -1
6061 0 47 13 4 11 37 974 -1
6062 0 25 13 4 11 20 974 -1
6063 0 24 13 4 11 7 974 -1
6064 0 45 13 4 11 43 974 -1
6065 0 47 270 4 268 37 974 -1
6066 0 25 270 4 268 20 974 -1
6067 0 24 270 4 268 7 974 -1
6068 0 45 270 4 268 43 974 -1
6069 0 47 19 4 37 17 974 -1
6070 0 25 19 4 17 20 974 -1
6071 0 24 19 4 7 17 974 -1
6072 0 45 19 4 43 17 974 -1
6073 0 47 130 4 37 128 974 -1
6074 0 25 130 4 20 128 974 -1
6075 0 24 130 4 7 128 974 -1
6076 0 45 130 4 43 128 974 -1
6077 0 47 144 4 37 142 974 -1
6078 0 25 144 4 20 142 974 -1
6079 0 24 144 4 7 142 974 -1
6080 0 45 144 4 43 142 974 -1
6081 0 47 147 4 37 145 974 -1
6082 0 25 147 4 20 145 974 -1
6083 0 24 147 4 7 145 974 -1
6084 0 45 147 4 43 145 974 -1
6085 0 47 162 4 37 160 974 -1
6086 0 25 162 4 20 160 974 -1
6087 0 24 162 4 7 160 974 -1
6088 0 45 162 4 43 160 974 -1
6089 0 47 165 4 37 163 974 -1
6090 0 25 165 4 20 163 974 -1
6091 0 24 165 4 7 163 974 -1
6092 0 45 165 4 43 163 974 -1
6093 0 47 179 4 37 177 974 -1
6094 0 25 179 4 20 177 974 -1
6095 0 24 179 4 7 177 974 -1
6096 0 45 179 4 43 177 974 -1
6097 0 47 182 4 37 180 974 -1
6098 0 25 182 4 20 180 974 -1
6099 0 24 182 4 7 180 974 -1
6100 0 45 182 4 43 180 974 -1
6101 0 47 196 4 37 194 974 -1
6102 0 25 196 4 20 194 974 -1
6103 0 24 196 4 7 194 974 -1
6104 0 45 196 4 43 194 974 -1
6105 0 47 199 4 37 197 974 -1
6106 0 25 199 4 20 197 974 -1
6107 0 24 199 4 7 197 974 -1
6108 0 45 199 4 43 197 974 -1
6109 0 47 212 4 37 210 974 -1
6110 0 25 212 4 20 210 974 -1
6111 0 24 212 4 7 210 974 -1
6112 0 45 212 4 43 210 974 -1
6113 0 47 215 4 37 213 974 -1
6114 0 25 215 4 20 213 974 -1
6115 0 24 215 4 7 213 974 -1
6116 0 45 215 4 43 213 974 -1
6117 0 47 77 4 37 75 974 -1
6118 0 25 77 4 20 75 974 -1
6119 0 24 77 4 7 75 974 -1
6120 0 45 77 4 43 75 974 -1
6121 0 47 80 4 37 78 974 -1
6122 0 25 80 4 20 78 974 -1
6123 0 24 80 4 7 78 974 -1
6124 0 45 80 4 43 78 974 -1
6125 0 11 78 37 213 974 974 -1
6126 0 31 82 7 87 974 974 -1
6127 0 11 82 213 47 974 974 -1
6128 0 11 79 210 47 974 974 -1
6129 0 11 79 37 214 974 974 -1
6130 0 11 76 37 211 974 974 -1
6131 0 11 211 37 195 974 974 -1
6132 0 31 86 108 210 974 974 -1
6133 0 31 86 142 177 974 974 -1
6134 0 11 144 37 125 3 974 -1
6135 0 11 144 37 127 974 974 -1
6136 0 11 162 37 144 974 974 -1
6137 0 11 179 37 162 974 974 -1
6138 0 11 196 37 179 974 974 -1
6139 0 11 212 37 196 974 974 -1
6140 0 11 77 37 212 974 974 -1
6141 0 41 144 125 270 974 974 -1
6142 0 41 144 268 127 974 974 -1
6143 0 41 162 142 270 974 974 -1
6144 0 41 162 268 144 974 974 -1
6145 0 41 162 108 120 974 974 -1
6146 0 41 179 160 270 974 974 -1
6147 0 41 179 268 162 974 974 -1
6148 0 41 179 125 120 974 974 -1
6149 0 41 196 177 270 974 974 -1
6150 0 41 196 268 179 974 974 -1
6151 0 41 196 142 120 974 974 -1
6152 0 41 212 194 270 974 974 -1
6153 0 41 212 268 196 974 974 -1
6154 0 41 212 160 120 974 974 -1
6155 0 41 77 210 270 974 974 -1
6156 0 41 77 268 212 974 974 -1
6157 0 41 77 177 120 974 974 -1
6158 0 31 216 4 78 974 974 -1
6159 0 11 148 37 131 974 974 -1
6160 0 11 166 37 148 974 974 -1
6161 0 11 183 37 166 974 974 -1
6162 0 11 200 37 183 974 974 -1
6163 0 11 216 37 200 974 974 -1
6164 0 11 120 37 230 3 974 -1
6165 0 25 120 4 20 118 974 -1
6166 0 24 120 4 7 118 974 -1
6167 0 45 120 4 43 118 974 -1
6168 0 361 33 31 4 386 974 -1
6169 0 361 6 4 4 386 974 -1
6170 0 361 13 4 11 386 974 -1
6171 0 361 74 4 72 386 974 -1
6172 0 361 270 4 268 386 974 -1
6173 0 361 19 4 17 386 974 -1
6174 0 361 130 4 386 128 974 -1
6175 0 361 144 4 386 142 974 -1
6176 0 361 147 4 386 145 974 -1
6177 0 361 162 4 386 160 974 -1
6178 0 361 165 4 386 163 974 -1
6179 0 361 179 4 386 177 974 -1
6180 0 361 182 4 386 180 974 -1
6181 0 361 196 4 386 194 974 -1
6182 0 361 199 4 386 197 974 -1
6183 0 361 212 4 386 210 974 -1
6184 0 361 215 4 386 213 974 -1
6185 0 361 77 4 386 75 974 -1
6186 0 361 80 4 386 78 974 -1
6187 0 361 120 4 386 118 974 -1
6188 0 343 33 31 4 340 974 -1
6189 0 343 6 4 4 340 974 -1
6190 0 343 13 4 11 340 974 -1
6191 0 343 74 4 72 340 974 -1
6192 0 343 270 4 268 340 974 -1
6193 0 343 19 4 17 340 974 -1
6194 0 343 130 4 340 128 974 -1
6195 0 343 130 4 349 128 974 -1
6196 0 343 144 4 340 142 974 -1
6197 0 343 144 4 349 142 974 -1
6198 0 343 147 4 340 145 974 -1
6199 0 343 162 4 340 160 974 -1
6200 0 343 162 4 349 160 974 -1
6201 0 343 165 4 340 163 974 -1
6202 0 343 165 4 349 163 974 -1
6203 0 343 179 4 340 177 974 -1
6204 0 343 179 4 349 177 974 -1
6205 0 343 182 4 340 180 974 -1
6206 0 343 196 4 340 194 974 -1
6207 0 343 196 4 349 194 974 -1
6208 0 343 199 4 340 197 974 -1
6209 0 343 199 4 349 197 974 -1
6210 0 343 212 4 340 210 974 -1
6211 0 343 212 4 349 210 974 -1
6212 0 343 215 4 340 213 974 -1
6213 0 343 77 4 340 75 974 -1
6214 0 343 77 4 349 75 974 -1
6215 0 343 80 4 340 78 974 -1
6216 0 343 80 4 349 78 974 -1
6217 0 343 120 4 340 118 974 -1
6218 0 151 33 31 4 148 974 -1
6219 0 151 6 4 4 148 974 -1
6220 0 151 13 4 11 148 974 -1
6221 0 151 74 4 72 148 974 -1
6222 0 151 270 4 268 148 974 -1
6223 0 151 19 4 17 148 974 -1
6224 0 151 130 4 128 148 974 -1
6225 0 151 144 4 142 148 974 -1
6226 0 151 147 4 145 148 974 -1
6227 0 151 165 4 148 163 974 -1
6228 0 151 179 4 148 177 974 -1
6229 0 151 182 4 148 180 974 -1
6230 0 151 212 4 148 210 974 -1
6231 0 151 215 4 148 213 974 -1
6232 0 185 33 31 4 332 974 -1
6233 0 185 6 4 4 332 974 -1
6234 0 185 13 4 11 332 974 -1
6235 0 185 74 4 72 332 974 -1
6236 0 185 270 4 268 332 974 -1
6237 0 185 19 4 17 332 974 -1
6238 0 185 130 4 128 332 974 -1
6239 0 185 144 4 142 332 974 -1
6240 0 185 147 4 145 332 974 -1
6241 0 185 162 4 160 332 974 -1
6242 0 185 165 4 163 332 974 -1
6243 0 185 179 4 177 332 974 -1
6244 0 185 182 4 180 332 974 -1
6245 0 185 196 4 194 332 974 -1
6246 0 185 199 4 197 332 974 -1
6247 0 185 212 4 210 332 974 -1
6248 0 185 215 4 332 213 974 -1
6249 0 185 77 4 332 75 974 -1
6250 0 185 80 4 332 78 974 -1
6251 0 185 120 4 118 332 974 -1
6252 0 187 33 31 4 183 974 -1
6253 0 187 6 4 4 183 974 -1
6254 0 187 13 4 11 183 974 -1
6255 0 187 74 4 72 183 974 -1
6256 0 187 19 4 17 183 974 -1
6257 0 187 144 4 142 183 974 -1
6258 0 187 147 4 145 183 974 -1
6259 0 187 179 4 177 183 974 -1
6260 0 187 182 4 180 183 974 -1
6261 0 187 215 4 183 213 974 -1
6262 0 218 33 31 4 337 974 -1
6263 0 218 6 4 4 337 974 -1
6264 0 218 13 4 11 337 974 -1
6265 0 218 74 4 72 337 974 -1
6266 0 218 270 4 268 337 974 -1
6267 0 218 19 4 17 337 974 -1
6268 0 218 130 4 128 337 974 -1
6269 0 218 144 4 142 337 974 -1
6270 0 218 147 4 145 337 974 -1
6271 0 218 162 4 160 337 974 -1
6272 0 218 165 4 163 337 974 -1
6273 0 218 179 4 177 337 974 -1
6274 0 218 182 4 180 337 974 -1
6275 0 218 196 4 194 337 974 -1
6276 0 218 199 4 197 337 974 -1
6277 0 218 212 4 210 337 974 -1
6278 0 218 215 4 213 337 974 -1
6279 0 218 77 4 75 337 974 -1
6280 0 218 80 4 78 337 974 -1
6281 0 218 120 4 118 337 974 -1
6282 0 220 33 31 4 216 974 -1
6283 0 220 6 4 4 216 974 -1
6284 0 220 13 4 11 216 974 -1
6285 0 220 74 4 72 216 974 -1
6286 0 220 19 4 17 216 974 -1
6287 0 220 144 4 142 216 974 -1
6288 0 220 147 4 145 216 974 -1
6289 0 220 182 4 180 216 974 -1
6290 0 30 33 31 31 26 974 -1
6291 0 30 6 31 4 26 974 -1
6292 0 30 13 31 11 26 974 -1
6293 0 30 74 31 72 26 974 -1
6294 0 30 19 31 26 17 974 -1
6295 0 30 130 31 26 128 974 -1
6296 0 30 144 31 26 142 974 -1
6297 0 30 147 31 26 145 974 -1
6298 0 30 179 31 26 177 974 -1
6299 0 30 182 31 26 180 974 -1
6300 0 30 212 31 26 210 974 -1
6301 0 30 215 31 26 213 974 -1
6302 0 276 33 31 4 72 974 -1
6303 0 276 6 4 4 72 974 -1
6304 0 276 13 4 11 72 974 -1
6305 0 276 74 4 72 72 974 -1
6306 0 276 270 4 72 268 974 -1
6307 0 276 19 4 72 17 974 -1
6308 0 276 130 4 72 128 974 -1
6309 0 276 144 4 72 142 974 -1
6310 0 276 147 4 72 145 974 -1
6311 0 276 162 4 72 160 974 -1
6312 0 276 165 4 72 163 974 -1
6313 0 276 179 4 72 177 974 -1
6314 0 276 182 4 72 180 974 -1
6315 0 276 196 4 72 194 974 -1
6316 0 276 199 4 72 197 974 -1
6317 0 276 212 4 72 210 974 -1
6318 0 276 215 4 72 213 974 -1
6319 0 276 77 4 72 75 974 -1
6320 0 276 80 4 72 78 974 -1
6321 0 276 120 4 72 118 974 -1
6322 0 444 33 31 4 393 974 -1
6323 0 444 6 4 4 393 974 -1
6324 0 444 13 4 11 393 974 -1
6325 0 444 74 4 72 393 974 -1
6326 0 444 270 4 268 393 974 -1
6327 0 444 19 4 17 393 974 -1
6328 0 444 130 4 393 128 974 -1
6329 0 444 144 4 393 142 974 -1
6330 0 444 147 4 393 145 974 -1
6331 0 444 162 4 393 160 974 -1
6332 0 444 165 4 393 163 974 -1
6333 0 444 179 4 393 177 974 -1
6334 0 444 182 4 393 180 974 -1
6335 0 444 196 4 393 194 974 -1
6336 0 444 199 4 393 197 974 -1
6337 0 444 212 4 393 210 974 -1
6338 0 444 215 4 393 213 974 -1
6339 0 444 77 4 393 75 974 -1
6340 0 444 80 4 393 78 974 -1
6341 0 444 120 4 393 118 974 -1
6342 0 294 33 31 4 354 974 -1
6343 0 294 6 4 4 354 974 -1
6344 0 294 13 4 11 354 974 -1
6345 0 294 74 4 72 354 974 -1
6346 0 294 270 4 268 354 974 -1
6347 0 294 19 4 17 354 974 -1
6348 0 294 130 4 354 128 974 -1
6349 0 294 144 4 354 142 974 -1
6350 0 294 147 4 354 145 974 -1
6351 0 294 162 4 354 160 974 -1
6352 0 294 165 4 354 163 974 -1
6353 0 294 179 4 354 177 974 -1
6354 0 294 182 4 354 180 974 -1
6355 0 294 196 4 354 194 974 -1
6356 0 294 199 4 354 197 974 -1
6357 0 294 212 4 354 210 974 -1
6358 0 294 215 4 354 213 974 -1
6359 0 294 77 4 354 75 974 -1
6360 0 294 80 4 354 78 974 -1
6361 0 294 120 4 354 118 974 -1
6362 0 308 33 31 4 295 974 -1
6363 0 308 6 4 4 295 974 -1
6364 0 308 13 4 11 295 974 -1
6365 0 308 74 4 72 295 974 -1
6366 0 308 270 4 268 295 974 -1
6367 0 308 19 4 17 295 974 -1
6368 0 308 130 4 295 128 974 -1
6369 0 308 144 4 295 142 974 -1
6370 0 308 147 4 295 145 974 -1
6371 0 308 162 4 295 160 974 -1
6372 0 308 165 4 295 163 974 -1
6373 0 308 179 4 295 177 974 -1
6374 0 308 182 4 295 180 974 -1
6375 0 308 196 4 295 194 974 -1
6376 0 308 199 4 295 197 974 -1
6377 0 308 212 4 295 210 974 -1
6378 0 308 215 4 295 213 974 -1
6379 0 308 77 4 295 75 974 -1
6380 0 308 80 4 295 78 974 -1
6381 0 308 120 4 295 118 974 -1
6382 0 316 33 31 4 234 974 -1
6383 0 316 6 4 4 234 974 -1
6384 0 316 13 4 11 234 974 -1
6385 0 316 74 4 72 234 974 -1
6386 0 316 270 4 268 234 974 -1
6387 0 316 19 4 17 234 974 -1
6388 0 316 130 4 234 128 974 -1
6389 0 316 144 4 234 142 974 -1
6390 0 316 147 4 234 145 974 -1
6391 0 316 162 4 234 160 974 -1
6392 0 316 165 4 234 163 974 -1
6393 0 316 179 4 234 177 974 -1
6394 0 316 182 4 234 180 974 -1
6395 0 316 196 4 234 194 974 -1
6396 0 316 199 4 234 197 974 -1
6397 0 316 212 4 234 210 974 -1
6398 0 316 215 4 234 213 974 -1
6399 0 316 77 4 234 75 974 -1
6400 0 316 80 4 234 78 974 -1
6401 0 316 120 4 234 118 974 -1
6402 0 359 33 31 4 382 974 -1
6403 0 359 6 4 4 382 974 -1
6404 0 359 13 4 11 382 974 -1
6405 0 359 74 4 72 382 974 -1
6406 0 359 270 4 268 382 974 -1
6407 0 359 19 4 17 382 974 -1
6408 0 359 130 4 382 128 974 -1
6409 0 359 144 4 382 142 974 -1
6410 0 359 147 4 382 145 974 -1
6411 0 359 162 4 382 160 974 -1
6412 0 359 165 4 382 163 974 -1
6413 0 359 179 4 382 177 974 -1
6414 0 359 182 4 382 180 974 -1
6415 0 359 196 4 382 194 974 -1
6416 0 359 199 4 382 197 974 -1
6417 0 359 212 4 382 210 974 -1
6418 0 359 215 4 382 213 974 -1
6419 0 359 77 4 382 75 974 -1
6420 0 359 80 4 382 78 974 -1
6421 0 359 120 4 382 118 974 -1
6422 0 455 33 31 4 433 974 -1
6423 0 455 6 4 4 433 974 -1
6424 0 455 13 4 11 433 974 -1
6425 0 455 74 4 72 433 974 -1
6426 0 455 270 4 268 433 974 -1
6427 0 455 19 4 17 433 974 -1
6428 0 455 130 4 433 128 974 -1
6429 0 455 144 4 433 142 974 -1
6430 0 455 147 4 433 145 974 -1
6431 0 455 162 4 433 160 974 -1
6432 0 455 165 4 433 163 974 -1
6433 0 455 179 4 433 177 974 -1
6434 0 455 182 4 433 180 974 -1
6435 0 455 196 4 433 194 974 -1
6436 0 455 199 4 433 197 974 -1
6437 0 455 212 4 433 210 974 -1
6438 0 455 215 4 433 213 974 -1
6439 0 455 77 4 433 75 974 -1
6440 0 455 80 4 433 78 974 -1
6441 0 455 120 4 433 118 974 -1
6442 0 92 33 31 7 229 974 -1
6443 0 92 6 4 7 229 974 -1
6444 0 92 13 11 7 229 974 -1
6445 0 92 74 72 7 229 974 -1
6446 0 92 270 268 7 229 974 -1
6447 0 92 19 7 17 229 974 -1
6448 0 92 130 7 229 128 974 -1
6449 0 92 144 7 229 142 974 -1
6450 0 92 147 7 229 145 974 -1
6451 0 92 162 7 229 160 974 -1
6452 0 92 165 7 229 163 974 -1
6453 0 92 179 7 229 177 974 -1
6454 0 92 182 7 229 180 974 -1
6455 0 92 196 7 229 194 974 -1
6456 0 92 199 7 229 197 974 -1
6457 0 92 212 7 229 210 974 -1
6458 0 92 215 7 229 213 974 -1
6459 0 92 77 7 229 75 974 -1
6460 0 92 80 7 229 78 974 -1
6461 0 92 120 7 229 118 974 -1
6462 0 499 33 31 4 495 974 -1
6463 0 499 6 4 4 495 974 -1
6464 0 499 13 4 11 495 974 -1
6465 0 499 74 4 72 495 974 -1
6466 0 499 270 4 268 495 974 -1
6467 0 499 19 4 17 495 974 -1
6468 0 499 130 4 495 128 974 -1
6469 0 499 144 4 495 142 974 -1
6470 0 499 147 4 495 145 974 -1
6471 0 499 162 4 495 160 974 -1
6472 0 499 165 4 495 163 974 -1
6473 0 499 179 4 495 177 974 -1
6474 0 499 182 4 495 180 974 -1
6475 0 499 196 4 495 194 974 -1
6476 0 499 199 4 495 197 974 -1
6477 0 499 212 4 495 210 974 -1
6478 0 499 215 4 495 213 974 -1
6479 0 499 77 4 495 75 974 -1
6480 0 499 80 4 495 78 974 -1
6481 0 499 120 4 495 118 974 -1
6482 0 290 33 31 4 48 974 -1
6483 0 290 6 4 4 48 974 -1
6484 0 290 13 4 11 48 974 -1
6485 0 290 74 4 72 48 974 -1
6486 0 290 270 4 268 48 974 -1
6487 0 290 19 4 17 48 974 -1
6488 0 290 130 4 48 128 974 -1
6489 0 290 144 4 48 142 974 -1
6490 0 290 147 4 48 145 974 -1
6491 0 290 162 4 48 160 974 -1
6492 0 290 165 4 48 163 974 -1
6493 0 290 179 4 48 177 974 -1
6494 0 290 182 4 48 180 974 -1
6495 0 290 196 4 48 194 974 -1
6496 0 290 199 4 48 197 974 -1
6497 0 290 212 4 48 210 974 -1
6498 0 290 215 4 48 213 974 -1
6499 0 290 77 4 48 75 974 -1
6500 0 290 80 4 48 78 974 -1
6501 0 290 120 4 118 48 974 -1
6502 0 309 33 31 4 364 974 -1
6503 0 309 6 4 4 364 974 -1
6504 0 309 13 4 11 364 974 -1
6505 0 309 74 4 72 364 974 -1
6506 0 309 270 4 268 364 974 -1
6507 0 309 19 4 17 364 974 -1
6508 0 309 130 4 364 128 974 -1
6509 0 309 144 4 364 142 974 -1
6510 0 309 147 4 364 145 974 -1
6511 0 309 162 4 364 160 974 -1
6512 0 309 165 4 364 163 974 -1
6513 0 309 179 4 364 177 974 -1
6514 0 309 182 4 364 180 974 -1
6515 0 309 196 4 364 194 974 -1
6516 0 309 199 4 364 197 974 -1
6517 0 309 212 4 364 210 974 -1
6518 0 309 215 4 364 213 974 -1
6519 0 309 77 4 364 75 974 -1
6520 0 309 80 4 364 78 974 -1
6521 0 309 120 4 118 364 974 -1
6522 0 322 33 31 4 123 974 -1
6523 0 322 6 4 4 123 974 -1
6524 0 322 13 4 11 123 974 -1
6525 0 322 74 4 72 123 974 -1
6526 0 322 270 4 268 123 974 -1
6527 0 322 19 4 17 123 974 -1
6528 0 322 130 4 123 128 974 -1
6529 0 322 144 4 123 142 974 -1
6530 0 322 147 4 123 145 974 -1
6531 0 322 162 4 123 160 974 -1
6532 0 322 165 4 123 163 974 -1
6533 0 322 179 4 123 177 974 -1
6534 0 322 182 4 123 180 974 -1
6535 0 322 199 4 123 197 974 -1
6536 0 322 212 4 123 210 974 -1
6537 0 322 215 4 123 213 974 -1
6538 0 322 80 4 123 78 974 -1
6539 0 69 33 31 4 67 974 -1
6540 0 69 13 4 11 67 974 -1
6541 0 69 74 4 72 67 974 -1
6542 0 69 270 4 268 67 974 -1
6543 0 69 19 4 17 67 974 -1
6544 0 69 130 4 67 128 974 -1
6545 0 69 144 4 67 142 974 -1
6546 0 69 147 4 67 145 974 -1
6547 0 69 162 4 67 160 974 -1
6548 0 69 165 4 67 163 974 -1
6549 0 69 179 4 67 177 974 -1
6550 0 69 182 4 67 180 974 -1
6551 0 69 196 4 67 194 974 -1
6552 0 69 199 4 67 197 974 -1
6553 0 69 212 4 67 210 974 -1
6554 0 69 215 4 67 213 974 -1
6555 0 69 77 4 67 75 974 -1
6556 0 69 80 4 67 78 974 -1
6557 0 69 120 4 118 67 974 -1
6558 0 256 33 31 4 285 974 -1
6559 0 256 6 4 4 285 974 -1
6560 0 256 13 4 11 285 974 -1
6561 0 256 74 4 72 285 974 -1
6562 0 256 270 4 268 285 974 -1
6563 0 256 19 4 17 285 974 -1
6564 0 256 130 4 285 128 974 -1
6565 0 256 144 4 285 142 974 -1
6566 0 256 147 4 285 145 974 -1
6567 0 256 162 4 285 160 974 -1
6568 0 256 165 4 285 163 974 -1
6569 0 256 179 4 285 177 974 -1
6570 0 256 182 4 285 180 974 -1
6571 0 256 196 4 285 194 974 -1
6572 0 256 199 4 285 197 974 -1
6573 0 256 212 4 285 210 974 -1
6574 0 256 215 4 285 213 974 -1
6575 0 256 77 4 285 75 974 -1
6576 0 256 80 4 285 78 974 -1
6577 0 256 120 4 118 285 974 -1
6578 0 94 33 31 4 91 974 -1
6579 0 94 6 4 4 91 974 -1
6580 0 94 13 4 11 91 974 -1
6581 0 94 74 4 72 91 974 -1
6582 0 94 270 4 268 91 974 -1
6583 0 94 19 4 17 91 974 -1
6584 0 94 130 4 91 128 974 -1
6585 0 94 144 4 91 142 974 -1
6586 0 94 147 4 91 145 974 -1
6587 0 94 162 4 91 160 974 -1
6588 0 94 165 4 91 163 974 -1
6589 0 94 179 4 91 177 974 -1
6590 0 94 182 4 91 180 974 -1
6591 0 94 196 4 91 194 974 -1
6592 0 94 199 4 91 197 974 -1
6593 0 94 212 4 91 210 974 -1
6594 0 94 215 4 91 213 974 -1
6595 0 94 77 4 91 75 974 -1
6596 0 94 80 4 91 78 974 -1
6597 0 94 120 4 118 91 974 -1
6598 0 319 33 31 4 317 974 -1
6599 0 319 6 4 4 317 974 -1
6600 0 319 13 4 11 317 974 -1
6601 0 319 74 4 72 317 974 -1
6602 0 319 270 4 268 317 974 -1
6603 0 319 19 4 17 317 974 -1
6604 0 319 130 4 128 317 974 -1
6605 0 319 144 4 142 317 974 -1
6606 0 319 147 4 317 145 974 -1
6607 0 319 162 4 317 160 974 -1
6608 0 319 165 4 317 163 974 -1
6609 0 319 179 4 317 177 974 -1
6610 0 319 182 4 317 180 974 -1
6611 0 319 196 4 317 194 974 -1
6612 0 319 199 4 317 197 974 -1
6613 0 319 212 4 317 210 974 -1
6614 0 319 215 4 317 213 974 -1
6615 0 319 77 4 317 75 974 -1
6616 0 319 80 4 317 78 974 -1
6617 0 319 120 4 118 317 974 -1
6618 0 326 33 31 4 140 974 -1
6619 0 326 6 4 4 140 974 -1
6620 0 326 13 4 11 140 974 -1
6621 0 326 74 4 72 140 974 -1
6622 0 326 270 4 268 140 974 -1
6623 0 326 19 4 17 140 974 -1
6624 0 326 130 4 128 140 974 -1
6625 0 326 144 4 140 142 974 -1
6626 0 326 147 4 140 145 974 -1
6627 0 326 165 4 140 163 974 -1
6628 0 326 179 4 140 177 974 -1
6629 0 326 182 4 140 180 974 -1
6630 0 326 199 4 140 197 974 -1
6631 0 326 212 4 140 210 974 -1
6632 0 326 215 4 140 213 974 -1
6633 0 134 33 31 4 131 974 -1
6634 0 134 6 4 4 131 974 -1
6635 0 134 13 4 11 131 974 -1
6636 0 134 74 4 72 131 974 -1
6637 0 134 270 4 268 131 974 -1
6638 0 134 19 4 17 131 974 -1
6639 0 134 130 4 128 131 974 -1
6640 0 134 144 4 142 131 974 -1
6641 0 134 147 4 131 145 974 -1
6642 0 134 162 4 131 160 974 -1
6643 0 134 165 4 131 163 974 -1
6644 0 134 179 4 131 177 974 -1
6645 0 134 182 4 131 180 974 -1
6646 0 134 196 4 131 194 974 -1
6647 0 134 199 4 131 197 974 -1
6648 0 134 212 4 131 210 974 -1
6649 0 134 215 4 131 213 974 -1
6650 0 134 77 4 131 75 974 -1
6651 0 134 80 4 131 78 974 -1
6652 0 134 120 4 118 131 974 -1
6653 0 116 33 31 4 248 974 -1
6654 0 116 6 4 4 248 974 -1
6655 0 116 13 4 11 248 974 -1
6656 0 116 74 4 72 248 974 -1
6657 0 116 270 4 268 248 974 -1
6658 0 116 19 4 17 248 974 -1
6659 0 116 130 4 248 128 974 -1
6660 0 116 144 4 248 142 974 -1
6661 0 116 147 4 248 145 974 -1
6662 0 116 162 4 248 160 974 -1
6663 0 116 165 4 248 163 974 -1
6664 0 116 179 4 248 177 974 -1
6665 0 116 182 4 248 180 974 -1
6666 0 116 196 4 248 194 974 -1
6667 0 116 199 4 248 197 974 -1
6668 0 116 212 4 248 210 974 -1
6669 0 116 215 4 248 213 974 -1
6670 0 116 77 4 248 75 974 -1
6671 0 116 80 4 248 78 974 -1
6672 0 116 120 4 118 248 974 -1
6673 0 169 33 31 4 166 974 -1
6674 0 169 6 4 4 166 974 -1
6675 0 169 13 4 11 166 974 -1
6676 0 169 74 4 72 166 974 -1
6677 0 169 270 4 268 166 974 -1
6678 0 169 19 4 17 166 974 -1
6679 0 169 130 4 128 166 974 -1
6680 0 169 144 4 142 166 974 -1
6681 0 169 147 4 145 166 974 -1
6682 0 169 162 4 160 166 974 -1
6683 0 169 165 4 163 166 974 -1
6684 0 169 179 4 177 166 974 -1
6685 0 169 182 4 166 180 974 -1
6686 0 169 196 4 166 194 974 -1
6687 0 169 199 4 166 197 974 -1
6688 0 169 212 4 166 210 974 -1
6689 0 169 215 4 166 213 974 -1
6690 0 169 77 4 166 75 974 -1
6691 0 169 80 4 166 78 974 -1
6692 0 169 120 4 118 166 974 -1
6693 0 82 33 31 4 78 974 -1
6694 0 82 6 4 4 78 974 -1
6695 0 82 13 4 11 78 974 -1
6696 0 82 74 4 72 78 974 -1
6697 0 82 19 4 17 78 974 -1
6698 0 82 144 4 142 78 974 -1
6699 0 82 147 4 145 78 974 -1
6700 0 82 179 4 177 78 974 -1
6701 0 82 182 4 180 78 974 -1
6702 0 82 215 4 213 78 974 -1
6703 0 156 33 31 4 7 148 -1
6704 0 156 6 4 4 7 148 -1
6705 0 156 13 4 11 7 148 -1
6706 0 203 33 31 4 200 974 -1
6707 0 203 6 4 4 200 974 -1
6708 0 203 13 4 11 200 974 -1
6709 0 203 74 4 72 200 974 -1
6710 0 203 270 4 268 200 974 -1
6711 0 203 19 4 17 200 974 -1
6712 0 203 130 4 128 200 974 -1
6713 0 203 144 4 142 200 974 -1
6714 0 203 147 4 145 200 974 -1
6715 0 203 162 4 160 200 974 -1
6716 0 203 165 4 163 200 974 -1
6717 0 203 179 4 177 200 974 -1
6718 0 203 182 4 180 200 974 -1
6719 0 203 196 4 194 200 974 -1
6720 0 203 199 4 197 200 974 -1
6721 0 203 212 4 210 200 974 -1
6722 0 203 215 4 200 213 974 -1
6723 0 203 77 4 200 75 974 -1
6724 0 203 80 4 200 78 974 -1
6725 0 203 120 4 118 200 974 -1
6726 0 217 33 31 4 213 974 -1
6727 0 217 6 4 4 213 974 -1
6728 0 217 13 4 11 213 974 -1
6729 0 217 74 4 72 213 974 -1
6730 0 217 270 4 268 213 974 -1
6731 0 217 19 4 17 213 974 -1
6732 0 217 130 4 128 213 974 -1
6733 0 217 144 4 142 213 974 -1
6734 0 217 147 4 145 213 974 -1
6735 0 217 162 4 160 213 974 -1
6736 0 217 165 4 163 213 974 -1
6737 0 217 179 4 177 213 974 -1
6738 0 217 182 4 180 213 974 -1
6739 0 217 196 4 194 213 974 -1
6740 0 217 199 4 197 213 974 -1
6741 0 217 212 4 210 213 974 -1
6742 0 217 215 4 213 213 974 -1
6743 0 217 77 4 213 75 974 -1
6744 0 217 80 4 213 78 974 -1
6745 0 217 120 4 118 213 974 -1
6746 0 190 33 31 4 7 183 -1
6747 0 190 6 4 4 7 183 -1
6748 0 190 13 4 11 7 183 -1
6749 0 205 33 31 7 200 974 -1
6750 0 205 6 4 7 200 974 -1
6751 0 205 13 11 7 200 974 -1
6752 0 205 74 72 7 200 974 -1
6753 0 205 270 268 7 200 974 -1
6754 0 205 19 7 17 200 974 -1
6755 0 205 130 7 128 200 974 -1
6756 0 205 144 7 142 200 974 -1
6757 0 205 147 7 145 200 974 -1
6758 0 205 162 7 160 200 974 -1
6759 0 205 165 7 163 200 974 -1
6760 0 205 179 7 177 200 974 -1
6761 0 205 182 7 180 200 974 -1
6762 0 205 196 7 194 200 974 -1
6763 0 205 199 7 197 200 974 -1
6764 0 205 212 7 210 200 974 -1
6765 0 205 215 7 200 213 974 -1
6766 0 205 77 7 200 75 974 -1
6767 0 205 80 7 200 78 974 -1
6768 0 205 120 7 118 200 974 -1
6769 0 174 33 31 4 173 974 -1
6770 0 174 6 4 4 173 974 -1
6771 0 174 13 4 11 173 974 -1
6772 0 174 74 4 72 173 974 -1
6773 0 174 270 4 268 173 974 -1
6774 0 174 19 4 17 173 974 -1
6775 0 174 130 4 128 173 974 -1
6776 0 174 144 4 142 173 974 -1
6777 0 174 147 4 145 173 974 -1
6778 0 174 162 4 160 173 974 -1
6779 0 174 165 4 163 173 974 -1
6780 0 174 179 4 177 173 974 -1
6781 0 174 182 4 180 173 974 -1
6782 0 174 196 4 194 173 974 -1
6783 0 174 199 4 197 173 974 -1
6784 0 174 212 4 210 173 974 -1
6785 0 174 215 4 213 173 974 -1
6786 0 174 77 4 75 173 974 -1
6787 0 174 80 4 78 173 974 -1
6788 0 174 120 4 118 173 974 -1
6789 0 41 130 495 270 974 974 -1
6790 0 41 130 268 495 3 974 -1
6791 0 41 147 128 270 974 974 -1
6792 0 41 147 268 130 974 974 -1
6793 0 41 165 145 270 974 974 -1
6794 0 41 165 495 120 974 974 -1
6795 0 41 182 163 270 974 974 -1
6796 0 41 182 128 120 974 974 -1
6797 0 41 199 180 270 974 974 -1
6798 0 41 199 145 120 974 974 -1
6799 0 41 215 197 270 974 974 -1
6800 0 41 215 163 120 974 974 -1
6801 0 41 80 213 270 974 974 -1
6802 0 41 80 180 120 974 974 -1
6803 0 11 110 34 37 3 974 -1
6804 0 41 110 34 270 974 974 -1
6805 0 41 110 34 268 3 974 -1
6806 0 41 127 108 270 974 974 -1
6807 0 41 127 268 110 974 974 -1
6808 0 11 127 37 110 974 974 -1
6809 0 78 32 4 87 974 974 -1
6810 0 78 32 34 214 974 974 -1
6811 0 32 81 7 87 974 974 -1
6812 0 31 79 4 87 974 974 -1
6813 0 5 81 7 79 974 974 -1
6814 0 10 81 31 4 9 214 -1
6815 0 10 81 4 9 108 181 -1
6816 0 10 81 4 4 9 76 -1
6817 0 10 81 9 495 181 974 -1
6818 0 10 81 9 145 146 974 -1
6819 0 47 81 37 83 974 974 -1
6820 0 24 81 7 83 974 974 -1
6821 0 229 200 4 81 974 974 -1
6822 0 31 81 108 200 974 974 -1
6823 0 31 81 142 166 974 974 -1
6824 0 31 81 131 177 974 974 -1
6825 0 31 81 89 210 974 974 -1
6826 0 31 81 34 108 494 494 -1
6827 0 31 81 34 108 495 495 -1
6828 0 200 90 4 83 974 974 -1
6829 0 200 90 7 82 974 974 -1
6830 0 11 83 216 47 974 974 -1
6831 0 75 5 31 214 974 974 -1
6832 0 41 75 268 210 974 974 -1
6833 0 41 75 118 177 974 974 -1
6834 0 41 75 142 157 974 974 -1
6835 0 41 75 108 191 974 974 -1
6836 0 197 90 7 79 974 974 -1
6837 0 197 90 4 82 974 974 -1
6838 0 31 220 7 79 974 974 -1
6839 0 31 220 4 82 974 974 -1
6840 0 365 6 43 19 974 974 -1
6841 0 72 46 4 382 974 974 -1
6842 0 72 46 37 275 974 974 -1
6843 0 273 17 4 382 974 974 -1
6844 0 273 17 37 275 974 974 -1
6845 0 52 386 4 382 974 974 -1
6846 0 52 386 37 275 974 974 -1
6847 0 11 234 37 273 974 974 -1
6848 0 72 231 37 273 974 974 -1
6849 0 34 382 37 234 974 974 -1
6850 0 4 346 273 7 974 974 -1
6851 0 61 267 20 310 974 974 -1
6852 0 4 89 7 229 974 974 -1
6853 0 4 96 54 54 974 974 -1
6854 0 4 96 7 93 974 974 -1
6855 0 4 100 7 96 974 974 -1
6856 0 4 133 7 131 974 974 -1
6857 0 52 100 4 250 974 974 -1
6858 0 52 100 54 93 974 974 -1
6859 0 53 53 4 4 89 974 -1
6860 0 53 53 7 89 974 974 -1
6861 0 53 53 4 91 974 974 -1
6862 0 53 53 52 54 974 974 -1
6863 0 53 55 54 54 974 974 -1
6864 0 54 54 4 96 974 974 -1
6865 0 54 54 53 55 974 974 -1
6866 0 54 54 7 93 974 974 -1
6867 0 229 54 4 235 974 974 -1
6868 0 54 91 89 55 974 974 -1
6869 0 34 7 4 229 974 974 -1
6870 0 7 229 4 89 974 974 -1
6871 0 229 248 4 244 974 974 -1
6872 0 7 91 4 93 974 974 -1
6873 0 7 96 4 100 974 974 -1
6874 0 7 496 4 235 974 974 -1
6875 0 7 235 4 248 974 974 -1
6876 0 7 128 4 131 974 974 -1
6877 0 7 163 4 166 974 974 -1
6878 0 4 63 41 7 974 974 -1
6879 0 63 54 4 240 974 974 -1
6880 0 52 67 63 54 974 974 -1
6881 0 52 67 4 240 974 974 -1
6882 0 54 67 65 55 974 974 -1
6883 0 268 7 4 340 974 974 -1
6884 0 268 55 340 54 974 974 -1
6885 0 340 91 4 238 974 974 -1
6886 0 89 118 229 317 974 974 -1
6887 0 11 55 17 54 974 974 -1
6888 0 11 89 37 53 974 974 -1
6889 0 11 93 46 54 974 974 -1
6890 0 11 93 53 48 974 974 -1
6891 0 11 93 7 285 974 974 -1
6892 0 11 100 17 96 974 974 -1
6893 0 11 67 17 65 974 974 -1
6894 0 11 48 17 46 974 974 -1
6895 0 11 50 17 48 974 974 -1
6896 0 11 50 14 54 974 974 -1
6897 0 11 49 17 48 974 974 -1
6898 0 17 54 7 48 974 974 -1
6899 0 17 54 11 55 974 974 -1
6900 0 17 54 53 20 974 974 -1
6901 0 17 55 20 54 974 974 -1
6902 0 17 229 315 4 974 974 -1
6903 0 17 89 4 285 974 974 -1
6904 0 17 89 37 54 974 974 -1
6905 0 17 51 20 49 974 974 -1
6906 0 17 51 20 50 974 974 -1
6907 0 20 54 17 55 974 974 -1
6908 0 53 46 37 54 974 974 -1
6909 0 53 48 46 54 974 974 -1
6910 0 54 48 46 55 974 974 -1
6911 0 268 48 340 46 974 974 -1
6912 0 4 50 7 48 974 974 -1
6913 0 4 50 17 54 974 974 -1
6914 0 4 49 7 48 974 974 -1
6915 0 4 49 17 54 974 974 -1
6916 0 5 100 7 7 92 974 -1
6917 0 5 100 4 7 94 974 -1
6918 0 8 100 7 7 94 974 -1
6919 0 24 100 7 7 97 974 -1
6920 0 32 100 54 92 974 974 -1
6921 0 32 100 52 97 974 974 -1
6922 0 32 100 4 7 501 974 -1
6923 0 58 100 55 97 974 974 -1
6924 0 58 100 7 7 116 974 -1
6925 0 60 100 55 103 974 974 -1
6926 0 7 90 4 92 974 974 -1
6927 0 92 100 93 97 974 974 -1
6928 0 92 100 55 116 974 974 -1
6929 0 67 103 69 100 974 974 -1
6930 0 41 500 4 319 974 974 -1
6931 0 131 343 340 134 974 974 -1
6932 0 20 343 340 25 974 974 -1
6933 0 20 343 349 25 974 974 -1
6934 0 47 100 37 103 974 974 -1
6935 0 17 67 20 65 974 974 -1
6936 0 14 386 11 388 974 974 -1
6937 0 14 46 17 39 974 974 -1
6938 0 28 7 4 506 974 974 -1
6939 0 28 7 4 506 974 974 -1
6940 0 375 53 17 340 974 974 -1
6941 0 375 53 41 48 974 974 -1
6942 0 375 53 4 352 974 974 -1
6943 0 14 91 46 48 974 974 -1
6944 0 4 506 28 7 974 974 -1
6945 0 4 506 28 7 974 974 -1
6946 0 41 65 4 4 43 974 -1
6947 0 11 235 37 91 974 974 -1
6948 0 11 235 46 89 974 974 -1
6949 0 11 235 497 17 974 974 -1
6950 0 31 210 108 177 974 974 -1
6951 0 31 210 142 142 974 974 -1
6952 0 31 138 34 118 974 974 -1
6953 0 31 138 230 108 974 974 -1
6954 0 31 138 268 125 974 974 -1
6955 0 31 175 108 138 974 974 -1
6956 0 31 175 268 160 974 974 -1
6957 0 31 208 108 175 974 974 -1
6958 0 31 208 138 142 974 974 -1
6959 0 31 208 118 160 974 974 -1
6960 0 31 208 268 194 974 974 -1
6961 0 31 84 108 208 974 974 -1
6962 0 31 84 268 75 974 974 -1
6963 0 31 317 4 138 974 974 -1
6964 0 31 327 4 175 974 974 -1
6965 0 31 332 4 208 974 974 -1
6966 0 31 337 4 84 974 974 -1
6967 0 31 159 37 142 974 974 -1
6968 0 31 193 37 177 974 974 -1
6969 0 31 228 37 210 974 974 -1
6970 0 41 78 4 84 974 974 -1
6971 0 41 78 31 337 974 974 -1
6972 0 41 175 268 157 974 974 -1
6973 0 41 175 118 118 974 974 -1
6974 0 41 208 268 191 974 974 -1
6975 0 41 208 118 157 974 974 -1
6976 0 41 84 268 226 974 974 -1
6977 0 41 84 118 191 974 974 -1
6978 0 41 84 157 157 974 974 -1
6979 0 343 110 4 108 340 974 -1
6980 0 343 110 4 108 349 974 -1
6981 0 343 127 4 340 125 974 -1
6982 0 343 127 4 349 125 974 -1
6983 0 24 159 7 329 974 974 -1
6984 0 24 193 7 334 974 974 -1
6985 0 24 228 7 338 974 974 -1
6986 0 47 159 37 329 974 974 -1
6987 0 47 193 37 334 974 974 -1
6988 0 47 228 37 338 974 974 -1
6989 0 121 343 340 321 974 974 -1
6990 0 121 343 349 321 974 974 -1
6991 0 343 159 340 329 974 974 -1
6992 0 343 159 349 329 974 974 -1
6993 0 343 193 340 334 974 974 -1
6994 0 343 193 349 334 974 974 -1
6995 0 343 228 340 338 974 974 -1
6996 0 343 228 349 338 974 974 -1
6997 0 7 176 340 146 974 974 -1
6998 0 7 176 349 146 974 974 -1
6999 0 7 209 340 181 974 974 -1
7000 0 7 209 349 181 974 974 -1
7001 0 7 85 340 214 974 974 -1
7002 0 230 32 31 271 974 974 -1
7003 0 230 32 268 35 974 974 -1
7004 0 138 32 108 271 974 974 -1
7005 0 138 32 108 36 974 974 -1
7006 0 32 175 142 271 974 974 -1
7007 0 32 175 142 36 974 974 -1
7008 0 32 208 177 271 974 974 -1
7009 0 32 208 177 271 974 974 -1
7010 0 32 208 177 36 974 974 -1
7011 0 32 208 177 36 974 974 -1
7012 0 32 84 210 271 974 974 -1
7013 0 32 84 210 271 974 974 -1
7014 0 32 84 210 36 974 974 -1
7015 0 32 84 210 36 974 974 -1
7016 0 138 24 7 324 974 974 -1
7017 0 24 175 7 331 974 974 -1
7018 0 24 208 7 336 974 974 -1
7019 0 24 208 7 336 974 974 -1
7020 0 24 84 7 311 974 974 -1
7021 0 24 84 7 311 974 974 -1
7022 0 230 47 37 313 974 974 -1
7023 0 230 47 37 313 974 974 -1
7024 0 138 47 37 324 974 974 -1
7025 0 47 175 37 331 974 974 -1
7026 0 47 208 37 336 974 974 -1
7027 0 47 208 37 336 974 974 -1
7028 0 47 84 37 311 974 974 -1
7029 0 47 84 37 311 974 974 -1
7030 0 138 343 340 324 974 974 -1
7031 0 138 343 349 324 974 974 -1
7032 0 343 175 340 331 974 974 -1
7033 0 343 175 349 331 974 974 -1
7034 0 343 208 340 336 974 974 -1
7035 0 343 208 340 336 974 974 -1
7036 0 343 208 349 336 974 974 -1
7037 0 343 208 349 336 974 974 -1
7038 0 343 84 340 311 974 974 -1
7039 0 343 84 340 311 974 974 -1
7040 0 343 84 349 311 974 974 -1
7041 0 343 84 349 311 974 974 -1
7042 0 7 313 4 239 974 974 -1
7043 0 11 175 37 157 974 974 -1
7044 0 11 208 37 191 974 974 -1
7045 0 11 84 37 226 974 974 -1
7046 0 125 32 34 109 974 974 -1
7047 0 125 32 108 35 974 974 -1
7048 0 142 32 108 109 974 974 -1
7049 0 160 32 108 126 974 974 -1
7050 0 160 32 34 143 974 974 -1
7051 0 160 32 125 109 974 974 -1
7052 0 177 32 108 143 974 974 -1
7053 0 177 32 142 109 974 974 -1
7054 0 194 32 108 161 974 974 -1
7055 0 194 32 34 178 974 974 -1
7056 0 194 32 125 143 974 974 -1
7057 0 194 32 142 126 974 974 -1
7058 0 210 32 108 178 974 974 -1
7059 0 210 32 142 143 974 974 -1
7060 0 34 5 31 56 974 974 -1
7061 0 125 5 31 111 974 974 -1
7062 0 125 5 108 56 974 974 -1
7063 0 125 5 494 32 974 974 -1
7064 0 125 5 495 32 974 974 -1
7065 0 32 110 31 31 34 974 -1
7066 0 32 110 34 34 974 974 -1
7067 0 32 127 31 31 108 974 -1
7068 0 32 127 31 34 34 974 -1
7069 0 32 127 34 108 974 974 -1
7070 0 32 144 31 34 108 974 -1
7071 0 32 144 34 34 34 974 -1
7072 0 32 144 31 31 125 974 -1
7073 0 32 144 108 108 974 974 -1
7074 0 32 162 31 108 108 974 -1
7075 0 32 162 34 34 108 974 -1
7076 0 32 162 31 34 125 974 -1
7077 0 32 162 34 142 974 974 -1
7078 0 32 179 34 108 108 974 -1
7079 0 32 179 31 108 125 974 -1
7080 0 32 179 31 34 142 974 -1
7081 0 32 179 108 142 974 974 -1
7082 0 32 196 108 108 108 974 -1
7083 0 32 196 34 108 125 974 -1
7084 0 32 196 108 160 974 974 -1
7085 0 32 196 31 108 142 974 -1
7086 0 32 196 34 177 974 974 -1
7087 0 32 212 108 108 125 974 -1
7088 0 32 212 108 177 974 974 -1
7089 0 32 212 34 108 142 974 -1
7090 0 32 212 142 142 974 974 -1
7091 0 32 212 31 108 160 974 -1
7092 0 32 212 31 125 142 974 -1
7093 0 86 10 9 34 211 974 -1
7094 0 86 10 31 9 76 974 -1
7095 0 7 32 4 56 974 974 -1
7096 0 4 57 7 56 974 974 -1
7097 0 4 58 7 57 974 974 -1
7098 0 7 58 4 59 974 974 -1
7099 0 4 24 7 8 974 974 -1
7100 0 4 25 7 21 974 974 -1
7101 0 4 47 7 38 974 974 -1
7102 0 54 47 37 59 974 974 -1
7103 0 55 47 37 60 974 974 -1
7104 0 14 47 11 358 974 974 -1
7105 0 4 358 17 47 974 974 -1
7106 0 39 47 37 358 974 974 -1
7107 0 7 498 4 500 974 974 -1
7108 0 229 25 20 90 974 974 -1
7109 0 89 25 20 92 974 974 -1
7110 0 70 47 4 37 71 974 -1
7111 0 70 25 4 20 71 974 -1
7112 0 4 64 7 42 974 974 -1
7113 0 4 66 7 64 974 974 -1
7114 0 4 68 7 66 974 974 -1
7115 0 4 69 7 68 974 974 -1
7116 0 4 343 7 341 974 974 -1
7117 0 4 45 7 44 974 974 -1
7118 0 7 45 43 24 974 974 -1
7119 0 340 5 349 5 974 974 -1
7120 0 340 5 4 350 974 974 -1
7121 0 268 25 17 343 974 974 -1
7122 0 37 66 63 47 974 974 -1
7123 0 375 358 39 355 974 974 -1
7124 0 375 32 37 42 974 974 -1
7125 0 17 69 20 68 974 974 -1
7126 0 11 45 43 18 974 974 -1
7127 0 43 47 37 45 974 974 -1
7128 0 43 358 39 45 974 974 -1
7129 0 43 69 67 45 974 974 -1
7130 0 375 45 43 355 974 974 -1
7131 0 7 73 4 4 73 974 -1
7132 0 7 276 4 296 974 974 -1
7133 0 4 387 17 73 974 974 -1
7134 0 386 56 273 18 974 974 -1
7135 0 386 56 37 276 974 974 -1
7136 0 72 25 20 276 974 974 -1
7137 0 17 276 11 296 974 974 -1
7138 0 17 276 72 21 974 974 -1
7139 0 7 392 4 483 974 974 -1
7140 0 7 483 4 406 974 974 -1
7141 0 7 406 4 484 974 974 -1
7142 0 7 484 4 485 974 974 -1
7143 0 4 406 7 483 974 974 -1
7144 0 4 484 7 406 974 974 -1
7145 0 4 485 7 484 974 974 -1
7146 0 4 486 7 485 974 974 -1
7147 0 395 32 37 394 974 974 -1
7148 0 148 25 20 151 974 974 -1
7149 0 166 25 20 169 974 974 -1
7150 0 183 25 20 187 974 974 -1
7151 0 200 25 20 203 974 974 -1
7152 0 216 25 20 220 974 974 -1
7153 0 496 343 349 500 974 974 -1
7154 0 496 343 340 500 974 974 -1
7155 0 497 343 349 501 974 974 -1
7156 0 497 343 340 501 974 974 -1
7157 0 349 134 131 343 974 974 -1
7158 0 148 343 349 151 974 974 -1
7159 0 148 343 340 151 974 974 -1
7160 0 166 343 349 169 974 974 -1
7161 0 166 343 340 169 974 974 -1
7162 0 183 343 349 187 974 974 -1
7163 0 183 343 340 187 974 974 -1
7164 0 200 343 349 203 974 974 -1
7165 0 200 343 340 203 974 974 -1
7166 0 216 343 349 220 974 974 -1
7167 0 216 343 340 220 974 974 -1
7168 0 25 81 20 83 974 974 -1
7169 0 10 100 9 7 7 90 -1
7170 0 10 100 9 7 94 974 -1
7171 0 10 100 4 9 7 92 -1
7172 0 340 103 343 100 974 974 -1
7173 0 4 500 501 4 974 974 -1
7174 0 4 500 499 7 974 974 -1
7175 0 7 149 4 151 974 974 -1
7176 0 7 184 4 187 974 974 -1
7177 0 7 217 4 220 974 974 -1
7178 0 4 134 7 132 974 974 -1
7179 0 4 169 7 167 974 974 -1
7180 0 4 203 7 201 974 974 -1
7181 0 4 83 7 82 974 974 -1
7182 0 7 24 4 4 24 974 -1
7183 0 7 25 4 4 25 974 -1
7184 0 7 308 4 4 308 974 -1
7185 0 7 47 4 4 47 974 -1
7186 0 7 71 4 4 71 974 -1
7187 0 7 69 4 4 69 974 -1
7188 0 7 444 4 4 444 974 -1
7189 0 7 15 4 4 15 974 -1
7190 0 70 69 4 67 71 974 -1
7191 0 70 343 4 340 71 974 -1
7192 0 70 343 4 349 71 974 -1
7193 0 365 5 11 45 974 974 -1
7194 0 365 32 268 376 974 974 -1
7195 0 365 24 7 348 974 974 -1
7196 0 365 60 55 348 974 974 -1
7197 0 7 5 4 4 5 974 -1
7198 0 31 273 72 34 974 974 -1
7199 0 34 14 31 39 974 974 -1
7200 0 52 48 53 46 974 974 -1
7201 0 52 48 53 46 974 974 -1
7202 0 52 48 37 54 974 974 -1
7203 0 52 48 37 54 974 974 -1
7204 0 52 48 4 285 974 974 -1
7205 0 52 48 4 285 974 974 -1
7206 0 52 46 37 53 974 974 -1
7207 0 52 43 41 340 974 974 -1
7208 0 52 17 4 46 974 974 -1
7209 0 268 53 52 340 974 974 -1
7210 0 14 53 7 39 974 974 -1
7211 0 14 53 17 46 974 974 -1
7212 0 14 53 11 48 974 974 -1
7213 0 14 53 4 4 39 974 -1
7214 0 14 53 37 20 974 974 -1
7215 0 268 54 4 284 974 974 -1
7216 0 295 54 275 55 974 974 -1
7217 0 14 54 17 48 974 974 -1
7218 0 14 54 20 46 974 974 -1
7219 0 268 268 34 43 974 974 -1
7220 0 37 365 43 39 974 974 -1
7221 0 37 377 375 39 974 974 -1
7222 0 37 14 11 39 974 974 -1
7223 0 4 34 31 52 974 974 -1
7224 0 4 37 31 17 974 974 -1
7225 0 4 65 7 63 974 974 -1
7226 0 4 379 41 275 974 974 -1
7227 0 4 379 72 63 974 974 -1
7228 0 4 384 72 275 974 974 -1
7229 0 4 386 11 275 974 974 -1
7230 0 4 386 72 17 974 974 -1
7231 0 7 275 4 295 974 974 -1
7232 0 7 14 17 17 974 974 -1
7233 0 72 7 4 275 974 974 -1
7234 0 375 46 37 354 974 974 -1
7235 0 41 354 63 375 974 974 -1
7236 0 41 354 4 365 974 974 -1
7237 0 41 459 409 43 974 974 -1
7238 0 41 384 72 379 974 974 -1
7239 0 268 63 41 340 974 974 -1
7240 0 63 20 17 65 974 974 -1
7241 0 63 377 17 365 974 974 -1
7242 0 63 377 375 354 974 974 -1
7243 0 63 17 41 20 974 974 -1
7244 0 63 17 4 354 974 974 -1
7245 0 63 17 11 65 974 974 -1
7246 0 375 354 17 365 974 974 -1
7247 0 375 365 43 377 974 974 -1
7248 0 375 14 11 377 974 974 -1
7249 0 72 375 41 386 974 974 -1
7250 0 11 39 37 14 974 974 -1
7251 0 11 20 17 17 974 974 -1
7252 0 11 43 41 375 974 974 -1
7253 0 11 365 43 14 974 974 -1
7254 0 11 365 375 375 974 974 -1
7255 0 11 375 41 14 974 974 -1
7256 0 11 382 72 39 974 974 -1
7257 0 11 382 37 386 974 974 -1
7258 0 11 386 72 14 974 974 -1
7259 0 11 388 14 386 974 974 -1
7260 0 14 381 375 39 974 974 -1
7261 0 17 340 37 65 974 974 -1
7262 0 17 340 268 20 974 974 -1
7263 0 17 365 375 354 974 974 -1
7264 0 375 17 4 377 974 974 -1
7265 0 409 14 11 413 974 974 -1
7266 0 72 386 11 384 974 974 -1
7267 0 52 39 37 46 974 974 -1
7268 0 37 275 4 382 974 974 -1
7269 0 41 39 37 375 974 974 -1
7270 0 43 14 11 365 974 974 -1
7271 0 375 375 11 365 974 974 -1
7272 0 4 349 4 340 974 974 -1
7273 0 11 349 37 63 974 974 -1
7274 0 14 349 63 39 974 974 -1
7275 0 4 388 17 386 974 974 -1
7276 0 7 495 4 497 974 974 -1
7277 0 7 125 4 128 974 974 -1
7278 0 7 160 4 163 974 974 -1
7279 0 7 194 4 197 974 974 -1
7280 0 7 197 4 200 974 974 -1
7281 0 7 210 4 213 974 974 -1
7282 0 7 75 4 78 974 974 -1
7283 0 4 496 497 4 974 974 -1
7284 0 4 131 7 128 974 974 -1
7285 0 4 148 7 145 974 974 -1
7286 0 4 148 229 497 974 974 -1
7287 0 4 166 7 163 974 974 -1
7288 0 4 183 7 180 974 974 -1
7289 0 4 200 7 197 974 974 -1
7290 0 4 216 7 213 974 974 -1
7291 0 7 89 4 91 974 974 -1
7292 0 7 93 4 96 974 974 -1
7293 0 4 93 7 91 974 974 -1
7294 0 4 248 7 235 974 974 -1
7295 0 4 229 34 7 974 974 -1
7296 0 4 494 7 108 974 974 -1
7297 0 4 494 495 4 974 974 -1
7298 0 4 495 7 108 974 974 -1
7299 0 4 128 7 125 974 974 -1
7300 0 4 145 7 142 974 974 -1
7301 0 4 163 7 160 974 974 -1
7302 0 4 180 7 177 974 974 -1
7303 0 4 197 7 194 974 974 -1
7304 0 4 213 7 210 974 974 -1
7305 0 4 78 7 75 974 974 -1
7306 0 11 497 37 89 974 974 -1
7307 0 11 497 46 229 974 974 -1
7308 0 11 497 4 37 229 974 -1
7309 0 11 131 37 496 974 974 -1
7310 0 11 131 37 497 974 974 -1
7311 0 7 78 4 81 974 974 -1
7312 0 4 81 7 78 974 974 -1
7313 0 11 81 37 216 974 974 -1
7314 0 31 441 37 411 974 974 -1
7315 0 7 3 4 4 3 974 -1
7316 0 4 7 4 4 4 974 -1
7317 0 9 7 4 4 9 974 -1
7318 0 7 7 4 4 7 974 -1
7319 0 89 157 229 327 974 974 -1
7320 0 89 191 229 332 974 974 -1
7321 0 11 284 268 48 974 974 -1
7322 0 11 284 340 46 974 974 -1
7323 0 11 284 4 37 340 974 -1
7324 0 11 248 17 235 974 974 -1
7325 0 11 248 37 93 974 974 -1
7326 0 17 133 20 131 974 974 -1
7327 0 20 131 17 133 974 974 -1
7328 0 20 65 17 67 974 974 -1
7329 0 41 20 63 17 974 974 -1
7330 0 11 123 37 234 974 974 -1
7331 0 31 323 229 118 974 974 -1
7332 0 31 330 229 157 974 974 -1
7333 0 31 335 229 191 974 974 -1
7334 0 31 51 46 54 974 974 -1
7335 0 52 20 4 48 974 974 -1
7336 0 4 230 31 340 974 974 -1
7337 0 31 349 31 340 974 974 -1
7338 0 31 240 53 340 974 974 -1
7339 0 31 240 4 284 974 974 -1
7340 0 52 63 4 340 974 974 -1
7341 0 52 63 4 349 974 974 -1
7342 0 52 340 7 230 974 974 -1
7343 0 52 349 7 230 974 974 -1
7344 0 63 53 4 287 974 974 -1
7345 0 63 53 4 4 340 974 -1
7346 0 63 53 7 349 974 974 -1
7347 0 349 58 255 974 974 974 -1
7348 0 34 340 4 118 974 974 -1
7349 0 34 349 4 118 974 974 -1
7350 0 349 118 4 366 974 974 -1
7351 0 41 284 268 287 974 974 -1
7352 0 31 285 37 89 974 974 -1
7353 0 31 48 37 53 974 974 -1
7354 0 4 241 7 240 974 974 -1
7355 0 4 241 65 54 974 974 -1
7356 0 11 241 17 240 974 974 -1
7357 0 11 241 65 48 974 974 -1
7358 0 31 241 65 89 974 974 -1
7359 0 41 241 63 240 974 974 -1
7360 0 41 241 340 67 974 974 -1
7361 0 31 49 37 54 974 974 -1
7362 0 41 49 63 48 974 974 -1
7363 0 41 49 20 340 974 974 -1
7364 0 31 50 37 54 974 974 -1
7365 0 41 50 63 48 974 974 -1
7366 0 41 50 375 54 974 974 -1
7367 0 268 51 340 50 974 974 -1
7368 0 268 51 340 49 974 974 -1
7369 0 52 51 54 48 974 974 -1
7370 0 31 263 89 51 974 974 -1
7371 0 4 262 54 50 974 974 -1
7372 0 11 262 4 344 974 974 -1
7373 0 41 262 287 50 974 974 -1
7374 0 31 262 89 50 974 974 -1
7375 0 31 344 4 37 37 54 -1
7376 0 31 251 37 93 974 974 -1
7377 0 4 286 37 58 974 974 -1
7378 0 5 352 37 66 974 974 -1
7379 0 10 352 4 9 369 974 -1
7380 0 31 352 37 349 974 974 -1
7381 0 381 24 7 353 974 974 -1
7382 0 7 369 4 353 974 974 -1
7383 0 31 67 287 4 974 974 -1
7384 0 26 263 262 436 974 974 -1
7385 0 28 263 262 506 974 974 -1
7386 0 34 375 268 37 974 974 -1
7387 0 270 317 120 340 974 974 -1
7388 0 238 116 248 113 974 974 -1
7389 0 5 295 276 7 974 974 -1
7390 0 5 295 276 7 974 974 -1
7391 0 5 388 387 17 974 974 -1
7392 0 5 388 387 17 974 974 -1
7393 0 5 291 347 7 974 974 -1
7394 0 5 291 274 4 7 974 -1
7395 0 4 361 387 7 974 974 -1
7396 0 7 107 4 316 974 974 -1
7397 0 7 124 4 322 974 974 -1
7398 0 31 295 346 4 974 974 -1
7399 0 31 380 268 73 974 974 -1
7400 0 31 387 37 73 974 974 -1
7401 0 31 346 4 234 974 974 -1
7402 0 31 346 72 229 974 974 -1
7403 0 31 291 53 273 974 974 -1
7404 0 31 234 34 273 974 974 -1
7405 0 31 371 240 37 974 974 -1
7406 0 31 123 108 273 974 974 -1
7407 0 31 140 125 273 974 974 -1
7408 0 52 273 234 4 974 974 -1
7409 0 52 273 229 72 974 974 -1
7410 0 52 123 4 140 974 974 -1
7411 0 52 123 273 494 974 974 -1
7412 0 229 123 273 128 974 974 -1
7413 0 41 380 43 73 974 974 -1
7414 0 41 234 268 273 974 974 -1
7415 0 41 140 268 123 974 974 -1
7416 0 41 140 118 273 974 974 -1
7417 0 63 273 349 72 974 974 -1
7418 0 63 234 340 273 974 974 -1
7419 0 63 234 349 273 974 974 -1
7420 0 11 140 123 37 974 974 -1
7421 0 11 140 273 121 974 974 -1
7422 0 73 93 347 54 974 974 -1
7423 0 72 90 4 316 974 974 -1
7424 0 72 91 54 273 974 974 -1
7425 0 72 91 275 89 974 974 -1
7426 0 72 96 54 291 974 974 -1
7427 0 72 96 275 93 974 974 -1
7428 0 72 494 273 229 974 974 -1
7429 0 72 494 123 4 974 974 -1
7430 0 72 495 273 229 974 974 -1
7431 0 72 495 123 4 974 974 -1
7432 0 72 496 89 273 974 974 -1
7433 0 72 497 89 273 974 974 -1
7434 0 72 235 91 273 974 974 -1
7435 0 72 235 89 346 974 974 -1
7436 0 72 125 108 273 974 974 -1
7437 0 72 128 273 494 974 974 -1
7438 0 72 128 140 4 974 974 -1
7439 0 72 160 142 273 974 974 -1
7440 0 72 230 273 268 974 974 -1
7441 0 72 287 275 340 974 974 -1
7442 0 72 118 273 230 974 974 -1
7443 0 72 138 273 118 974 974 -1
7444 0 72 234 273 273 974 974 -1
7445 0 72 140 123 273 974 974 -1
7446 0 72 50 54 386 974 974 -1
7447 0 72 49 48 275 974 974 -1
7448 0 72 49 291 17 974 974 -1
7449 0 296 349 343 275 974 974 -1
7450 0 296 340 343 275 974 974 -1
7451 0 37 361 386 47 974 974 -1
7452 0 20 361 386 25 974 974 -1
7453 0 273 343 347 340 974 974 -1
7454 0 123 343 322 340 974 974 -1
7455 0 4 315 53 37 974 974 -1
7456 0 32 315 88 37 974 974 -1
7457 0 31 315 229 37 974 974 -1
7458 0 41 315 340 37 974 974 -1
7459 0 41 315 349 37 974 974 -1
7460 0 11 315 4 37 37 974 -1
7461 0 11 315 52 39 974 974 -1
7462 0 315 24 286 7 974 974 -1
7463 0 315 24 286 7 974 974 -1
7464 0 315 25 286 20 974 974 -1
7465 0 315 25 286 20 974 974 -1
7466 0 315 47 286 37 974 974 -1
7467 0 315 47 286 37 974 974 -1
7468 0 315 45 286 43 974 974 -1
7469 0 315 45 286 43 974 974 -1
7470 0 17 497 46 89 974 974 -1
7471 0 32 250 92 91 974 974 -1
7472 0 32 250 116 52 974 974 -1
7473 0 32 250 501 54 974 974 -1
7474 0 32 250 90 93 974 974 -1
7475 0 32 250 134 7 4 974 -1
7476 0 32 250 500 54 974 974 -1
7477 0 31 250 54 235 974 974 -1
7478 0 4 110 494 3 974 974 -1
7479 0 4 121 229 37 974 974 -1
7480 0 229 48 89 46 974 974 -1
7481 0 11 250 96 46 974 974 -1
7482 0 17 108 121 4 974 974 -1
7483 0 17 108 229 37 974 974 -1
7484 0 17 235 91 46 974 974 -1
7485 0 17 235 93 37 974 974 -1
7486 0 108 343 111 340 974 974 -1
7487 0 248 45 116 43 974 974 -1
7488 0 70 32 31 71 974 974 -1
7489 0 502 32 31 503 974 974 -1
7490 0 515 32 31 516 974 974 -1
7491 0 409 32 31 410 974 974 -1
7492 0 72 32 31 73 974 974 -1
7493 0 72 32 31 73 974 974 -1
7494 0 391 32 31 392 974 974 -1
7495 0 510 32 31 511 974 974 -1
7496 0 510 32 31 511 974 974 -1
7497 0 512 32 31 513 974 974 -1
7498 0 512 32 31 513 974 974 -1
7499 0 423 32 31 424 974 974 -1
7500 0 423 32 31 424 974 974 -1
7501 0 375 32 31 376 974 974 -1
7502 0 375 32 31 376 974 974 -1
7503 0 411 32 31 412 974 974 -1
7504 0 411 32 31 412 974 974 -1
7505 0 413 32 31 414 974 974 -1
7506 0 441 32 31 442 974 974 -1
7507 0 491 32 31 403 974 974 -1
7508 0 491 32 31 403 974 974 -1
7509 0 428 32 31 429 974 974 -1
7510 0 492 32 31 493 974 974 -1
7511 0 285 32 31 286 974 974 -1
7512 0 285 32 31 286 974 974 -1
7513 0 268 13 11 270 974 974 -1
7514 0 268 19 17 270 974 974 -1
7515 0 63 269 268 64 974 974 -1
7516 0 17 269 268 18 974 974 -1
7517 0 229 269 268 88 974 974 -1
7518 0 229 269 268 88 974 974 -1
7519 0 53 269 268 57 974 974 -1
7520 0 53 269 268 57 974 974 -1
7521 0 65 269 268 66 974 974 -1
7522 0 31 38 37 32 974 974 -1
7523 0 4 38 37 5 974 974 -1
7524 0 11 38 37 12 974 974 -1
7525 0 72 38 37 73 974 974 -1
7526 0 34 38 37 35 974 974 -1
7527 0 375 38 37 376 974 974 -1
7528 0 375 38 37 376 974 974 -1
7529 0 14 38 37 15 974 974 -1
7530 0 39 38 37 40 974 974 -1
7531 0 340 38 37 341 974 974 -1
7532 0 46 38 37 47 974 974 -1
7533 0 31 274 273 32 974 974 -1
7534 0 70 274 273 71 974 974 -1
7535 0 502 274 273 503 974 974 -1
7536 0 515 274 273 516 974 974 -1
7537 0 391 274 273 392 974 974 -1
7538 0 4 8 7 5 974 974 -1
7539 0 340 8 7 341 974 974 -1
7540 0 65 8 7 66 974 974 -1
7541 0 67 8 7 68 974 974 -1
7542 0 70 276 275 71 974 974 -1
7543 0 502 276 275 503 974 974 -1
7544 0 515 276 275 516 974 974 -1
7545 0 72 276 275 73 974 974 -1
7546 0 391 276 275 392 974 974 -1
7547 0 375 276 275 376 974 974 -1
7548 0 375 276 275 376 974 974 -1
7549 0 31 44 43 32 974 974 -1
7550 0 70 44 43 71 974 974 -1
7551 0 4 44 43 5 974 974 -1
7552 0 502 44 43 503 974 974 -1
7553 0 41 44 43 42 974 974 -1
7554 0 515 44 43 516 974 974 -1
7555 0 32 33 31 31 974 974 -1
7556 0 32 6 31 4 974 974 -1
7557 0 32 74 31 72 974 974 -1
7558 0 71 33 31 70 974 974 -1
7559 0 71 6 70 4 974 974 -1
7560 0 71 74 70 72 974 974 -1
7561 0 5 33 31 4 974 974 -1
7562 0 5 6 4 4 974 974 -1
7563 0 5 74 4 72 974 974 -1
7564 0 10 33 31 9 974 974 -1
7565 0 10 6 4 9 974 974 -1
7566 0 10 74 9 72 974 974 -1
7567 0 503 33 31 502 974 974 -1
7568 0 503 6 4 502 974 974 -1
7569 0 503 74 502 72 974 974 -1
7570 0 42 33 31 41 974 974 -1
7571 0 42 6 4 41 974 974 -1
7572 0 42 74 41 72 974 974 -1
7573 0 516 33 31 515 974 974 -1
7574 0 516 6 4 515 974 974 -1
7575 0 516 74 515 72 974 974 -1
7576 0 12 33 31 11 974 974 -1
7577 0 12 6 4 11 974 974 -1
7578 0 12 74 11 72 974 974 -1
7579 0 73 33 31 72 974 974 -1
7580 0 73 6 4 72 974 974 -1
7581 0 73 74 72 72 974 974 -1
7582 0 392 33 31 391 974 974 -1
7583 0 392 6 4 391 974 974 -1
7584 0 392 74 72 391 974 974 -1
7585 0 8 6 4 7 974 974 -1
7586 0 4 10 9 5 974 974 -1
7587 0 409 10 9 410 974 974 -1
7588 0 391 10 9 392 974 974 -1
7589 0 375 385 384 376 974 974 -1
7590 0 375 385 384 376 974 974 -1
7591 0 70 394 393 71 974 974 -1
7592 0 502 394 393 503 974 974 -1
7593 0 375 394 393 376 974 974 -1
7594 0 375 394 393 376 974 974 -1
7595 0 46 394 393 47 974 974 -1
7596 0 70 387 386 71 974 974 -1
7597 0 502 387 386 503 974 974 -1
7598 0 515 387 386 516 974 974 -1
7599 0 67 387 386 68 974 974 -1
7600 0 72 88 229 73 974 974 -1
7601 0 375 88 229 376 974 974 -1
7602 0 375 88 229 376 974 974 -1
7603 0 375 57 53 376 974 974 -1
7604 0 375 57 53 376 974 974 -1
7605 0 375 40 39 376 974 974 -1
7606 0 375 40 39 376 974 974 -1
7607 0 14 40 39 15 974 974 -1
7608 0 295 40 39 296 974 974 -1
7609 0 295 40 39 296 974 974 -1
7610 0 67 40 39 68 974 974 -1
7611 0 70 21 20 71 974 974 -1
7612 0 502 21 20 503 974 974 -1
7613 0 515 21 20 516 974 974 -1
7614 0 70 129 128 71 974 974 -1
7615 0 502 129 128 503 974 974 -1
7616 0 515 129 128 516 974 974 -1
7617 0 11 341 340 12 974 974 -1
7618 0 375 341 340 376 974 974 -1
7619 0 375 341 340 376 974 974 -1
7620 0 14 341 340 15 974 974 -1
7621 0 70 47 46 71 974 974 -1
7622 0 502 47 46 503 974 974 -1
7623 0 515 47 46 516 974 974 -1
7624 0 391 21 20 392 974 974 -1
7625 0 375 21 20 376 974 974 -1
7626 0 375 21 20 376 974 974 -1
7627 0 14 21 20 15 974 974 -1
7628 0 70 296 295 71 974 974 -1
7629 0 502 296 295 503 974 974 -1
7630 0 515 296 295 516 974 974 -1
7631 0 72 296 295 73 974 974 -1
7632 0 391 296 295 392 974 974 -1
7633 0 375 296 295 376 974 974 -1
7634 0 375 296 295 376 974 974 -1
7635 0 46 296 295 47 974 974 -1
7636 0 14 59 55 15 974 974 -1
7637 0 238 32 31 112 974 974 -1
7638 0 263 32 31 264 974 974 -1
7639 0 257 32 31 102 974 974 -1
7640 0 14 29 28 15 974 974 -1
7641 0 515 71 70 516 974 974 -1
7642 0 70 5 4 71 974 974 -1
7643 0 502 5 4 503 974 974 -1
7644 0 515 5 4 516 974 974 -1
7645 0 11 5 4 12 974 974 -1
7646 0 409 5 4 410 974 974 -1
7647 0 72 5 4 73 974 974 -1
7648 0 391 5 4 392 974 974 -1
7649 0 34 5 4 35 974 974 -1
7650 0 52 5 4 56 974 974 -1
7651 0 423 5 4 424 974 974 -1
7652 0 423 5 4 424 974 974 -1
7653 0 273 5 4 274 974 974 -1
7654 0 506 5 4 507 974 974 -1
7655 0 506 5 4 507 974 974 -1
7656 0 63 5 4 64 974 974 -1
7657 0 375 5 4 376 974 974 -1
7658 0 375 5 4 376 974 974 -1
7659 0 379 5 4 380 974 974 -1
7660 0 14 5 4 15 974 974 -1
7661 0 17 5 4 18 974 974 -1
7662 0 411 5 4 412 974 974 -1
7663 0 411 5 4 412 974 974 -1
7664 0 459 5 4 460 974 974 -1
7665 0 413 5 4 414 974 974 -1
7666 0 384 5 4 385 974 974 -1
7667 0 400 5 4 401 974 974 -1
7668 0 400 5 4 401 974 974 -1
7669 0 398 5 4 399 974 974 -1
7670 0 393 5 4 394 974 974 -1
7671 0 396 5 4 397 974 974 -1
7672 0 396 5 4 397 974 974 -1
7673 0 386 5 4 387 974 974 -1
7674 0 386 5 4 387 974 974 -1
7675 0 230 5 4 36 974 974 -1
7676 0 230 5 4 36 974 974 -1
7677 0 234 5 4 107 974 974 -1
7678 0 108 5 4 109 974 974 -1
7679 0 232 5 4 233 974 974 -1
7680 0 20 5 4 21 974 974 -1
7681 0 295 5 4 296 974 974 -1
7682 0 295 5 4 296 974 974 -1
7683 0 433 5 4 434 974 974 -1
7684 0 433 5 4 434 974 974 -1
7685 0 375 350 349 376 974 974 -1
7686 0 375 350 349 376 974 974 -1
7687 0 67 350 349 68 974 974 -1
7688 0 375 355 354 376 974 974 -1
7689 0 375 355 354 376 974 974 -1
7690 0 515 503 502 516 974 974 -1
7691 0 70 42 41 71 974 974 -1
7692 0 502 42 41 503 974 974 -1
7693 0 34 42 41 35 974 974 -1
7694 0 268 42 41 269 974 974 -1
7695 0 268 42 41 269 974 974 -1
7696 0 37 42 41 38 974 974 -1
7697 0 229 42 41 88 974 974 -1
7698 0 229 42 41 88 974 974 -1
7699 0 53 42 41 57 974 974 -1
7700 0 53 42 41 57 974 974 -1
7701 0 20 42 41 21 974 974 -1
7702 0 340 42 41 341 974 974 -1
7703 0 65 42 41 66 974 974 -1
7704 0 70 12 11 71 974 974 -1
7705 0 375 12 11 376 974 974 -1
7706 0 14 12 11 15 974 974 -1
7707 0 53 12 11 57 974 974 -1
7708 0 53 12 11 57 974 974 -1
7709 0 20 12 11 21 974 974 -1
7710 0 65 12 11 66 974 974 -1
7711 0 377 12 11 378 974 974 -1
7712 0 377 12 11 378 974 974 -1
7713 0 67 12 11 68 974 974 -1
7714 0 391 410 409 392 974 974 -1
7715 0 70 73 72 71 974 974 -1
7716 0 502 73 72 503 974 974 -1
7717 0 515 73 72 516 974 974 -1
7718 0 391 73 72 392 974 974 -1
7719 0 375 289 48 376 974 974 -1
7720 0 375 289 48 376 974 974 -1
7721 0 70 68 67 71 974 974 -1
7722 0 502 68 67 503 974 974 -1
7723 0 515 68 67 516 974 974 -1
7724 0 391 68 67 392 974 974 -1
7725 0 375 68 67 376 974 974 -1
7726 0 375 68 67 376 974 974 -1
7727 0 441 5 4 442 974 974 -1
7728 0 65 5 4 66 974 974 -1
7729 0 415 5 4 416 974 974 -1
7730 0 415 5 4 416 974 974 -1
7731 0 491 5 4 403 974 974 -1
7732 0 491 5 4 403 974 974 -1
7733 0 487 5 4 488 974 974 -1
7734 0 121 5 4 122 974 974 -1
7735 0 123 5 4 124 974 974 -1
7736 0 125 5 4 126 974 974 -1
7737 0 54 5 4 58 974 974 -1
7738 0 291 5 4 292 974 974 -1
7739 0 291 5 4 292 974 974 -1
7740 0 364 5 4 299 974 974 -1
7741 0 364 5 4 299 974 974 -1
7742 0 67 5 4 68 974 974 -1
7743 0 492 5 4 493 974 974 -1
7744 0 284 5 4 239 974 974 -1
7745 0 285 5 4 286 974 974 -1
7746 0 285 5 4 286 974 974 -1
7747 0 418 5 4 419 974 974 -1
7748 0 140 5 4 141 974 974 -1
7749 0 142 5 4 143 974 974 -1
7750 0 472 5 4 473 974 974 -1
7751 0 160 5 4 161 974 974 -1
7752 0 177 5 4 178 974 974 -1
7753 0 327 5 4 328 974 974 -1
7754 0 194 5 4 195 974 974 -1
7755 0 210 5 4 211 974 974 -1
7756 0 332 5 4 333 974 974 -1
7757 0 257 5 4 102 974 974 -1
7758 0 75 5 4 76 974 974 -1
7759 0 375 73 72 376 974 974 -1
7760 0 375 73 72 376 974 974 -1
7761 0 400 73 72 401 974 974 -1
7762 0 400 73 72 401 974 974 -1
7763 0 67 73 72 68 974 974 -1
7764 0 70 392 391 71 974 974 -1
7765 0 502 392 391 503 974 974 -1
7766 0 515 392 391 516 974 974 -1
7767 0 31 35 34 32 974 974 -1
7768 0 375 35 34 376 974 974 -1
7769 0 375 35 34 376 974 974 -1
7770 0 70 56 52 71 974 974 -1
7771 0 502 56 52 503 974 974 -1
7772 0 515 56 52 516 974 974 -1
7773 0 391 56 52 392 974 974 -1
7774 0 375 56 52 376 974 974 -1
7775 0 375 56 52 376 974 974 -1
7776 0 31 269 268 32 974 974 -1
7777 0 4 269 268 5 974 974 -1
7778 0 11 269 268 12 974 974 -1
7779 0 72 269 268 73 974 974 -1
7780 0 34 269 268 35 974 974 -1
7781 0 52 269 268 56 974 974 -1
7782 0 72 44 43 73 974 974 -1
7783 0 34 44 43 35 974 974 -1
7784 0 52 44 43 56 974 974 -1
7785 0 268 44 43 269 974 974 -1
7786 0 37 44 43 38 974 974 -1
7787 0 63 44 43 64 974 974 -1
7788 0 375 44 43 376 974 974 -1
7789 0 375 44 43 376 974 974 -1
7790 0 14 44 43 15 974 974 -1
7791 0 17 44 43 18 974 974 -1
7792 0 229 44 43 88 974 974 -1
7793 0 229 44 43 88 974 974 -1
7794 0 53 44 43 57 974 974 -1
7795 0 53 44 43 57 974 974 -1
7796 0 39 44 43 40 974 974 -1
7797 0 340 44 43 341 974 974 -1
7798 0 65 44 43 66 974 974 -1
7799 0 67 44 43 68 974 974 -1
7800 0 70 376 375 71 974 974 -1
7801 0 502 376 375 503 974 974 -1
7802 0 515 376 375 516 974 974 -1
7803 0 391 376 375 392 974 974 -1
7804 0 70 15 14 71 974 974 -1
7805 0 502 15 14 503 974 974 -1
7806 0 515 15 14 516 974 974 -1
7807 0 391 15 14 392 974 974 -1
7808 0 375 15 14 376 974 974 -1
7809 0 375 15 14 376 974 974 -1
7810 0 295 15 14 296 974 974 -1
7811 0 295 15 14 296 974 974 -1
7812 0 65 15 14 66 974 974 -1
7813 0 377 15 14 378 974 974 -1
7814 0 377 15 14 378 974 974 -1
7815 0 67 15 14 68 974 974 -1
7816 0 14 18 17 15 974 974 -1
7817 0 70 58 54 71 974 974 -1
7818 0 502 58 54 503 974 974 -1
7819 0 515 58 54 516 974 974 -1
7820 0 375 58 54 376 974 974 -1
7821 0 375 58 54 376 974 974 -1
7822 0 70 289 48 71 974 974 -1
7823 0 502 289 48 503 974 974 -1
7824 0 515 289 48 516 974 974 -1
7825 0 391 289 48 392 974 974 -1
7826 0 375 66 65 376 974 974 -1
7827 0 375 66 65 376 974 974 -1
7828 0 46 66 65 47 974 974 -1
7829 0 67 383 382 68 974 974 -1
7830 0 14 389 388 15 974 974 -1
7831 0 70 90 89 71 974 974 -1
7832 0 502 90 89 503 974 974 -1
7833 0 515 90 89 516 974 974 -1
7834 0 375 90 89 376 974 974 -1
7835 0 375 90 89 376 974 974 -1
7836 0 48 90 89 289 974 974 -1
7837 0 131 90 89 132 974 974 -1
7838 0 235 90 89 501 974 974 -1
7839 0 235 90 89 500 974 974 -1
7840 0 93 90 89 94 974 974 -1
7841 0 91 90 89 92 974 974 -1
7842 0 67 90 89 68 974 974 -1
7843 0 46 90 89 47 974 974 -1
7844 0 295 90 89 296 974 974 -1
7845 0 295 90 89 296 974 974 -1
7846 0 391 90 89 392 974 974 -1
7847 0 379 32 31 380 974 974 -1
7848 0 400 32 31 401 974 974 -1
7849 0 400 32 31 401 974 974 -1
7850 0 52 32 31 56 974 974 -1
7851 0 398 32 31 399 974 974 -1
7852 0 396 32 31 397 974 974 -1
7853 0 396 32 31 397 974 974 -1
7854 0 386 32 31 387 974 974 -1
7855 0 386 32 31 387 974 974 -1
7856 0 234 32 31 107 974 974 -1
7857 0 232 32 31 233 974 974 -1
7858 0 53 32 31 57 974 974 -1
7859 0 53 32 31 57 974 974 -1
7860 0 295 32 31 296 974 974 -1
7861 0 295 32 31 296 974 974 -1
7862 0 46 32 31 47 974 974 -1
7863 0 433 32 31 434 974 974 -1
7864 0 433 32 31 434 974 974 -1
7865 0 382 32 31 383 974 974 -1
7866 0 382 32 31 383 974 974 -1
7867 0 405 32 31 406 974 974 -1
7868 0 121 32 31 122 974 974 -1
7869 0 123 32 31 124 974 974 -1
7870 0 54 32 31 58 974 974 -1
7871 0 48 32 31 289 974 974 -1
7872 0 67 32 31 68 974 974 -1
7873 0 432 32 31 464 974 974 -1
7874 0 432 32 31 464 974 974 -1
7875 0 407 32 31 484 974 974 -1
7876 0 91 32 31 92 974 974 -1
7877 0 140 32 31 141 974 974 -1
7878 0 375 269 268 376 974 974 -1
7879 0 375 269 268 376 974 974 -1
7880 0 14 269 268 15 974 974 -1
7881 0 39 269 268 40 974 974 -1
7882 0 340 269 268 341 974 974 -1
7883 0 46 269 268 47 974 974 -1
7884 0 48 269 268 289 974 974 -1
7885 0 52 38 37 56 974 974 -1
7886 0 63 38 37 64 974 974 -1
7887 0 17 38 37 18 974 974 -1
7888 0 229 38 37 88 974 974 -1
7889 0 229 38 37 88 974 974 -1
7890 0 53 38 37 57 974 974 -1
7891 0 53 38 37 57 974 974 -1
7892 0 20 38 37 21 974 974 -1
7893 0 295 38 37 296 974 974 -1
7894 0 295 38 37 296 974 974 -1
7895 0 65 38 37 66 974 974 -1
7896 0 48 38 37 289 974 974 -1
7897 0 67 38 37 68 974 974 -1
7898 0 55 38 37 59 974 974 -1
7899 0 34 8 7 35 974 974 -1
7900 0 52 8 7 56 974 974 -1
7901 0 268 8 7 269 974 974 -1
7902 0 268 8 7 269 974 974 -1
7903 0 37 8 7 38 974 974 -1
7904 0 67 21 20 68 974 974 -1
7905 0 89 59 55 90 974 974 -1
7906 0 67 59 55 68 974 974 -1
7907 0 479 32 31 480 974 974 -1
7908 0 479 32 31 480 974 974 -1
7909 0 131 32 31 132 974 974 -1
7910 0 251 32 31 95 974 974 -1
7911 0 248 32 31 115 974 974 -1
7912 0 249 32 31 98 974 974 -1
7913 0 275 5 4 276 974 974 -1
7914 0 275 5 4 276 974 974 -1
7915 0 52 42 41 56 974 974 -1
7916 0 17 42 41 18 974 974 -1
7917 0 295 42 41 296 974 974 -1
7918 0 295 42 41 296 974 974 -1
7919 0 48 42 41 289 974 974 -1
7920 0 46 12 11 47 974 974 -1
7921 0 91 5 4 92 974 974 -1
7922 0 490 5 4 465 974 974 -1
7923 0 31 90 89 32 974 974 -1
7924 0 20 10 9 21 974 974 -1
7925 0 295 10 9 296 974 974 -1
7926 0 295 10 9 296 974 974 -1
7927 0 388 10 9 389 974 974 -1
7928 0 388 10 9 389 974 974 -1
7929 0 118 10 9 119 974 974 -1
7930 0 4 40 39 5 974 974 -1
7931 0 11 40 39 12 974 974 -1
7932 0 20 40 39 21 974 974 -1
7933 0 55 40 39 59 974 974 -1
7934 0 72 341 340 73 974 974 -1
7935 0 20 341 340 21 974 974 -1
7936 0 67 341 340 68 974 974 -1
7937 0 295 59 55 296 974 974 -1
7938 0 295 59 55 296 974 974 -1
7939 0 382 59 55 383 974 974 -1
7940 0 382 59 55 383 974 974 -1
7941 0 67 94 93 68 974 974 -1
7942 0 93 32 31 94 974 974 -1
7943 0 235 32 31 501 974 974 -1
7944 0 51 32 31 266 974 974 -1
7945 0 96 32 31 97 974 974 -1
7946 0 32 133 31 134 974 974 -1
7947 0 17 12 11 18 974 974 -1
7948 0 295 12 11 296 974 974 -1
7949 0 295 12 11 296 974 974 -1
7950 0 131 5 4 132 974 974 -1
7951 0 145 5 4 146 974 974 -1
7952 0 391 58 54 392 974 974 -1
7953 0 46 58 54 47 974 974 -1
7954 0 495 58 54 111 974 974 -1
7955 0 91 58 54 92 974 974 -1
7956 0 72 289 48 73 974 974 -1
7957 0 63 8 7 64 974 974 -1
7958 0 375 8 7 376 974 974 -1
7959 0 375 8 7 376 974 974 -1
7960 0 14 8 7 15 974 974 -1
7961 0 17 8 7 18 974 974 -1
7962 0 229 8 7 88 974 974 -1
7963 0 229 8 7 88 974 974 -1
7964 0 53 8 7 57 974 974 -1
7965 0 53 8 7 57 974 974 -1
7966 0 20 8 7 21 974 974 -1
7967 0 295 8 7 296 974 974 -1
7968 0 295 8 7 296 974 974 -1
7969 0 46 8 7 47 974 974 -1
7970 0 89 8 7 90 974 974 -1
7971 0 93 10 9 94 974 974 -1
7972 0 96 10 9 97 974 974 -1
7973 0 78 5 4 79 974 974 -1
7974 0 216 5 4 217 974 974 -1
7975 0 34 10 9 35 974 974 -1
7976 0 52 10 9 56 974 974 -1
7977 0 7 10 9 8 974 974 -1
7978 0 43 10 9 44 974 974 -1
7979 0 14 10 9 15 974 974 -1
7980 0 39 10 9 40 974 974 -1
7981 0 89 10 9 90 974 974 -1
7982 0 72 21 20 73 974 974 -1
7983 0 34 21 20 35 974 974 -1
7984 0 52 21 20 56 974 974 -1
7985 0 229 21 20 88 974 974 -1
7986 0 229 21 20 88 974 974 -1
7987 0 53 21 20 57 974 974 -1
7988 0 53 21 20 57 974 974 -1
7989 0 295 21 20 296 974 974 -1
7990 0 295 21 20 296 974 974 -1
7991 0 46 21 20 47 974 974 -1
7992 0 63 42 41 64 974 974 -1
7993 0 65 21 20 66 974 974 -1
7994 0 48 21 20 289 974 974 -1
7995 0 67 296 295 68 974 974 -1
7996 0 48 59 55 289 974 974 -1
7997 0 93 59 55 94 974 974 -1
7998 0 51 59 55 266 974 974 -1
7999 0 91 94 93 92 974 974 -1
8000 0 404 5 4 483 974 974 -1
8001 0 375 42 41 376 974 974 -1
8002 0 375 42 41 376 974 974 -1
8003 0 39 42 41 40 974 974 -1
8004 0 55 42 41 59 974 974 -1
8005 0 51 42 41 266 974 974 -1
8006 0 34 12 11 35 974 974 -1
8007 0 404 73 72 483 974 974 -1
8008 0 229 5 4 88 974 974 -1
8009 0 229 5 4 88 974 974 -1
8010 0 53 5 4 57 974 974 -1
8011 0 53 5 4 57 974 974 -1
8012 0 14 42 41 15 974 974 -1
8013 0 46 42 41 47 974 974 -1
8014 0 382 42 41 383 974 974 -1
8015 0 382 42 41 383 974 974 -1
8016 0 55 12 11 59 974 974 -1
8017 0 51 12 11 266 974 974 -1
8018 0 67 410 409 68 974 974 -1
8019 0 407 5 4 484 974 974 -1
8020 0 55 5 4 59 974 974 -1
8021 0 375 18 17 376 974 974 -1
8022 0 375 18 17 376 974 974 -1
8023 0 39 8 7 40 974 974 -1
8024 0 67 276 275 68 974 974 -1
8025 0 67 10 9 68 974 974 -1
8026 0 258 32 31 259 974 974 -1
8027 0 180 5 4 181 974 974 -1
8028 0 65 35 34 66 974 974 -1
8029 0 51 15 14 266 974 974 -1
8030 0 48 18 17 289 974 974 -1
8031 0 67 18 17 68 974 974 -1
8032 0 183 90 89 184 974 974 -1
8033 0 166 90 89 167 974 974 -1
8034 0 53 66 65 57 974 974 -1
8035 0 53 66 65 57 974 974 -1
8036 0 295 66 65 296 974 974 -1
8037 0 295 66 65 296 974 974 -1
8038 0 67 66 65 68 974 974 -1
8039 0 375 64 63 376 974 974 -1
8040 0 375 64 63 376 974 974 -1
8041 0 31 15 14 32 974 974 -1
8042 0 48 8 7 289 974 974 -1
8043 0 438 5 4 439 974 974 -1
8044 0 438 5 4 439 974 974 -1
8045 0 405 5 4 406 974 974 -1
8046 0 48 5 4 289 974 974 -1
8047 0 497 5 4 499 974 974 -1
8048 0 128 5 4 129 974 974 -1
8049 0 128 5 4 129 974 974 -1
8050 0 408 5 4 485 974 974 -1
8051 0 96 5 4 97 974 974 -1
8052 0 238 5 4 112 974 974 -1
8053 0 248 5 4 115 974 974 -1
8054 0 14 64 63 15 974 974 -1
8055 0 55 10 9 59 974 974 -1
8056 0 93 8 7 94 974 974 -1
8057 0 55 8 7 59 974 974 -1
8058 0 46 5 4 47 974 974 -1
8059 0 72 350 349 73 974 974 -1
8060 0 67 42 41 68 974 974 -1
8061 0 52 12 11 56 974 974 -1
8062 0 63 12 11 64 974 974 -1
8063 0 229 12 11 88 974 974 -1
8064 0 229 12 11 88 974 974 -1
8065 0 382 12 11 383 974 974 -1
8066 0 382 12 11 383 974 974 -1
8067 0 48 12 11 289 974 974 -1
8068 0 52 289 48 56 974 974 -1
8069 0 251 5 4 95 974 974 -1
8070 0 51 5 4 266 974 974 -1
8071 0 235 5 4 501 974 974 -1
8072 0 235 5 4 500 974 974 -1
8073 0 93 5 4 94 974 974 -1
8074 0 72 56 52 73 974 974 -1
8075 0 46 56 52 47 974 974 -1
8076 0 67 56 52 68 974 974 -1
8077 0 295 44 43 296 974 974 -1
8078 0 295 44 43 296 974 974 -1
8079 0 46 44 43 47 974 974 -1
8080 0 382 44 43 383 974 974 -1
8081 0 382 44 43 383 974 974 -1
8082 0 72 64 63 73 974 974 -1
8083 0 72 15 14 73 974 974 -1
8084 0 72 18 17 73 974 974 -1
8085 0 34 18 17 35 974 974 -1
8086 0 52 18 17 56 974 974 -1
8087 0 229 18 17 88 974 974 -1
8088 0 229 18 17 88 974 974 -1
8089 0 53 18 17 57 974 974 -1
8090 0 53 18 17 57 974 974 -1
8091 0 20 18 17 21 974 974 -1
8092 0 295 18 17 296 974 974 -1
8093 0 295 18 17 296 974 974 -1
8094 0 46 18 17 47 974 974 -1
8095 0 65 18 17 66 974 974 -1
8096 0 248 90 89 115 974 974 -1
8097 0 148 90 89 149 974 974 -1
8098 0 72 66 65 73 974 974 -1
8099 0 52 66 65 56 974 974 -1
8100 0 53 289 48 57 974 974 -1
8101 0 53 289 48 57 974 974 -1
8102 0 46 289 48 47 974 974 -1
8103 0 67 289 48 68 974 974 -1
8104 0 46 68 67 47 974 974 -1
8105 0 89 5 4 90 974 974 -1
8106 0 495 5 4 111 974 974 -1
8107 0 428 5 4 429 974 974 -1
8108 0 432 5 4 464 974 974 -1
8109 0 432 5 4 464 974 974 -1
8110 0 496 5 4 498 974 974 -1
8111 0 61 5 4 345 974 974 -1
8112 0 61 5 4 345 974 974 -1
8113 0 468 5 4 469 974 974 -1
8114 0 468 5 4 469 974 974 -1
8115 0 479 5 4 480 974 974 -1
8116 0 479 5 4 480 974 974 -1
8117 0 253 5 4 254 974 974 -1
8118 0 5 133 4 134 974 974 -1
8119 0 148 5 4 149 974 974 -1
8120 0 163 5 4 164 974 974 -1
8121 0 258 5 4 259 974 974 -1
8122 0 166 5 4 167 974 974 -1
8123 0 249 5 4 98 974 974 -1
8124 0 183 5 4 184 974 974 -1
8125 0 197 5 4 198 974 974 -1
8126 0 263 5 4 264 974 974 -1
8127 0 200 5 4 201 974 974 -1
8128 0 213 5 4 214 974 974 -1
8129 0 46 73 72 47 974 974 -1
8130 0 131 73 72 132 974 974 -1
8131 0 72 35 34 73 974 974 -1
8132 0 52 35 34 56 974 974 -1
8133 0 46 35 34 47 974 974 -1
8134 0 11 44 43 12 974 974 -1
8135 0 20 44 43 21 974 974 -1
8136 0 48 44 43 289 974 974 -1
8137 0 20 64 63 21 974 974 -1
8138 0 48 64 63 289 974 974 -1
8139 0 67 64 63 68 974 974 -1
8140 0 52 15 14 56 974 974 -1
8141 0 53 15 14 57 974 974 -1
8142 0 53 15 14 57 974 974 -1
8143 0 46 15 14 47 974 974 -1
8144 0 48 15 14 289 974 974 -1
8145 0 32 130 31 128 974 974 -1
8146 0 32 147 31 145 974 974 -1
8147 0 32 165 31 163 974 974 -1
8148 0 32 182 31 180 974 974 -1
8149 0 32 199 31 197 974 974 -1
8150 0 32 215 31 213 974 974 -1
8151 0 32 80 31 78 974 974 -1
8152 0 47 33 31 46 974 974 -1
8153 0 47 74 72 46 974 974 -1
8154 0 47 13 11 46 974 974 -1
8155 0 10 13 9 11 974 974 -1
8156 0 5 13 4 11 974 974 -1
8157 0 71 13 70 11 974 974 -1
8158 0 73 13 11 72 974 974 -1
8159 0 503 13 502 11 974 974 -1
8160 0 516 13 515 11 974 974 -1
8161 0 47 270 268 46 974 974 -1
8162 0 10 270 9 268 974 974 -1
8163 0 5 270 4 268 974 974 -1
8164 0 71 270 70 268 974 974 -1
8165 0 73 270 72 268 974 974 -1
8166 0 503 270 502 268 974 974 -1
8167 0 516 270 515 268 974 974 -1
8168 0 47 19 17 46 974 974 -1
8169 0 10 19 9 17 974 974 -1
8170 0 5 19 4 17 974 974 -1
8171 0 71 19 70 17 974 974 -1
8172 0 73 19 72 17 974 974 -1
8173 0 503 19 502 17 974 974 -1
8174 0 516 19 515 17 974 974 -1
8175 0 47 130 46 128 974 974 -1
8176 0 10 130 9 128 974 974 -1
8177 0 5 130 4 128 974 974 -1
8178 0 71 130 70 128 974 974 -1
8179 0 73 130 72 128 974 974 -1
8180 0 503 130 502 128 974 974 -1
8181 0 516 130 515 128 974 974 -1
8182 0 47 144 46 142 974 974 -1
8183 0 10 144 9 142 974 974 -1
8184 0 5 144 4 142 974 974 -1
8185 0 71 144 70 142 974 974 -1
8186 0 73 144 72 142 974 974 -1
8187 0 503 144 502 142 974 974 -1
8188 0 516 144 515 142 974 974 -1
8189 0 47 147 46 145 974 974 -1
8190 0 10 147 9 145 974 974 -1
8191 0 5 147 4 145 974 974 -1
8192 0 71 147 70 145 974 974 -1
8193 0 73 147 72 145 974 974 -1
8194 0 503 147 502 145 974 974 -1
8195 0 516 147 515 145 974 974 -1
8196 0 47 162 46 160 974 974 -1
8197 0 10 162 9 160 974 974 -1
8198 0 5 162 4 160 974 974 -1
8199 0 71 162 70 160 974 974 -1
8200 0 73 162 72 160 974 974 -1
8201 0 503 162 502 160 974 974 -1
8202 0 516 162 515 160 974 974 -1
8203 0 47 165 46 163 974 974 -1
8204 0 10 165 9 163 974 974 -1
8205 0 5 165 4 163 974 974 -1
8206 0 71 165 70 163 974 974 -1
8207 0 73 165 72 163 974 974 -1
8208 0 503 165 502 163 974 974 -1
8209 0 516 165 515 163 974 974 -1
8210 0 47 179 46 177 974 974 -1
8211 0 10 179 9 177 974 974 -1
8212 0 5 179 4 177 974 974 -1
8213 0 71 179 70 177 974 974 -1
8214 0 73 179 72 177 974 974 -1
8215 0 503 179 502 177 974 974 -1
8216 0 516 179 515 177 974 974 -1
8217 0 47 182 46 180 974 974 -1
8218 0 10 182 9 180 974 974 -1
8219 0 5 182 4 180 974 974 -1
8220 0 71 182 70 180 974 974 -1
8221 0 73 182 72 180 974 974 -1
8222 0 503 182 502 180 974 974 -1
8223 0 516 182 515 180 974 974 -1
8224 0 47 196 46 194 974 974 -1
8225 0 10 196 9 194 974 974 -1
8226 0 5 196 4 194 974 974 -1
8227 0 71 196 70 194 974 974 -1
8228 0 73 196 72 194 974 974 -1
8229 0 503 196 502 194 974 974 -1
8230 0 516 196 515 194 974 974 -1
8231 0 47 199 46 197 974 974 -1
8232 0 10 199 9 197 974 974 -1
8233 0 5 199 4 197 974 974 -1
8234 0 71 199 70 197 974 974 -1
8235 0 73 199 72 197 974 974 -1
8236 0 503 199 502 197 974 974 -1
8237 0 516 199 515 197 974 974 -1
8238 0 47 212 46 210 974 974 -1
8239 0 10 212 9 210 974 974 -1
8240 0 5 212 4 210 974 974 -1
8241 0 71 212 70 210 974 974 -1
8242 0 73 212 72 210 974 974 -1
8243 0 503 212 502 210 974 974 -1
8244 0 516 212 515 210 974 974 -1
8245 0 47 215 46 213 974 974 -1
8246 0 10 215 9 213 974 974 -1
8247 0 5 215 4 213 974 974 -1
8248 0 71 215 70 213 974 974 -1
8249 0 73 215 72 213 974 974 -1
8250 0 503 215 502 213 974 974 -1
8251 0 516 215 515 213 974 974 -1
8252 0 47 77 46 75 974 974 -1
8253 0 10 77 9 75 974 974 -1
8254 0 5 77 4 75 974 974 -1
8255 0 71 77 70 75 974 974 -1
8256 0 73 77 72 75 974 974 -1
8257 0 503 77 502 75 974 974 -1
8258 0 516 77 515 75 974 974 -1
8259 0 47 80 46 78 974 974 -1
8260 0 10 80 9 78 974 974 -1
8261 0 5 80 4 78 974 974 -1
8262 0 71 80 70 78 974 974 -1
8263 0 73 80 72 78 974 974 -1
8264 0 503 80 502 78 974 974 -1
8265 0 516 80 515 78 974 974 -1
8266 0 32 77 31 75 974 974 -1
8267 0 32 120 31 118 974 974 -1
8268 0 47 120 46 118 974 974 -1
8269 0 10 120 9 118 974 974 -1
8270 0 5 120 4 118 974 974 -1
8271 0 71 120 70 118 974 974 -1
8272 0 73 120 72 118 974 974 -1
8273 0 503 120 502 118 974 974 -1
8274 0 516 120 515 118 974 974 -1
8275 0 149 33 31 148 974 974 -1
8276 0 149 6 4 148 974 974 -1
8277 0 149 13 11 148 974 974 -1
8278 0 149 74 72 148 974 974 -1
8279 0 149 270 268 148 974 974 -1
8280 0 149 19 17 148 974 974 -1
8281 0 149 130 128 148 974 974 -1
8282 0 149 144 142 148 974 974 -1
8283 0 149 147 145 148 974 974 -1
8284 0 149 162 160 148 974 974 -1
8285 0 149 165 148 163 974 974 -1
8286 0 149 179 148 177 974 974 -1
8287 0 149 182 148 180 974 974 -1
8288 0 149 196 148 194 974 974 -1
8289 0 149 199 148 197 974 974 -1
8290 0 149 212 148 210 974 974 -1
8291 0 149 215 148 213 974 974 -1
8292 0 149 77 148 75 974 974 -1
8293 0 149 80 148 78 974 974 -1
8294 0 149 120 118 148 974 974 -1
8295 0 201 33 31 200 974 974 -1
8296 0 201 6 4 200 974 974 -1
8297 0 201 13 11 200 974 974 -1
8298 0 201 74 72 200 974 974 -1
8299 0 201 270 268 200 974 974 -1
8300 0 201 19 17 200 974 974 -1
8301 0 201 130 128 200 974 974 -1
8302 0 201 144 142 200 974 974 -1
8303 0 201 147 145 200 974 974 -1
8304 0 201 162 160 200 974 974 -1
8305 0 201 165 163 200 974 974 -1
8306 0 201 179 177 200 974 974 -1
8307 0 201 182 180 200 974 974 -1
8308 0 201 196 194 200 974 974 -1
8309 0 201 199 197 200 974 974 -1
8310 0 201 212 210 200 974 974 -1
8311 0 201 215 200 213 974 974 -1
8312 0 201 77 200 75 974 974 -1
8313 0 201 80 200 78 974 974 -1
8314 0 201 120 118 200 974 974 -1
8315 0 29 33 31 28 974 974 -1
8316 0 29 6 28 4 974 974 -1
8317 0 29 13 28 11 974 974 -1
8318 0 29 74 28 72 974 974 -1
8319 0 29 270 28 268 974 974 -1
8320 0 29 19 28 17 974 974 -1
8321 0 29 130 28 128 974 974 -1
8322 0 29 144 28 142 974 974 -1
8323 0 29 147 28 145 974 974 -1
8324 0 29 162 28 160 974 974 -1
8325 0 29 165 28 163 974 974 -1
8326 0 29 179 28 177 974 974 -1
8327 0 29 182 28 180 974 974 -1
8328 0 29 196 28 194 974 974 -1
8329 0 29 199 28 197 974 974 -1
8330 0 29 212 28 210 974 974 -1
8331 0 29 215 28 213 974 974 -1
8332 0 29 77 28 75 974 974 -1
8333 0 29 80 28 78 974 974 -1
8334 0 29 120 28 118 974 974 -1
8335 0 27 33 31 26 974 974 -1
8336 0 27 6 4 26 974 974 -1
8337 0 27 13 11 26 974 974 -1
8338 0 27 74 72 26 974 974 -1
8339 0 27 270 26 268 974 974 -1
8340 0 27 19 26 17 974 974 -1
8341 0 27 130 26 128 974 974 -1
8342 0 27 144 26 142 974 974 -1
8343 0 27 147 26 145 974 974 -1
8344 0 27 162 26 160 974 974 -1
8345 0 27 165 26 163 974 974 -1
8346 0 27 179 26 177 974 974 -1
8347 0 27 182 26 180 974 974 -1
8348 0 27 196 26 194 974 974 -1
8349 0 27 199 26 197 974 974 -1
8350 0 27 212 26 210 974 974 -1
8351 0 27 215 26 213 974 974 -1
8352 0 27 77 26 75 974 974 -1
8353 0 27 80 26 78 974 974 -1
8354 0 27 120 26 118 974 974 -1
8355 0 410 33 31 409 974 974 -1
8356 0 410 6 4 409 974 974 -1
8357 0 410 13 11 409 974 974 -1
8358 0 410 74 409 72 974 974 -1
8359 0 410 270 409 268 974 974 -1
8360 0 410 19 409 17 974 974 -1
8361 0 410 130 409 128 974 974 -1
8362 0 410 144 409 142 974 974 -1
8363 0 410 147 409 145 974 974 -1
8364 0 410 162 409 160 974 974 -1
8365 0 410 165 409 163 974 974 -1
8366 0 410 179 409 177 974 974 -1
8367 0 410 182 409 180 974 974 -1
8368 0 410 196 409 194 974 974 -1
8369 0 410 199 409 197 974 974 -1
8370 0 410 212 409 210 974 974 -1
8371 0 410 215 409 213 974 974 -1
8372 0 410 77 409 75 974 974 -1
8373 0 410 80 409 78 974 974 -1
8374 0 410 120 409 118 974 974 -1
8375 0 392 13 11 391 974 974 -1
8376 0 392 270 391 268 974 974 -1
8377 0 392 19 391 17 974 974 -1
8378 0 392 130 391 128 974 974 -1
8379 0 392 144 391 142 974 974 -1
8380 0 392 147 391 145 974 974 -1
8381 0 392 162 391 160 974 974 -1
8382 0 392 165 391 163 974 974 -1
8383 0 392 179 391 177 974 974 -1
8384 0 392 182 391 180 974 974 -1
8385 0 392 196 391 194 974 974 -1
8386 0 392 199 391 197 974 974 -1
8387 0 392 212 391 210 974 974 -1
8388 0 392 215 391 213 974 974 -1
8389 0 392 77 391 75 974 974 -1
8390 0 392 80 391 78 974 974 -1
8391 0 392 120 391 118 974 974 -1
8392 0 387 33 31 386 974 974 -1
8393 0 387 6 4 386 974 974 -1
8394 0 387 13 11 386 974 974 -1
8395 0 387 74 72 386 974 974 -1
8396 0 387 270 268 386 974 974 -1
8397 0 387 19 17 386 974 974 -1
8398 0 387 130 386 128 974 974 -1
8399 0 387 144 386 142 974 974 -1
8400 0 387 147 386 145 974 974 -1
8401 0 387 162 386 160 974 974 -1
8402 0 387 165 386 163 974 974 -1
8403 0 387 179 386 177 974 974 -1
8404 0 387 182 386 180 974 974 -1
8405 0 387 196 386 194 974 974 -1
8406 0 387 199 386 197 974 974 -1
8407 0 387 212 386 210 974 974 -1
8408 0 387 215 386 213 974 974 -1
8409 0 387 77 386 75 974 974 -1
8410 0 387 80 386 78 974 974 -1
8411 0 387 120 386 118 974 974 -1
8412 0 296 33 31 295 974 974 -1
8413 0 296 6 4 295 974 974 -1
8414 0 296 13 11 295 974 974 -1
8415 0 296 74 72 295 974 974 -1
8416 0 296 270 268 295 974 974 -1
8417 0 296 19 17 295 974 974 -1
8418 0 296 130 295 128 974 974 -1
8419 0 296 144 295 142 974 974 -1
8420 0 296 147 295 145 974 974 -1
8421 0 296 162 295 160 974 974 -1
8422 0 296 165 295 163 974 974 -1
8423 0 296 179 295 177 974 974 -1
8424 0 296 182 295 180 974 974 -1
8425 0 296 196 295 194 974 974 -1
8426 0 296 199 295 197 974 974 -1
8427 0 296 212 295 210 974 974 -1
8428 0 296 215 295 213 974 974 -1
8429 0 296 77 295 75 974 974 -1
8430 0 296 80 295 78 974 974 -1
8431 0 296 120 295 118 974 974 -1
8432 0 347 33 31 346 974 974 -1
8433 0 347 6 4 346 974 974 -1
8434 0 347 13 11 346 974 974 -1
8435 0 347 74 72 346 974 974 -1
8436 0 347 270 268 346 974 974 -1
8437 0 347 19 17 346 974 974 -1
8438 0 347 130 346 128 974 974 -1
8439 0 347 144 346 142 974 974 -1
8440 0 347 147 346 145 974 974 -1
8441 0 347 162 346 160 974 974 -1
8442 0 347 165 346 163 974 974 -1
8443 0 347 179 346 177 974 974 -1
8444 0 347 182 346 180 974 974 -1
8445 0 347 196 346 194 974 974 -1
8446 0 347 199 346 197 974 974 -1
8447 0 347 212 346 210 974 974 -1
8448 0 347 215 346 213 974 974 -1
8449 0 347 77 346 75 974 974 -1
8450 0 347 80 346 78 974 974 -1
8451 0 347 120 346 118 974 974 -1
8452 0 442 33 31 441 974 974 -1
8453 0 442 6 4 441 974 974 -1
8454 0 442 13 11 441 974 974 -1
8455 0 442 74 72 441 974 974 -1
8456 0 442 270 268 441 974 974 -1
8457 0 442 19 17 441 974 974 -1
8458 0 442 130 441 128 974 974 -1
8459 0 442 144 441 142 974 974 -1
8460 0 442 147 441 145 974 974 -1
8461 0 442 162 441 160 974 974 -1
8462 0 442 165 441 163 974 974 -1
8463 0 442 179 441 177 974 974 -1
8464 0 442 182 441 180 974 974 -1
8465 0 442 196 441 194 974 974 -1
8466 0 442 199 441 197 974 974 -1
8467 0 442 212 441 210 974 974 -1
8468 0 442 215 441 213 974 974 -1
8469 0 442 77 441 75 974 974 -1
8470 0 442 80 441 78 974 974 -1
8471 0 442 120 441 118 974 974 -1
8472 0 289 33 31 48 974 974 -1
8473 0 289 6 4 48 974 974 -1
8474 0 289 13 11 48 974 974 -1
8475 0 289 74 72 48 974 974 -1
8476 0 289 270 268 48 974 974 -1
8477 0 289 19 17 48 974 974 -1
8478 0 289 130 48 128 974 974 -1
8479 0 289 144 48 142 974 974 -1
8480 0 289 147 48 145 974 974 -1
8481 0 289 162 48 160 974 974 -1
8482 0 289 165 48 163 974 974 -1
8483 0 289 179 48 177 974 974 -1
8484 0 289 182 48 180 974 974 -1
8485 0 289 196 48 194 974 974 -1
8486 0 289 199 48 197 974 974 -1
8487 0 289 212 48 210 974 974 -1
8488 0 289 215 48 213 974 974 -1
8489 0 289 77 48 75 974 974 -1
8490 0 289 80 48 78 974 974 -1
8491 0 289 120 118 48 974 974 -1
8492 0 299 33 31 364 974 974 -1
8493 0 299 6 4 364 974 974 -1
8494 0 299 13 11 364 974 974 -1
8495 0 299 74 72 364 974 974 -1
8496 0 299 270 268 364 974 974 -1
8497 0 299 19 17 364 974 974 -1
8498 0 299 130 364 128 974 974 -1
8499 0 299 144 364 142 974 974 -1
8500 0 299 147 364 145 974 974 -1
8501 0 299 162 364 160 974 974 -1
8502 0 299 165 364 163 974 974 -1
8503 0 299 179 364 177 974 974 -1
8504 0 299 182 364 180 974 974 -1
8505 0 299 196 364 194 974 974 -1
8506 0 299 199 364 197 974 974 -1
8507 0 299 212 364 210 974 974 -1
8508 0 299 215 364 213 974 974 -1
8509 0 299 77 364 75 974 974 -1
8510 0 299 80 364 78 974 974 -1
8511 0 299 120 118 364 974 974 -1
8512 0 132 33 31 131 974 974 -1
8513 0 132 6 4 131 974 974 -1
8514 0 132 13 11 131 974 974 -1
8515 0 132 74 72 131 974 974 -1
8516 0 132 270 268 131 974 974 -1
8517 0 132 19 17 131 974 974 -1
8518 0 132 130 128 131 974 974 -1
8519 0 132 144 142 131 974 974 -1
8520 0 132 147 131 145 974 974 -1
8521 0 132 162 131 160 974 974 -1
8522 0 132 165 131 163 974 974 -1
8523 0 132 179 131 177 974 974 -1
8524 0 132 182 131 180 974 974 -1
8525 0 132 196 131 194 974 974 -1
8526 0 132 199 131 197 974 974 -1
8527 0 132 212 131 210 974 974 -1
8528 0 132 215 131 213 974 974 -1
8529 0 132 77 131 75 974 974 -1
8530 0 132 80 131 78 974 974 -1
8531 0 132 120 118 131 974 974 -1
8532 0 146 33 31 145 974 974 -1
8533 0 146 6 4 145 974 974 -1
8534 0 146 13 11 145 974 974 -1
8535 0 146 74 72 145 974 974 -1
8536 0 146 270 268 145 974 974 -1
8537 0 146 19 17 145 974 974 -1
8538 0 146 130 128 145 974 974 -1
8539 0 146 144 142 145 974 974 -1
8540 0 146 147 145 145 974 974 -1
8541 0 146 162 145 160 974 974 -1
8542 0 146 165 145 163 974 974 -1
8543 0 146 179 145 177 974 974 -1
8544 0 146 182 145 180 974 974 -1
8545 0 146 196 145 194 974 974 -1
8546 0 146 199 145 197 974 974 -1
8547 0 146 212 145 210 974 974 -1
8548 0 146 215 145 213 974 974 -1
8549 0 146 77 145 75 974 974 -1
8550 0 146 80 145 78 974 974 -1
8551 0 146 120 118 145 974 974 -1
8552 0 167 33 31 166 974 974 -1
8553 0 167 6 4 166 974 974 -1
8554 0 167 13 11 166 974 974 -1
8555 0 167 74 72 166 974 974 -1
8556 0 167 270 268 166 974 974 -1
8557 0 167 19 17 166 974 974 -1
8558 0 167 130 128 166 974 974 -1
8559 0 167 144 142 166 974 974 -1
8560 0 167 147 145 166 974 974 -1
8561 0 167 162 160 166 974 974 -1
8562 0 167 165 163 166 974 974 -1
8563 0 167 179 177 166 974 974 -1
8564 0 167 182 166 180 974 974 -1
8565 0 167 196 166 194 974 974 -1
8566 0 167 199 166 197 974 974 -1
8567 0 167 212 166 210 974 974 -1
8568 0 167 215 166 213 974 974 -1
8569 0 167 77 166 75 974 974 -1
8570 0 167 80 166 78 974 974 -1
8571 0 167 120 118 166 974 974 -1
8572 0 181 33 31 180 974 974 -1
8573 0 181 6 4 180 974 974 -1
8574 0 181 13 11 180 974 974 -1
8575 0 181 74 72 180 974 974 -1
8576 0 181 270 268 180 974 974 -1
8577 0 181 19 17 180 974 974 -1
8578 0 181 130 128 180 974 974 -1
8579 0 181 144 142 180 974 974 -1
8580 0 181 147 145 180 974 974 -1
8581 0 181 162 160 180 974 974 -1
8582 0 181 165 163 180 974 974 -1
8583 0 181 179 177 180 974 974 -1
8584 0 181 182 180 180 974 974 -1
8585 0 181 196 180 194 974 974 -1
8586 0 181 199 180 197 974 974 -1
8587 0 181 212 180 210 974 974 -1
8588 0 181 215 180 213 974 974 -1
8589 0 181 77 180 75 974 974 -1
8590 0 181 80 180 78 974 974 -1
8591 0 181 120 118 180 974 974 -1
8592 0 184 33 31 183 974 974 -1
8593 0 184 6 4 183 974 974 -1
8594 0 184 13 11 183 974 974 -1
8595 0 184 74 72 183 974 974 -1
8596 0 184 270 268 183 974 974 -1
8597 0 184 19 17 183 974 974 -1
8598 0 184 130 128 183 974 974 -1
8599 0 184 144 142 183 974 974 -1
8600 0 184 147 145 183 974 974 -1
8601 0 184 162 160 183 974 974 -1
8602 0 184 165 163 183 974 974 -1
8603 0 184 179 177 183 974 974 -1
8604 0 184 182 180 183 974 974 -1
8605 0 184 196 194 183 974 974 -1
8606 0 184 199 183 197 974 974 -1
8607 0 184 212 183 210 974 974 -1
8608 0 184 215 183 213 974 974 -1
8609 0 184 77 183 75 974 974 -1
8610 0 184 80 183 78 974 974 -1
8611 0 184 120 118 183 974 974 -1
8612 0 214 33 31 213 974 974 -1
8613 0 214 6 4 213 974 974 -1
8614 0 214 13 11 213 974 974 -1
8615 0 214 74 72 213 974 974 -1
8616 0 214 270 268 213 974 974 -1
8617 0 214 19 17 213 974 974 -1
8618 0 214 130 128 213 974 974 -1
8619 0 214 144 142 213 974 974 -1
8620 0 214 147 145 213 974 974 -1
8621 0 214 162 160 213 974 974 -1
8622 0 214 165 163 213 974 974 -1
8623 0 214 179 177 213 974 974 -1
8624 0 214 182 180 213 974 974 -1
8625 0 214 196 194 213 974 974 -1
8626 0 214 199 197 213 974 974 -1
8627 0 214 212 210 213 974 974 -1
8628 0 214 215 213 213 974 974 -1
8629 0 214 77 213 75 974 974 -1
8630 0 214 80 213 78 974 974 -1
8631 0 214 120 118 213 974 974 -1
8632 0 32 110 31 108 974 974 -1
8633 0 5 81 4 82 974 974 -1
8634 0 78 10 9 79 974 974 -1
8635 0 75 10 9 76 974 974 -1
8636 0 78 32 31 79 974 974 -1
8637 0 478 32 31 421 974 974 -1
8638 0 435 5 4 422 974 974 -1
8639 0 363 5 4 360 974 974 -1
8640 0 363 5 4 360 974 974 -1
8641 0 494 5 4 111 974 974 -1
8642 0 431 5 4 448 974 974 -1
8643 0 431 5 4 448 974 974 -1
8644 0 478 5 4 421 974 974 -1
8645 0 420 5 4 456 974 974 -1
8646 0 420 5 4 456 974 974 -1
8647 0 317 5 4 318 974 974 -1
8648 0 494 58 54 111 974 974 -1
8649 0 7 5 4 8 974 974 -1
8650 0 230 32 31 36 974 974 -1
8651 0 138 32 31 139 974 974 -1
8652 0 125 32 31 126 974 974 -1
8653 0 210 32 31 211 974 974 -1
8654 0 494 32 31 111 974 974 -1
8655 0 495 32 31 111 974 974 -1
8656 0 31 88 229 32 974 974 -1
8657 0 52 88 229 56 974 974 -1
8658 0 268 5 4 269 974 974 -1
8659 0 273 32 31 274 974 974 -1
8660 0 275 73 72 276 974 974 -1
8661 0 295 276 275 296 974 974 -1
8662 0 275 296 295 276 974 974 -1
8663 0 4 42 41 5 974 974 -1
8664 0 31 5 4 32 974 974 -1
8665 0 349 5 4 350 974 974 -1
8666 0 284 32 31 239 974 974 -1
8667 0 32 175 31 176 974 974 -1
8668 0 32 208 31 209 974 974 -1
8669 0 32 208 31 209 974 974 -1
8670 0 5 388 389 4 974 974 -1
8671 0 5 388 389 4 974 974 -1
8672 0 73 128 4 141 974 974 -1
8673 0 73 128 4 141 974 974 -1
8674 0 73 128 111 273 974 974 -1
8675 0 73 128 111 273 974 974 -1
8676 0 32 84 31 85 974 974 -1
8677 0 32 84 31 85 974 974 -1
8678 0 10 352 9 353 974 974 -1
8679 0 72 90 73 89 974 974 -1
8680 0 32 315 104 31 974 974 -1
8681 0 4 32 56 974 974 974 -1
8682 0 11 32 38 974 974 974 -1
8683 0 7 32 57 974 974 974 -1
8684 0 108 32 126 974 974 974 -1
8685 0 4 5 8 974 974 974 -1
8686 0 4 5 8 974 974 974 -1
8687 0 7 516 519 974 974 974 -1
8688 0 20 516 520 974 974 974 -1
8689 0 7 410 416 974 974 974 -1
8690 0 7 73 296 974 974 974 -1
8691 0 4 392 483 974 974 974 -1
8692 0 11 392 394 974 974 974 -1
8693 0 7 392 406 974 974 974 -1
8694 0 340 392 489 974 974 974 -1
8695 0 89 392 465 974 974 974 -1
8696 0 55 392 481 974 974 974 -1
8697 0 7 276 308 974 974 974 -1
8698 0 7 376 294 974 974 974 -1
8699 0 7 412 458 974 974 974 -1
8700 0 7 483 484 974 974 974 -1
8701 0 4 109 111 974 974 974 -1
8702 0 20 47 261 974 974 974 -1
8703 0 4 90 92 974 974 974 -1
8704 0 31 31 34 974 974 974 -1
8705 0 31 4 52 974 974 974 -1
8706 0 31 41 268 974 974 974 -1
8707 0 31 41 268 974 974 974 -1
8708 0 31 11 37 974 974 974 -1
8709 0 31 11 37 974 974 974 -1
8710 0 31 11 37 974 974 974 -1
8711 0 31 11 37 974 974 974 -1
8712 0 31 11 37 974 974 974 -1
8713 0 31 7 53 974 974 974 -1
8714 0 4 11 17 974 974 974 -1
8715 0 4 11 17 974 974 974 -1
8716 0 4 11 17 974 974 974 -1
8717 0 4 11 17 974 974 974 -1
8718 0 4 11 17 974 974 974 -1
8719 0 4 11 17 974 974 974 -1
8720 0 4 11 17 974 974 974 -1
8721 0 11 11 14 974 974 974 -1
8722 0 11 386 388 974 974 974 -1
8723 0 72 37 382 974 974 974 -1
8724 0 52 7 54 974 974 974 -1
8725 0 268 229 317 974 974 974 -1
8726 0 268 54 253 974 974 974 -1
8727 0 31 34 108 974 974 974 -1
8728 0 31 108 125 974 974 974 -1
8729 0 4 17 20 974 974 974 -1
8730 0 17 17 23 974 974 974 -1
8731 0 37 90 279 974 974 974 -1
8732 0 7 90 94 974 974 974 -1
8733 0 317 90 152 974 974 974 -1
8734 0 327 90 306 974 974 974 -1
8735 0 332 90 221 974 974 974 -1
8736 0 4 111 499 974 974 974 -1
8737 0 4 111 498 974 974 974 -1
8738 0 37 111 325 974 974 974 -1
8739 0 7 111 500 974 974 974 -1
8740 0 7 111 501 974 974 974 -1
8741 0 89 111 151 974 974 974 -1
8742 0 37 58 256 974 974 974 -1
8743 0 7 58 60 974 974 974 -1
8744 0 20 58 267 974 974 974 -1
8745 0 20 58 267 974 974 974 -1
8746 0 340 58 255 974 974 974 -1
8747 0 340 58 255 974 974 974 -1
8748 0 67 58 260 974 974 974 -1
8749 0 67 58 260 974 974 974 -1
8750 0 317 58 304 974 974 974 -1
8751 0 51 58 265 974 974 974 -1
8752 0 251 58 117 974 974 974 -1
8753 0 327 58 305 974 974 974 -1
8754 0 332 58 206 974 974 974 -1
8755 0 89 343 113 974 974 974 -1
8756 0 89 25 252 974 974 974 -1
8757 0 93 25 99 974 974 974 -1
8758 0 7 464 466 974 974 974 -1
8759 0 7 484 486 974 974 974 -1
8760 0 4 499 501 974 974 974 -1
8761 0 4 499 500 974 974 974 -1
8762 0 4 129 132 974 974 974 -1
8763 0 89 319 155 974 974 974 -1
8764 0 131 501 190 974 974 974 -1
8765 0 131 500 190 974 974 974 -1
8766 0 4 132 134 974 974 974 -1
8767 0 89 132 171 974 974 974 -1
8768 0 89 132 171 974 974 974 -1
8769 0 317 132 306 974 974 974 -1
8770 0 131 132 205 974 974 974 -1
8771 0 327 132 221 974 974 974 -1
8772 0 131 146 220 974 974 974 -1
8773 0 7 161 167 974 974 974 -1
8774 0 20 97 99 974 974 974 -1
8775 0 4 134 135 974 974 974 -1
8776 0 89 134 172 974 974 974 -1
8777 0 89 134 172 974 974 974 -1
8778 0 131 134 207 974 974 974 -1
8779 0 131 149 223 974 974 974 -1
8780 0 131 151 224 974 974 974 -1
8781 0 89 167 205 974 974 974 -1
8782 0 89 167 205 974 974 974 -1
8783 0 4 171 172 974 974 974 -1
8784 0 7 172 174 974 974 974 -1
8785 0 7 172 174 974 974 974 -1
8786 0 75 32 87 974 974 974 -1
8787 0 41 391 398 974 974 974 -1
8788 0 41 391 398 974 974 974 -1
8789 0 41 391 398 974 974 974 -1
8790 0 41 391 398 974 974 974 -1
8791 0 41 391 398 974 974 974 -1
8792 0 4 26 436 974 974 974 -1
8793 0 4 26 436 974 974 974 -1
8794 0 4 26 436 974 974 974 -1
8795 0 4 26 436 974 974 974 -1
8796 0 4 26 436 974 974 974 -1
8797 0 32 26 30 974 974 974 -1
8798 0 32 26 30 974 974 974 -1
8799 0 32 26 30 974 974 974 -1
8800 0 32 26 30 974 974 974 -1
8801 0 4 28 506 974 974 974 -1
8802 0 4 28 506 974 974 974 -1
8803 0 4 28 506 974 974 974 -1
8804 0 4 28 506 974 974 974 -1
8805 0 4 28 506 974 974 974 -1
8806 0 4 235 248 974 974 974 -1
8807 0 4 41 63 974 974 974 -1
8808 0 4 41 63 974 974 974 -1
8809 0 4 41 63 974 974 974 -1
8810 0 4 41 63 974 974 974 -1
8811 0 4 41 63 974 974 974 -1
8812 0 4 41 63 974 974 974 -1
8813 0 4 41 63 974 974 974 -1
8814 0 4 41 63 974 974 974 -1
8815 0 31 33 34 3 974 974 -1
8816 0 4 33 52 3 974 974 -1
8817 0 41 33 268 3 974 974 -1
8818 0 11 33 37 3 974 974 -1
8819 0 52 33 229 3 974 974 -1
8820 0 7 33 53 3 974 974 -1
8821 0 63 33 340 3 974 974 -1
8822 0 14 33 39 3 974 974 -1
8823 0 17 33 46 3 974 974 -1
8824 0 53 33 89 3 974 974 -1
8825 0 20 33 48 3 974 974 -1
8826 0 31 6 52 3 974 974 -1
8827 0 4 6 7 3 974 974 -1
8828 0 41 6 63 3 974 974 -1
8829 0 11 6 17 3 974 974 -1
8830 0 34 6 229 3 974 974 -1
8831 0 52 6 53 3 974 974 -1
8832 0 268 6 340 3 974 974 -1
8833 0 37 6 46 3 974 974 -1
8834 0 63 6 65 3 974 974 -1
8835 0 17 6 20 3 974 974 -1
8836 0 229 6 89 3 974 974 -1
8837 0 53 6 54 3 974 974 -1
8838 0 46 6 48 3 974 974 -1
8839 0 65 6 67 3 974 974 -1
8840 0 54 6 55 3 974 974 -1
8841 0 31 13 37 3 974 974 -1
8842 0 4 13 17 3 974 974 -1
8843 0 41 13 375 3 974 974 -1
8844 0 11 13 14 3 974 974 -1
8845 0 52 13 46 3 974 974 -1
8846 0 37 13 39 3 974 974 -1
8847 0 7 13 20 3 974 974 -1
8848 0 53 13 48 3 974 974 -1
8849 0 31 74 273 3 974 974 -1
8850 0 4 74 275 3 974 974 -1
8851 0 41 74 379 3 974 974 -1
8852 0 11 74 386 3 974 974 -1
8853 0 37 74 382 3 974 974 -1
8854 0 14 74 388 3 974 974 -1
8855 0 4 270 340 3 974 974 -1
8856 0 54 270 253 3 974 974 -1
8857 0 31 19 46 3 974 974 -1
8858 0 4 19 20 3 974 974 -1
8859 0 52 19 48 3 974 974 -1
8860 0 54 19 51 3 974 974 -1
8861 0 4 130 131 3 974 974 -1
8862 0 31 130 145 3 974 974 -1
8863 0 4 144 145 3 974 974 -1
8864 0 31 144 160 3 974 974 -1
8865 0 4 147 148 3 974 974 -1
8866 0 31 147 163 3 974 974 -1
8867 0 4 162 163 3 974 974 -1
8868 0 31 162 177 3 974 974 -1
8869 0 4 165 166 3 974 974 -1
8870 0 31 165 180 3 974 974 -1
8871 0 4 179 180 3 974 974 -1
8872 0 31 179 194 3 974 974 -1
8873 0 31 182 197 3 974 974 -1
8874 0 4 182 183 3 974 974 -1
8875 0 4 196 197 3 974 974 -1
8876 0 31 196 210 3 974 974 -1
8877 0 31 199 213 3 974 974 -1
8878 0 4 212 213 3 974 974 -1
8879 0 31 212 75 3 974 974 -1
8880 0 31 215 78 3 974 974 -1
8881 0 4 77 78 3 974 974 -1
8882 0 41 147 327 3 974 974 -1
8883 0 41 182 332 3 974 974 -1
8884 0 41 215 337 3 974 974 -1
8885 0 34 144 177 3 974 974 -1
8886 0 108 144 194 3 974 974 -1
8887 0 125 144 210 3 974 974 -1
8888 0 142 144 75 3 974 974 -1
8889 0 34 162 194 3 974 974 -1
8890 0 108 162 210 3 974 974 -1
8891 0 125 162 75 3 974 974 -1
8892 0 34 179 210 3 974 974 -1
8893 0 108 179 75 3 974 974 -1
8894 0 34 196 75 3 974 974 -1
8895 0 4 199 200 3 974 974 -1
8896 0 4 215 216 3 974 974 -1
8897 0 31 77 86 3 974 974 -1
8898 0 4 120 317 3 974 974 -1
8899 0 31 120 138 3 974 974 -1
8900 0 41 144 157 3 974 974 -1
8901 0 41 179 191 3 974 974 -1
8902 0 41 212 226 3 974 974 -1
8903 0 4 80 81 3 974 974 -1
8904 0 41 110 118 3 974 974 -1
8905 0 4 110 495 3 974 974 -1
8906 0 31 110 125 3 974 974 -1
8907 0 4 127 128 3 974 974 -1
8908 0 31 127 142 3 974 974 -1
8909 0 41 127 138 3 974 974 -1
8910 0 41 162 175 3 974 974 -1
8911 0 31 3 33 974 974 974 -1
8912 0 4 3 6 974 974 974 -1
8913 0 11 3 13 974 974 974 -1
8914 0 72 3 74 974 974 974 -1
8915 0 452 3 4 417 974 974 -1
8916 0 452 3 31 431 974 974 -1
8917 0 452 3 52 232 974 974 -1
8918 0 456 3 4 423 7 974 -1
8919 0 456 3 7 433 974 974 -1
8920 0 456 3 409 54 974 974 -1
8921 0 465 3 7 491 974 974 -1
8922 0 465 3 4 432 974 974 -1
8923 0 469 3 391 495 974 974 -1
8924 0 469 3 391 494 974 974 -1
8925 0 469 3 4 492 974 974 -1
8926 0 473 3 34 491 974 974 -1
8927 0 473 3 31 492 974 974 -1
8928 0 480 3 7 435 974 974 -1
8929 0 480 3 4 478 974 974 -1
8930 0 485 3 7 405 974 974 -1
8931 0 485 3 4 407 974 974 -1
8932 0 254 3 4 7 230 974 -1
8933 0 254 3 53 340 974 974 -1
8934 0 254 3 268 54 974 974 -1
8935 0 254 3 4 284 974 974 -1
8936 0 256 3 37 54 974 974 -1
8937 0 256 3 4 285 974 974 -1
8938 0 256 3 53 37 4 974 -1
8939 0 94 3 4 4 89 974 -1
8940 0 94 3 7 89 974 974 -1
8941 0 94 3 4 91 974 974 -1
8942 0 94 3 4 7 229 974 -1
8943 0 94 3 31 55 974 974 -1
8944 0 94 3 52 54 974 974 -1
8945 0 94 3 53 53 974 974 -1
8946 0 319 3 229 349 974 974 -1
8947 0 319 3 4 342 974 974 -1
8948 0 319 3 4 339 974 974 -1
8949 0 319 3 4 317 974 974 -1
8950 0 319 3 4 351 974 974 -1
8951 0 319 3 229 340 974 974 -1
8952 0 501 3 52 89 974 974 -1
8953 0 501 3 7 495 974 974 -1
8954 0 501 3 4 497 974 974 -1
8955 0 501 3 4 496 974 974 -1
8956 0 501 3 7 494 974 974 -1
8957 0 501 3 7 4 108 974 -1
8958 0 500 3 52 89 974 974 -1
8959 0 500 3 7 494 974 974 -1
8960 0 500 3 4 496 974 974 -1
8961 0 500 3 4 497 974 974 -1
8962 0 500 3 7 495 974 974 -1
8963 0 500 3 7 4 108 974 -1
8964 0 500 3 4 4 495 974 -1
8965 0 500 3 4 4 494 974 -1
8966 0 132 3 4 128 974 974 -1
8967 0 132 3 229 229 974 974 -1
8968 0 146 3 31 128 974 974 -1
8969 0 146 3 4 142 974 974 -1
8970 0 158 3 34 118 974 974 -1
8971 0 161 3 34 125 974 974 -1
8972 0 161 3 31 142 974 974 -1
8973 0 161 3 108 108 974 974 -1
8974 0 261 3 4 7 39 974 -1
8975 0 261 3 4 61 974 974 -1
8976 0 242 3 268 7 7 974 -1
8977 0 242 3 53 65 974 974 -1
8978 0 242 3 4 7 340 974 -1
8979 0 242 3 4 240 974 974 -1
8980 0 266 3 17 54 974 974 -1
8981 0 266 3 7 48 974 974 -1
8982 0 60 3 7 54 974 974 -1
8983 0 60 3 4 55 974 974 -1
8984 0 60 3 4 4 54 974 -1
8985 0 60 3 4 7 53 974 -1
8986 0 60 3 52 7 7 974 -1
8987 0 279 3 37 89 974 974 -1
8988 0 279 3 4 4 121 974 -1
8989 0 279 3 229 4 37 974 -1
8990 0 314 3 229 340 974 974 -1
8991 0 314 3 268 89 974 974 -1
8992 0 314 3 4 342 974 974 -1
8993 0 314 3 4 339 974 974 -1
8994 0 314 3 4 317 974 974 -1
8995 0 314 3 4 351 974 974 -1
8996 0 324 3 52 118 974 974 -1
8997 0 324 3 268 494 974 974 -1
8998 0 324 3 4 138 974 974 -1
8999 0 325 3 37 495 974 974 -1
9000 0 325 3 37 494 974 974 -1
9001 0 325 3 52 121 974 974 -1
9002 0 326 3 229 234 974 974 -1
9003 0 326 3 52 123 974 974 -1
9004 0 326 3 4 140 974 974 -1
9005 0 326 3 494 273 974 974 -1
9006 0 326 3 128 72 974 974 -1
9007 0 374 3 349 65 974 974 -1
9008 0 374 3 4 372 974 974 -1
9009 0 450 3 411 89 974 974 -1
9010 0 450 3 4 7 232 974 -1
9011 0 450 3 7 431 974 974 -1
9012 0 453 3 423 495 974 974 -1
9013 0 453 3 423 494 974 974 -1
9014 0 453 3 229 232 974 974 -1
9015 0 453 3 52 417 974 974 -1
9016 0 453 3 4 418 974 974 -1
9017 0 457 3 4 7 433 974 -1
9018 0 457 3 4 420 974 974 -1
9019 0 457 3 409 55 974 974 -1
9020 0 466 3 7 432 974 974 -1
9021 0 466 3 4 490 974 974 -1
9022 0 470 3 7 492 974 974 -1
9023 0 470 3 4 468 974 974 -1
9024 0 475 3 52 492 974 974 -1
9025 0 475 3 4 472 974 974 -1
9026 0 481 3 7 478 974 974 -1
9027 0 481 3 4 479 974 974 -1
9028 0 486 3 7 407 974 974 -1
9029 0 486 3 4 408 974 974 -1
9030 0 255 3 4 4 284 974 -1
9031 0 255 3 4 253 974 974 -1
9032 0 255 3 349 54 974 974 -1
9033 0 255 3 340 54 974 974 -1
9034 0 95 3 46 54 974 974 -1
9035 0 95 3 4 4 285 974 -1
9036 0 95 3 7 285 974 974 -1
9037 0 97 3 7 7 229 974 -1
9038 0 97 3 4 7 89 974 -1
9039 0 97 3 7 91 974 974 -1
9040 0 97 3 4 93 974 974 -1
9041 0 112 3 4 7 118 974 -1
9042 0 112 3 7 317 974 974 -1
9043 0 115 3 4 235 974 974 -1
9044 0 115 3 53 89 974 974 -1
9045 0 115 3 229 54 974 974 -1
9046 0 115 3 4 4 497 974 -1
9047 0 115 3 4 4 496 974 -1
9048 0 134 3 4 131 974 974 -1
9049 0 134 3 229 89 974 974 -1
9050 0 134 3 4 4 128 974 -1
9051 0 134 3 53 494 974 974 -1
9052 0 149 3 7 142 974 974 -1
9053 0 149 3 4 145 974 974 -1
9054 0 149 3 52 128 974 974 -1
9055 0 328 3 268 128 974 974 -1
9056 0 328 3 229 118 974 974 -1
9057 0 328 3 4 157 974 974 -1
9058 0 164 3 31 145 974 974 -1
9059 0 164 3 4 160 974 974 -1
9060 0 178 3 108 125 974 974 -1
9061 0 178 3 34 142 974 974 -1
9062 0 259 3 65 54 974 974 -1
9063 0 259 3 7 240 974 974 -1
9064 0 267 3 4 7 48 974 -1
9065 0 267 3 20 54 974 974 -1
9066 0 267 3 4 17 54 974 -1
9067 0 267 3 4 53 20 974 -1
9068 0 267 3 4 51 974 974 -1
9069 0 280 3 52 317 974 974 -1
9070 0 280 3 230 89 974 974 -1
9071 0 280 3 268 496 974 974 -1
9072 0 370 3 4 371 974 974 -1
9073 0 370 3 4 37 67 974 -1
9074 0 370 3 20 287 974 974 -1
9075 0 370 3 7 7 381 974 -1
9076 0 370 3 65 48 974 974 -1
9077 0 451 3 409 93 974 974 -1
9078 0 451 3 7 7 232 974 -1
9079 0 451 3 4 7 431 974 -1
9080 0 35 3 31 31 974 974 -1
9081 0 511 3 31 28 974 974 -1
9082 0 30 3 31 26 974 974 -1
9083 0 56 3 31 4 974 974 -1
9084 0 513 3 28 11 974 974 -1
9085 0 269 3 31 41 974 974 -1
9086 0 38 3 31 11 974 974 -1
9087 0 424 3 31 409 974 974 -1
9088 0 274 3 31 72 974 974 -1
9089 0 8 3 4 4 974 974 -1
9090 0 507 3 28 4 974 974 -1
9091 0 437 3 4 26 974 974 -1
9092 0 447 3 4 9 974 974 -1
9093 0 276 3 4 72 974 974 -1
9094 0 44 3 41 41 974 974 -1
9095 0 64 3 4 41 974 974 -1
9096 0 376 3 41 11 974 974 -1
9097 0 380 3 41 72 974 974 -1
9098 0 15 3 11 11 974 974 -1
9099 0 18 3 4 11 974 974 -1
9100 0 412 3 4 409 974 974 -1
9101 0 460 3 41 409 974 974 -1
9102 0 414 3 11 409 974 974 -1
9103 0 385 3 72 72 974 974 -1
9104 0 401 3 31 391 974 974 -1
9105 0 483 3 4 391 974 974 -1
9106 0 399 3 41 391 974 974 -1
9107 0 394 3 11 391 974 974 -1
9108 0 397 3 72 391 974 974 -1
9109 0 482 3 391 26 974 974 -1
9110 0 387 3 11 72 974 974 -1
9111 0 88 3 4 34 974 974 -1
9112 0 88 3 31 52 974 974 -1
9113 0 88 3 31 31 4 974 -1
9114 0 36 3 31 268 974 974 -1
9115 0 36 3 41 34 974 974 -1
9116 0 106 3 31 37 974 974 -1
9117 0 107 3 72 34 974 974 -1
9118 0 107 3 31 273 974 974 -1
9119 0 109 3 31 34 974 974 -1
9120 0 233 3 409 34 974 974 -1
9121 0 233 3 31 423 974 974 -1
9122 0 57 3 31 7 974 974 -1
9123 0 57 3 4 52 974 974 -1
9124 0 57 3 31 4 4 974 -1
9125 0 422 3 391 52 974 974 -1
9126 0 422 3 4 400 974 974 -1
9127 0 271 3 31 268 974 974 -1
9128 0 271 3 41 34 974 974 -1
9129 0 40 3 11 37 974 974 -1
9130 0 509 3 28 4 4 974 -1
9131 0 509 3 4 506 974 974 -1
9132 0 426 3 4 4 26 974 -1
9133 0 426 3 4 436 974 974 -1
9134 0 21 3 11 7 974 974 -1
9135 0 21 3 4 17 974 974 -1
9136 0 21 3 4 4 11 974 -1
9137 0 296 3 4 4 72 974 -1
9138 0 296 3 4 275 974 974 -1
9139 0 296 3 295 974 974 974 -1
9140 0 24 3 4 4 4 974 -1
9141 0 24 3 4 7 974 974 -1
9142 0 341 3 4 268 974 974 -1
9143 0 341 3 4 268 974 974 -1
9144 0 47 3 4 37 974 974 -1
9145 0 434 3 409 52 974 974 -1
9146 0 434 3 4 423 974 974 -1
9147 0 347 3 4 273 974 974 -1
9148 0 347 3 72 52 974 974 -1
9149 0 350 3 4 268 974 974 -1
9150 0 350 3 4 268 974 974 -1
9151 0 355 3 4 375 974 974 -1
9152 0 356 3 4 379 974 974 -1
9153 0 439 3 391 63 974 974 -1
9154 0 439 3 4 398 974 974 -1
9155 0 357 3 4 37 974 974 -1
9156 0 440 3 41 411 974 974 -1
9157 0 440 3 4 459 974 974 -1
9158 0 442 3 11 411 974 974 -1
9159 0 442 3 4 413 974 974 -1
9160 0 444 3 391 17 974 974 -1
9161 0 444 3 4 393 974 974 -1
9162 0 446 3 391 275 974 974 -1
9163 0 446 3 4 396 974 974 -1
9164 0 361 3 4 386 974 974 -1
9165 0 361 3 275 11 974 974 -1
9166 0 361 3 4 72 11 974 -1
9167 0 45 3 4 43 974 974 -1
9168 0 45 3 41 63 974 974 -1
9169 0 519 3 515 7 974 974 -1
9170 0 519 3 4 517 974 974 -1
9171 0 369 3 41 37 974 974 -1
9172 0 66 3 4 4 41 974 -1
9173 0 66 3 4 63 974 974 -1
9174 0 378 3 11 375 974 974 -1
9175 0 22 3 4 14 974 974 -1
9176 0 383 3 72 37 974 974 -1
9177 0 383 3 11 273 974 974 -1
9178 0 383 3 31 386 974 974 -1
9179 0 416 3 409 7 974 974 -1
9180 0 416 3 4 411 974 974 -1
9181 0 360 3 72 275 974 974 -1
9182 0 360 3 4 384 974 974 -1
9183 0 403 3 391 34 974 974 -1
9184 0 403 3 31 400 974 974 -1
9185 0 406 3 4 4 391 974 -1
9186 0 406 3 391 7 974 974 -1
9187 0 406 3 4 404 974 974 -1
9188 0 488 3 391 268 974 974 -1
9189 0 389 3 11 386 974 974 -1
9190 0 454 3 232 89 974 974 -1
9191 0 454 3 7 418 974 974 -1
9192 0 252 3 54 48 974 974 -1
9193 0 252 3 4 7 285 974 -1
9194 0 252 3 4 37 55 974 -1
9195 0 252 3 4 251 974 974 -1
9196 0 101 3 7 93 974 974 -1
9197 0 101 3 4 96 974 974 -1
9198 0 113 3 7 7 118 974 -1
9199 0 113 3 4 7 317 974 -1
9200 0 113 3 4 238 974 974 -1
9201 0 116 3 7 235 974 974 -1
9202 0 116 3 4 248 974 974 -1
9203 0 116 3 235 4 4 974 -1
9204 0 116 3 497 7 4 974 -1
9205 0 116 3 496 7 4 974 -1
9206 0 116 3 89 54 974 974 -1
9207 0 116 3 53 89 4 974 -1
9208 0 135 3 4 7 128 974 -1
9209 0 135 3 7 131 974 974 -1
9210 0 135 3 4 133 974 974 -1
9211 0 135 3 52 7 495 974 -1
9212 0 135 3 52 7 494 974 -1
9213 0 151 3 7 145 974 974 -1
9214 0 151 3 4 148 974 974 -1
9215 0 151 3 229 496 974 974 -1
9216 0 151 3 229 497 974 974 -1
9217 0 167 3 4 4 160 974 -1
9218 0 167 3 7 160 974 974 -1
9219 0 167 3 4 163 974 974 -1
9220 0 167 3 52 145 974 974 -1
9221 0 181 3 31 163 974 974 -1
9222 0 181 3 4 177 974 974 -1
9223 0 192 3 34 157 974 974 -1
9224 0 195 3 34 160 974 974 -1
9225 0 195 3 108 142 974 974 -1
9226 0 260 3 4 7 240 974 -1
9227 0 260 3 4 258 974 974 -1
9228 0 272 3 4 39 54 974 -1
9229 0 272 3 37 51 974 974 -1
9230 0 303 3 53 317 974 974 -1
9231 0 98 3 7 7 285 974 -1
9232 0 98 3 48 55 974 974 -1
9233 0 98 3 7 251 974 974 -1
9234 0 98 3 17 96 974 974 -1
9235 0 304 3 54 317 974 974 -1
9236 0 304 3 4 243 974 974 -1
9237 0 136 3 7 7 128 974 -1
9238 0 136 3 4 7 131 974 -1
9239 0 136 3 52 248 974 974 -1
9240 0 136 3 89 91 974 974 -1
9241 0 136 3 229 93 974 974 -1
9242 0 152 3 4 7 157 974 -1
9243 0 152 3 7 327 974 974 -1
9244 0 154 3 4 7 145 974 -1
9245 0 154 3 7 148 974 974 -1
9246 0 154 3 52 7 128 974 -1
9247 0 169 3 4 4 163 974 -1
9248 0 169 3 7 163 974 974 -1
9249 0 169 3 4 166 974 974 -1
9250 0 169 3 496 494 974 974 -1
9251 0 169 3 495 497 974 974 -1
9252 0 184 3 7 177 974 974 -1
9253 0 184 3 4 180 974 974 -1
9254 0 184 3 52 163 974 974 -1
9255 0 333 3 268 163 974 974 -1
9256 0 333 3 4 191 974 974 -1
9257 0 198 3 31 180 974 974 -1
9258 0 198 3 4 194 974 974 -1
9259 0 211 3 34 177 974 974 -1
9260 0 211 3 108 160 974 974 -1
9261 0 211 3 125 142 974 974 -1
9262 0 264 3 11 54 54 974 -1
9263 0 264 3 48 55 974 974 -1
9264 0 264 3 53 51 974 974 -1
9265 0 310 3 46 51 974 974 -1
9266 0 310 3 4 344 974 974 -1
9267 0 76 3 108 177 974 974 -1
9268 0 76 3 142 142 974 974 -1
9269 0 79 3 4 75 974 974 -1
9270 0 79 3 108 180 974 974 -1
9271 0 79 3 142 145 974 974 -1
9272 0 82 3 4 78 974 974 -1
9273 0 82 3 7 75 974 974 -1
9274 0 82 3 145 145 974 974 -1
9275 0 82 3 52 213 974 974 -1
9276 0 99 3 4 20 93 974 -1
9277 0 99 3 4 7 251 974 -1
9278 0 99 3 4 249 974 974 -1
9279 0 102 3 37 54 54 974 -1
9280 0 102 3 53 251 974 974 -1
9281 0 155 3 7 7 157 974 -1
9282 0 155 3 4 7 327 974 -1
9283 0 156 3 4 244 974 974 -1
9284 0 156 3 89 235 974 974 -1
9285 0 156 3 54 131 974 974 -1
9286 0 171 3 4 7 163 974 -1
9287 0 171 3 7 166 974 974 -1
9288 0 171 3 52 7 145 974 -1
9289 0 185 3 7 191 974 974 -1
9290 0 185 3 4 332 974 974 -1
9291 0 185 3 349 163 974 974 -1
9292 0 187 3 7 180 974 974 -1
9293 0 187 3 4 183 974 974 -1
9294 0 187 3 131 494 974 974 -1
9295 0 187 3 495 131 974 974 -1
9296 0 201 3 7 194 974 974 -1
9297 0 201 3 4 197 974 974 -1
9298 0 201 3 52 180 974 974 -1
9299 0 214 3 31 197 974 974 -1
9300 0 214 3 4 210 974 974 -1
9301 0 227 3 34 191 974 974 -1
9302 0 265 3 11 54 55 974 -1
9303 0 265 3 54 51 974 974 -1
9304 0 265 3 4 263 974 974 -1
9305 0 117 3 54 251 974 974 -1
9306 0 117 3 4 257 974 974 -1
9307 0 137 3 7 7 7 128 -1
9308 0 137 3 55 235 974 974 -1
9309 0 137 3 91 93 974 974 -1
9310 0 137 3 89 96 974 974 -1
9311 0 305 3 54 327 974 974 -1
9312 0 305 3 4 245 974 974 -1
9313 0 172 3 7 7 163 974 -1
9314 0 172 3 4 7 166 974 -1
9315 0 306 3 4 7 191 974 -1
9316 0 306 3 7 332 974 974 -1
9317 0 189 3 4 7 180 974 -1
9318 0 189 3 7 183 974 974 -1
9319 0 189 3 52 7 163 974 -1
9320 0 203 3 7 197 974 974 -1
9321 0 203 3 4 200 974 974 -1
9322 0 203 3 128 131 974 974 -1
9323 0 217 3 7 210 974 974 -1
9324 0 217 3 4 213 974 974 -1
9325 0 217 3 52 197 974 974 -1
9326 0 225 3 268 197 974 974 -1
9327 0 225 3 4 226 974 974 -1
9328 0 190 3 4 7 183 974 -1
9329 0 190 3 4 246 974 974 -1
9330 0 205 3 4 7 197 974 -1
9331 0 205 3 7 200 974 974 -1
9332 0 205 3 52 7 180 974 -1
9333 0 218 3 7 226 974 974 -1
9334 0 218 3 4 337 974 974 -1
9335 0 218 3 349 197 974 974 -1
9336 0 220 3 7 213 974 974 -1
9337 0 220 3 4 216 974 974 -1
9338 0 220 3 131 145 974 974 -1
9339 0 174 3 4 173 974 974 -1
9340 0 174 3 4 7 7 166 -1
9341 0 206 3 54 332 974 974 -1
9342 0 206 3 4 247 974 974 -1
9343 0 207 3 7 7 197 974 -1
9344 0 207 3 4 7 200 974 -1
9345 0 221 3 4 7 226 974 -1
9346 0 221 3 7 337 974 974 -1
9347 0 223 3 4 7 213 974 -1
9348 0 223 3 7 216 974 974 -1
9349 0 223 3 52 7 197 974 -1
9350 0 224 3 7 7 213 974 -1
9351 0 224 3 4 7 216 974 -1
9352 0 32 3 31 974 974 974 -1
9353 0 29 3 28 974 974 974 -1
9354 0 71 3 70 974 974 974 -1
9355 0 5 3 4 974 974 974 -1
9356 0 10 3 9 974 974 974 -1
9357 0 503 3 502 974 974 974 -1
9358 0 42 3 41 974 974 974 -1
9359 0 516 3 515 974 974 974 -1
9360 0 12 3 11 974 974 974 -1
9361 0 73 3 72 974 974 974 -1
9362 0 392 3 391 974 974 974 -1
9363 0 90 3 4 229 974 974 -1
9364 0 90 3 4 4 34 974 -1
9365 0 90 3 52 52 974 974 -1
9366 0 90 3 31 53 974 974 -1
9367 0 90 3 34 7 974 974 -1
9368 0 104 3 31 4 37 974 -1
9369 0 104 3 52 37 974 974 -1
9370 0 104 3 11 229 974 974 -1
9371 0 104 3 4 231 974 974 -1
9372 0 105 3 268 268 974 974 -1
9373 0 105 3 41 230 974 974 -1
9374 0 313 3 52 268 974 974 -1
9375 0 313 3 4 230 974 974 -1
9376 0 111 3 4 108 974 974 -1
9377 0 111 3 34 52 974 974 -1
9378 0 119 3 34 268 974 974 -1
9379 0 122 3 34 37 974 974 -1
9380 0 124 3 34 273 974 974 -1
9381 0 124 3 31 234 974 974 -1
9382 0 124 3 72 108 974 974 -1
9383 0 126 3 34 34 974 974 -1
9384 0 126 3 31 108 974 974 -1
9385 0 421 3 391 53 974 974 -1
9386 0 421 3 7 400 974 974 -1
9387 0 421 3 4 435 974 974 -1
9388 0 58 3 54 974 974 974 -1
9389 0 58 3 31 4 7 974 -1
9390 0 58 3 4 4 52 974 -1
9391 0 58 3 52 7 974 974 -1
9392 0 58 3 4 53 974 974 -1
9393 0 514 3 4 4 510 974 -1
9394 0 343 3 4 4 268 974 -1
9395 0 343 3 4 340 974 974 -1
9396 0 343 3 4 349 974 974 -1
9397 0 289 3 4 4 37 974 -1
9398 0 289 3 4 46 974 974 -1
9399 0 289 3 11 53 974 974 -1
9400 0 289 3 37 7 974 974 -1
9401 0 292 3 291 974 974 974 -1
9402 0 292 3 4 4 273 974 -1
9403 0 292 3 4 346 974 974 -1
9404 0 293 3 4 349 974 974 -1
9405 0 293 3 4 340 974 974 -1
9406 0 293 3 4 4 268 974 -1
9407 0 294 3 7 375 974 974 -1
9408 0 294 3 4 354 974 974 -1
9409 0 427 3 17 411 974 974 -1
9410 0 427 3 4 441 974 974 -1
9411 0 299 3 275 275 974 974 -1
9412 0 299 3 4 363 974 974 -1
9413 0 429 3 17 404 974 974 -1
9414 0 429 3 7 393 974 974 -1
9415 0 25 3 4 4 17 974 -1
9416 0 25 3 4 20 974 974 -1
9417 0 25 3 7 17 974 974 -1
9418 0 25 3 4 11 7 974 -1
9419 0 308 3 4 4 275 974 -1
9420 0 308 3 4 295 974 974 -1
9421 0 308 3 7 275 974 974 -1
9422 0 308 3 7 4 72 974 -1
9423 0 316 3 52 273 974 974 -1
9424 0 316 3 4 234 974 974 -1
9425 0 316 3 229 72 974 974 -1
9426 0 358 3 4 11 37 974 -1
9427 0 358 3 37 17 974 974 -1
9428 0 358 3 4 39 974 974 -1
9429 0 353 3 37 63 974 974 -1
9430 0 353 3 4 381 974 974 -1
9431 0 359 3 273 17 974 974 -1
9432 0 359 3 4 382 974 974 -1
9433 0 445 3 17 393 974 974 -1
9434 0 445 3 4 395 974 974 -1
9435 0 362 3 4 11 386 974 -1
9436 0 362 3 17 386 974 974 -1
9437 0 362 3 4 388 974 974 -1
9438 0 520 3 515 20 974 974 -1
9439 0 520 3 4 518 974 974 -1
9440 0 68 3 4 4 63 974 -1
9441 0 68 3 4 65 974 974 -1
9442 0 448 3 52 423 974 974 -1
9443 0 448 3 4 232 974 974 -1
9444 0 455 3 423 7 974 974 -1
9445 0 455 3 4 433 974 974 -1
9446 0 458 3 7 411 974 974 -1
9447 0 458 3 4 415 974 974 -1
9448 0 461 3 409 65 974 974 -1
9449 0 464 3 391 229 974 974 -1
9450 0 464 3 4 491 974 974 -1
9451 0 493 3 34 400 974 974 -1
9452 0 493 3 31 491 974 974 -1
9453 0 484 3 7 404 974 974 -1
9454 0 484 3 4 405 974 974 -1
9455 0 489 3 52 398 974 974 -1
9456 0 489 3 4 487 974 974 -1
9457 0 443 3 7 398 974 974 -1
9458 0 443 3 4 438 974 974 -1
9459 0 239 3 52 340 974 974 -1
9460 0 239 3 268 53 974 974 -1
9461 0 239 3 4 4 230 974 -1
9462 0 286 3 37 53 974 974 -1
9463 0 92 3 4 4 229 974 -1
9464 0 92 3 4 4 229 974 -1
9465 0 92 3 7 229 974 974 -1
9466 0 92 3 7 229 974 974 -1
9467 0 92 3 4 89 974 974 -1
9468 0 92 3 4 89 974 974 -1
9469 0 92 3 4 34 7 974 -1
9470 0 92 3 4 34 7 974 -1
9471 0 92 3 31 54 974 974 -1
9472 0 92 3 31 54 974 974 -1
9473 0 92 3 52 53 974 974 -1
9474 0 92 3 52 53 974 974 -1
9475 0 499 3 4 4 108 974 -1
9476 0 499 3 7 108 974 974 -1
9477 0 499 3 31 89 974 974 -1
9478 0 499 3 4 495 974 974 -1
9479 0 499 3 52 229 974 974 -1
9480 0 499 3 4 494 974 974 -1
9481 0 498 3 34 53 974 974 -1
9482 0 498 3 4 4 108 974 -1
9483 0 498 3 7 108 974 974 -1
9484 0 498 3 31 89 974 974 -1
9485 0 498 3 4 494 974 974 -1
9486 0 498 3 52 229 974 974 -1
9487 0 498 3 4 495 974 974 -1
9488 0 318 3 34 340 974 974 -1
9489 0 318 3 268 229 974 974 -1
9490 0 318 3 4 118 974 974 -1
9491 0 318 3 4 31 230 974 -1
9492 0 129 3 34 229 974 974 -1
9493 0 129 3 31 495 974 974 -1
9494 0 129 3 4 125 974 974 -1
9495 0 129 3 31 4 108 974 -1
9496 0 129 3 31 494 974 974 -1
9497 0 139 3 34 230 974 974 -1
9498 0 139 3 31 118 974 974 -1
9499 0 139 3 268 108 974 974 -1
9500 0 419 3 34 232 974 974 -1
9501 0 419 3 31 417 974 974 -1
9502 0 141 3 34 234 974 974 -1
9503 0 141 3 273 108 974 974 -1
9504 0 141 3 31 123 974 974 -1
9505 0 143 3 34 108 974 974 -1
9506 0 143 3 31 125 974 974 -1
9507 0 345 3 4 4 39 974 -1
9508 0 59 3 4 4 53 974 -1
9509 0 59 3 4 54 974 974 -1
9510 0 290 3 4 37 7 974 -1
9511 0 290 3 4 4 46 974 -1
9512 0 290 3 4 48 974 974 -1
9513 0 309 3 7 363 974 974 -1
9514 0 309 3 4 364 974 974 -1
9515 0 430 3 4 7 393 974 -1
9516 0 430 3 4 428 974 974 -1
9517 0 321 3 4 121 974 974 -1
9518 0 321 3 37 229 974 974 -1
9519 0 322 3 52 234 974 974 -1
9520 0 322 3 4 123 974 974 -1
9521 0 322 3 273 229 974 974 -1
9522 0 69 3 4 4 65 974 -1
9523 0 69 3 7 65 974 974 -1
9524 0 69 3 4 67 974 974 -1
9525 0 449 3 409 89 974 974 -1
9526 0 449 3 7 232 974 974 -1
9527 0 449 3 4 431 974 974 -1
9528 0 128 3 130 974 974 974 -1
9529 0 142 3 144 974 974 974 -1
9530 0 145 3 147 974 974 974 -1
9531 0 160 3 162 974 974 974 -1
9532 0 163 3 165 974 974 974 -1
9533 0 177 3 179 974 974 974 -1
9534 0 180 3 182 974 974 974 -1
9535 0 194 3 196 974 974 974 -1
9536 0 197 3 199 974 974 974 -1
9537 0 210 3 212 974 974 974 -1
9538 0 213 3 215 974 974 974 -1
9539 0 75 3 77 974 974 974 -1
9540 0 78 3 80 974 974 974 -1
9541 0 118 3 120 974 974 974 -1
9542 0 351 3 4 120 974 974 -1
9543 0 108 3 110 974 974 974 -1
9544 0 125 3 127 974 974 974 -1
9545 0 87 3 34 210 974 974 -1
9546 0 87 3 108 194 974 974 -1
9547 0 87 3 142 160 974 974 -1
9548 0 87 3 125 177 974 974 -1
9549 0 83 3 4 81 974 974 -1
9550 0 83 3 31 4 216 974 -1
9551 0 329 3 4 159 974 974 -1
9552 0 329 3 37 128 974 974 -1
9553 0 334 3 4 193 974 974 -1
9554 0 334 3 37 163 974 974 -1
9555 0 338 3 4 228 974 974 -1
9556 0 338 3 37 197 974 974 -1
9557 0 176 3 268 142 974 974 -1
9558 0 209 3 268 177 974 974 -1
9559 0 85 3 268 210 974 974 -1
9560 0 348 3 43 17 974 974 -1
9561 0 348 3 4 11 43 974 -1
9562 0 103 3 7 96 974 974 -1
9563 0 103 3 4 100 974 974 -1
9564 0 1 3 2 974 974 974 -1
9565 0 2 32 1 31 974 974 -1
9566 0 2 71 1 70 974 974 -1
9567 0 2 5 1 4 974 974 -1
9568 0 2 10 1 9 974 974 -1
9569 0 2 503 1 502 974 974 -1
9570 0 2 42 1 41 974 974 -1
9571 0 2 516 1 515 974 974 -1
9572 0 2 12 1 11 974 974 -1
9573 0 2 73 1 72 974 974 -1
9574 0 2 392 1 391 974 974 -1
9575 0 2 24 1 4 7 974 -1
9576 0 2 47 1 37 4 974 -1
9577 0 277 974 70 4 974 974 -1
9578 0 505 974 504 4 974 974 -1
9579 0 150 974 148 4 974 974 -1
9580 0 168 974 166 4 974 974 -1
9581 0 186 974 183 4 974 974 -1
9582 0 202 974 200 4 974 974 -1
9583 0 219 974 216 4 974 974 -1
9584 0 153 974 148 7 974 974 -1
9585 0 32 153 154 31 974 974 -1
9586 0 32 153 169 4 974 974 -1
9587 0 5 153 151 7 974 974 -1
9588 0 5 153 154 4 974 974 -1
9589 0 24 153 151 7 7 974 -1
9590 0 24 153 156 7 974 974 -1
9591 0 10 153 149 7 9 974 -1
9592 0 10 153 151 4 9 974 -1
9593 0 10 153 499 89 9 974 -1
9594 0 10 153 498 89 9 974 -1
9595 0 170 974 166 7 974 974 -1
9596 0 32 170 171 31 974 974 -1
9597 0 32 170 187 4 974 974 -1
9598 0 5 170 171 4 974 974 -1
9599 0 5 170 169 7 974 974 -1
9600 0 24 170 169 7 7 974 -1
9601 0 24 170 172 7 974 974 -1
9602 0 10 170 167 7 9 974 -1
9603 0 10 170 169 4 9 974 -1
9604 0 10 170 132 89 9 974 -1
9605 0 173 974 170 7 974 974 -1
9606 0 188 974 183 7 974 974 -1
9607 0 32 188 189 31 974 974 -1
9608 0 32 188 203 4 974 974 -1
9609 0 5 188 189 4 974 974 -1
9610 0 5 188 187 7 974 974 -1
9611 0 24 188 190 7 974 974 -1
9612 0 24 188 187 7 7 974 -1
9613 0 10 188 187 4 9 974 -1
9614 0 10 188 149 89 9 974 -1
9615 0 10 188 184 7 9 974 -1
9616 0 204 974 200 7 974 974 -1
9617 0 32 204 205 31 974 974 -1
9618 0 32 204 220 4 974 974 -1
9619 0 5 204 205 4 974 974 -1
9620 0 5 204 203 7 974 974 -1
9621 0 24 204 207 7 974 974 -1
9622 0 24 204 203 7 7 974 -1
9623 0 10 204 203 4 9 974 -1
9624 0 10 204 167 89 9 974 -1
9625 0 10 204 201 7 9 974 -1
9626 0 222 974 216 7 974 974 -1
9627 0 32 222 223 31 974 974 -1
9628 0 5 222 223 4 974 974 -1
9629 0 5 222 220 7 974 974 -1
9630 0 24 222 224 7 974 974 -1
9631 0 24 222 220 7 7 974 -1
9632 0 10 222 220 4 9 974 -1
9633 0 10 222 184 89 9 974 -1
9634 0 10 222 217 7 9 974 -1
9635 0 315 974 52 37 974 974 -1
9636 0 49 974 53 17 974 974 -1
9637 0 50 974 54 11 974 974 -1
9638 0 241 974 7 287 974 974 -1
9639 0 159 974 37 125 974 974 -1
9640 0 175 974 268 142 974 974 -1
9641 0 262 974 48 54 974 974 -1
9642 0 262 974 252 3 974 974 -1
9643 0 193 974 37 160 974 974 -1
9644 0 208 974 268 177 974 974 -1
9645 0 228 974 37 194 974 974 -1
9646 0 84 974 268 210 974 974 -1
9647 0 62 974 17 37 974 974 -1
9648 0 431 974 4 232 974 974 -1
9649 0 287 974 4 340 974 974 -1
9650 0 315 974 37 52 974 974 -1
9651 0 372 974 268 65 974 974 -1
9652 0 49 974 53 17 974 974 -1
9653 0 50 974 54 11 974 974 -1
9654 0 241 974 7 287 974 974 -1
9655 0 159 974 37 125 974 974 -1
9656 0 175 974 268 142 974 974 -1
9657 0 193 974 37 160 974 974 -1
9658 0 262 974 48 54 974 974 -1
9659 0 262 974 252 3 974 974 -1
9660 0 208 974 209 3 974 974 -1
9661 0 208 974 268 177 974 974 -1
9662 0 228 974 37 194 974 974 -1
9663 0 84 974 85 3 974 974 -1
9664 0 84 974 268 210 974 974 -1
9665 0 62 974 17 37 974 974 -1
9666 0 277 974 70 4 974 974 -1
9667 0 505 974 504 4 974 974 -1
9668 0 150 974 148 4 974 974 -1
9669 0 168 974 166 4 974 974 -1
9670 0 186 974 183 4 974 974 -1
9671 0 202 974 200 4 974 974 -1
9672 0 219 974 216 4 974 974 -1
9673 0 153 974 148 7 974 974 -1
9674 0 170 974 166 7 974 974 -1
9675 0 188 974 183 7 974 974 -1
9676 0 204 974 200 7 974 974 -1
9677 0 222 974 216 7 974 974 -1
9678 0 410 3 409 974 974 974 -1
9679 0 331 3 268 145 974 974 -1
9680 0 331 3 4 175 974 974 -1
9681 0 336 3 268 180 974 974 -1
9682 0 336 3 4 208 974 974 -1
9683 0 311 3 268 213 974 974 -1
9684 0 311 3 4 84 974 974 -1
9685 0 2 29 1 28 974 974 -1
9686 0 2 27 1 26 974 974 -1
